"OBJECTID","nom_rio"
27712,"ACEQUIA DE LES FOIES"
27713,"BARRANC DELS TERRERS"
27714,"Tram de_( BARRANC DELS TERRERS )"
27719,"Tram de_( ACEQUIA DE LES FOIES )"
27726,"Tram de_( SIN NOMBRE )"
27734,"BARRANC DE LA FOU"
27748,"Tram de_( BARRANC DE LA FOU )"
27751,"Tram de_( BARRANC DE LA FOU )"
27752,"Tram de_( SIN NOMBRE )"
27753,"BARRANC DE L'AVELLANAR"
27754,"Tram de_( BARRANC DE L'AVELLANAR )"
27789,"Tram de_( SIN NOMBRE )"
27791,"Tram de_( SIN NOMBRE )"
27792,"BARRANC DE LA MARTINENCA"
27794,"Tram de_( BARRANC DE LA MARTINENCA )"
27795,"Tram de_( SIN NOMBRE )"
27796,"BARRANC DEL LLOP"
27797,"Tram de_( BARRANC DEL LLOP )"
27798,"Tram de_( BARRANC DEL LLOP )"
27799,"BARRANC DEL CODONYOL"
27801,"Tram de_( BARRANC DEL CODONYOL )"
27802,"Tram de_( BARRANC DEL CODONYOL )"
27803,"Tram de_( BARRANC DEL CODONYOL )"
27804,"BARRANC DE L'AIGUASSERA"
27805,"Tram de_( BARRANC DE L'AIGUASSERA )"
27806,"Tram de_( SIN NOMBRE )"
27807,"RIO EBRO"
27811,"BARRANC DELS BARCELLES"
27812,"Tram de_( BARRANC DELS BARCELLES )"
27813,"BARRANC DE LA FULLOLA"
27820,"Tram de_( BARRANC DE LA FULLOLA )"
27821,"Tram de_( BARRANC DE LA FULLOLA )"
27823,"Tram de_( BARRANC DE LA FULLOLA )"
27824,"Tram de_( BARRANC DE LA FULLOLA )"
27825,"BARRANC DE L'OMBRIA DE XIRIMINA"
27826,"Tram de_( BARRANC DE L'OMBRIA DE XIRIMINA )"
27828,"BARRANC DE SOLITO"
27829,"Tram de_( BARRANC DE SOLITO )"
27830,"Tram de_( BARRANC DE SOLITO )"
27831,"Tram de_( BARRANC DE SOLITO )"
27833,"BARRANC DE LA GRANADELLA O DE FAVARET"
27834,"BARRANC DEL MAS ROIG"
27835,"Tram de_( BARRANC DEL MAS ROIG )"
27837,"Tram de_( BARRANC DE LA GRANADELLA O DE FAVARET )"
27838,"Tram de_( BARRANC DE LA GRANADELLA O DE FAVARET )"
27839,"BARRANC DE LA FONT DE GRACIA"
27840,"Tram de_( BARRANC DE LA FONT DE GRACIA )"
27841,"Tram de_( BARRANC DE LA FONT DE GRACIA )"
27845,"Tram de_( BARRANC DE LA GRANADELLA O DE FAVARET )"
27846,"BARRANC DELS PIXADORS"
27847,"Tram de_( BARRANC DELS PIXADORS )"
27848,"Tram de_( SIN NOMBRE )"
27849,"Tram de_( BARRANC DELS PIXADORS )"
27850,"BARRANC DEL COLL DE L'ALBA O D'EN PRINCEP"
27851,"Tram de_( BARRANC DEL COLL DE L'ALBA O D'EN PRINCEP )"
27853,"Tram de_( BARRANC DEL COLL DE L'ALBA O D'EN PRINCEP )"
27854,"Tram de_( BARRANC DEL COLL DE L'ALBA O D'EN PRINCEP )"
27856,"BARRANC DE L'ORIOLA O DELS NUVOLS"
27858,"BARRANC DE L'ANTIC"
27859,"Tram de_( BARRANC DE L'ANTIC )"
27862,"Tram de_( BARRANC DE L'ORIOLA O DELS NUVOLS )"
27863,"Tram de_( BARRANC DE L'ORIOLA O DELS NUVOLS )"
27864,"Tram de_( RIO EBRO )"
27865,"Tram de_( SIN NOMBRE )"
27866,"Tram de_( RIO EBRO )"
27867,"Tram de_( RIO EBRO )"
27871,"Tram de_( RIO EBRO )"
27873,"BARRANC DE SOLSO"
27874,"Tram de_( BARRANC DE SOLSO )"
27875,"BARRANC DE LES FOIES"
27876,"BARRANC DE LES FOSSETES"
27877,"Tram de_( BARRANC DE LES FOSSETES )"
27878,"Tram de_( BARRANC DE LES FOIES )"
27879,"BARRANC DEL SASTRE"
27880,"Tram de_( BARRANC DEL SASTRE )"
27881,"Tram de_( BARRANC DEL SASTRE )"
27882,"Tram de_( BARRANC DE LES FOIES )"
27883,"Tram de_( SIN NOMBRE )"
27884,"Tram de_( BARRANC DE LES FOIES )"
27885,"BARRANC DE L'ASTOR"
27886,"Tram de_( BARRANC DE L'ASTOR )"
27887,"BARRANC DE LA POLLA"
27888,"Tram de_( BARRANC DE LA POLLA )"
27889,"BARRANC DEL MASCARAT"
27890,"Tram de_( BARRANC DEL MASCARAT )"
27891,"Tram de_( BARRANC DE LA POLLA )"
27892,"Tram de_( BARRANC DE LA POLLA )"
27893,"Tram de_( SIN NOMBRE )"
27895,"Tram de_( BARRANC DE LA POLLA )"
27896,"BARRANC DE MARCELINA"
27899,"BARRANC DE LES FENOSES"
27900,"Tram de_( BARRANC DE LES FENOSES )"
27901,"Tram de_( BARRANC DE LES FENOSES )"
27902,"Tram de_( BARRANC DE LES FENOSES )"
27905,"BARRANC DE LA GALERA"
27906,"RAMBLA DEL TOLL ROIG"
27909,"Tram de_( RAMBLA DEL TOLL ROIG )"
27911,"Tram de_( RAMBLA DEL TOLL ROIG )"
27914,"BARRANC DEL CARRASCAL"
27915,"Tram de_( BARRANC DEL CARRASCAL )"
27917,"BARRANC DE LES TORRASES O DELS COCONS"
27918,"Tram de_( BARRANC DE LES TORRASES O DELS COCONS )"
27919,"BARRANC DE CAP D'ASENS"
27920,"Tram de_( BARRANC DE CAP D'ASENS )"
27921,"BARRANC DE DAMPANIS"
27922,"Tram de_( BARRANC DE DAMPANIS )"
27923,"Tram de_( BARRANC DE DAMPANIS )"
27924,"BARRANC DE VALLDEBOUS"
27925,"Tram de_( BARRANC DE VALLDEBOUS )"
27928,"Tram de_( BARRANC DE VALLDEBOUS )"
27930,"Tram de_( BARRANC DE VALLDEBOUS )"
27931,"Tram de_( BARRANC DE VALLDEBOUS )"
27932,"Tram de_( BARRANC DE VALLDEBOUS )"
27933,"BARRANC DE MANGRANER"
27934,"Tram de_( BARRANC DE MANGRANER )"
27937,"BARRANC DEL TORRIL"
27938,"Tram de_( BARRANC DEL TORRIL )"
27943,"BARRANC DELS CAIXOLS"
27944,"Tram de_( BARRANC DELS CAIXOLS )"
27946,"BARRANC DE LA CASA GOMIS"
27947,"Tram de_( BARRANC DE LA CASA GOMIS )"
27948,"Tram de_( BARRANC DE LA GALERA )"
27951,"BARRANC DEL REGATXOL"
27952,"Tram de_( BARRANC DEL REGATXOL )"
27953,"Tram de_( BARRANC DEL REGATXOL )"
27954,"BARRANC DE LA GOTELLERA"
27955,"Tram de_( BARRANC DE LA GOTELLERA )"
27956,"Tram de_( BARRANC DE LA GOTELLERA )"
27957,"Tram de_( BARRANC DE LA GALERA )"
27958,"Tram de_( BARRANC DE LA GALERA )"
27959,"Tram de_( BARRANC DE LA GALERA )"
27960,"Tram de_( BARRANC DE LA GALERA )"
27961,"Tram de_( BARRANC DE LA GALERA )"
27962,"Tram de_( BARRANC DE LA GALERA )"
27963,"BARRANC DE LA VALL"
27964,"Tram de_( BARRANC DE LA VALL )"
27966,"BARRANC DE LLEDO"
27968,"Tram de_( BARRANC DE LLEDO )"
27969,"BARRANC DELS PLANS LLOPS"
27970,"Tram de_( BARRANC DELS PLANS LLOPS )"
27971,"Tram de_( SIN NOMBRE )"
27972,"Tram de_( BARRANC DELS PLANS LLOPS )"
27973,"Tram de_( BARRANC DELS PLANS LLOPS )"
27974,"BARRANC DE TRILLADOR"
27975,"BARRANC DEL PREGO"
27976,"Tram de_( BARRANC DEL PREGO )"
27978,"Tram de_( BARRANC DEL PREGO )"
27979,"Tram de_( BARRANC DEL PREGO )"
27980,"Tram de_( BARRANC DE TRILLADOR )"
27983,"BARRANC DE LA CELLULOSA"
27984,"Tram de_( BARRANC DE LA CELLULOSA )"
27985,"Tram de_( BARRANC DE LA CELLULOSA )"
27986,"BARRANC DE ROER"
27987,"Tram de_( BARRANC DE ROER )"
27988,"BARRANC DE LA PETJA"
27989,"Tram de_( BARRANC DE LA PETJA )"
27990,"BARRANC FONDO"
27991,"Tram de_( BARRANC FONDO )"
27994,"BARRANC DE LLORET"
27995,"BARRANC DE LA COVA DEL GARROFER"
27996,"Tram de_( BARRANC DE LA COVA DEL GARROFER )"
27997,"Tram de_( BARRANC DE LA COVA DEL GARROFER )"
27998,"Tram de_( BARRANC DE LA COVA DEL GARROFER )"
28000,"Tram de_( BARRANC DE LLORET )"
28002,"BARRANC DE COVA PINTADA"
28003,"Tram de_( BARRANC DE COVA PINTADA )"
28008,"BARRANC DE LA CONCA"
28009,"Tram de_( BARRANC DE LA CONCA )"
28012,"BARRANC DE LA VALL D'EN PASTOR"
28013,"Tram de_( BARRANC DE LA VALL D'EN PASTOR )"
28015,"BARRANC DE LA LLET"
28016,"Tram de_( BARRANC DE LA LLET )"
28017,"Tram de_( BARRANC DE LA LLET )"
28018,"BARRANC DEL RACO DE L'INFERN"
28019,"Tram de_( BARRANC DEL RACO DE L'INFERN )"
28021,"BARRANC DEL GALATXO"
28022,"Tram de_( BARRANC DEL GALATXO )"
28030,"BARRANC DE LA VALL DE LA SERVERA"
28032,"Tram de_( BARRANC DE LA VALL DE LA SERVERA )"
28035,"BARRANC DEL TORRENT"
28036,"Tram de_( BARRANC DEL TORRENT )"
28037,"Tram de_( BARRANC DEL TORRENT )"
28038,"Tram de_( BARRANC DEL TORRENT )"
28039,"BARRANC D'EN RUBI"
28040,"Tram de_( BARRANC D'EN RUBI )"
28041,"BARRANC DE RIU SEC"
28042,"Tram de_( BARRANC DE RIU SEC )"
28043,"Tram de_( BARRANC DE RIU SEC )"
28044,"Tram de_( SIN NOMBRE )"
28047,"Tram de_( RIO EBRO )"
28048,"Tram de_( SIN NOMBRE )"
28049,"BARRANC DELS TANCATS"
28050,"BARRANC DE LA MONTSERRADA"
28051,"Tram de_( BARRANC DE LA MONTSERRADA )"
28052,"Tram de_( BARRANC DELS TANCATS )"
28053,"Tram de_( BARRANC DELS TANCATS )"
28054,"Tram de_( SIN NOMBRE )"
28056,"BARRANC DE LES CORRALISSES"
28057,"Tram de_( BARRANC DE LES CORRALISSES )"
28058,"Tram de_( BARRANC DE LES CORRALISSES )"
28059,"Tram de_( RIO EBRO )"
28060,"Tram de_( RIO EBRO )"
28061,"BARRANC DEL BASSIOL"
28062,"Tram de_( BARRANC DEL BASSIOL )"
28063,"Tram de_( SIN NOMBRE )"
28064,"BARRANC DE BARRUGAT"
28065,"Tram de_( BARRANC DE BARRUGAT )"
28066,"BARRANC DE LA CONCA DE SANT JULIA"
28067,"Tram de_( BARRANC DE LA CONCA DE SANT JULIA )"
28069,"Tram de_( BARRANC DE LA CONCA DE SANT JULIA )"
28070,"Tram de_( BARRANC DE LA CONCA DE SANT JULIA )"
28071,"Tram de_( BARRANC DE LA CONCA DE SANT JULIA )"
28072,"Tram de_( BARRANC DE LA CONCA DE SANT JULIA )"
28074,"Tram de_( BARRANC DE LA CONCA DE SANT JULIA )"
28075,"BARRANC DEL LLOP O D'EN XIVEL.LI"
28076,"Tram de_( BARRANC DEL LLOP O D'EN XIVEL.LI )"
28077,"Tram de_( BARRANC DEL LLOP O D'EN XIVEL.LI )"
28078,"BARRANC DE LES FIGUERASSES"
28079,"Tram de_( BARRANC DE LES FIGUERASSES )"
28081,"Tram de_( BARRANC DEL LLOP O D'EN XIVEL.LI )"
28083,"BARRANC DELS FORNETS"
28084,"Tram de_( BARRANC DELS FORNETS )"
28087,"BARRANC DEL LLIGUERANS"
28089,"BARRANC DE L'ALBARDASSA"
28090,"Tram de_( BARRANC DE L'ALBARDASSA )"
28091,"Tram de_( BARRANC DEL LLIGUERANS )"
28092,"BARRANC DE VALLPALMERA"
28093,"Tram de_( BARRANC DE VALLPALMERA )"
28094,"Tram de_( BARRANC DE VALLPALMERA )"
28095,"Tram de_( BARRANC DE VALLPALMERA )"
28096,"BARRANC DE BOIX"
28097,"BARRANC DELS PARETS"
28098,"Tram de_( BARRANC DELS PARETS )"
28099,"Tram de_( BARRANC DELS PARETS )"
28100,"Tram de_( BARRANC DE BOIX )"
28101,"Tram de_( BARRANC DE BOIX )"
28102,"BARRANC DE LES CALOBRES"
28104,"Tram de_( BARRANC DE LES CALOBRES )"
28105,"BARRANC DE LA BOINACA"
28106,"BARRANC DEL BASSIOL"
28107,"Tram de_( BARRANC DEL BASSIOL )"
28108,"Tram de_( BARRANC DEL BASSIOL )"
28109,"Tram de_( BARRANC DEL BASSIOL )"
28112,"BARRANC DE LES SEVINES"
28113,"Tram de_( BARRANC DE LES SEVINES )"
28114,"BARRANC DELS SEGADELLS"
28115,"Tram de_( BARRANC DELS SEGADELLS )"
28116,"Tram de_( BARRANC DE LA BOINACA )"
28117,"Tram de_( RIO EBRO )"
28118,"BARRANC DE L'ARGILA"
28119,"Tram de_( BARRANC DE L'ARGILA )"
28121,"BARRANC DE RAUDOR"
28122,"Tram de_( BARRANC DE RAUDOR )"
28123,"Tram de_( BARRANC DE L'ARGILA )"
28124,"Tram de_( BARRANC DE L'ARGILA )"
28125,"Tram de_( BARRANC DE L'ARGILA )"
28126,"Tram de_( BARRANC DE L'ARGILA )"
28127,"Tram de_( BARRANC DE L'ARGILA )"
28128,"Tram de_( RIO EBRO )"
28130,"BARRANC DE LES FONTS"
28132,"Tram de_( BARRANC DE LES FONTS )"
28133,"Tram de_( BARRANC DE LES FONTS )"
28135,"BARRANC DE LES VALLS"
28136,"Tram de_( BARRANC DE LES VALLS )"
28137,"Tram de_( BARRANC DE LES VALLS )"
28139,"BARRANC DEL MORELLA"
28140,"Tram de_( BARRANC DEL MORELLA )"
28145,"BARRANC DELS MASETS"
28146,"Tram de_( BARRANC DELS MASETS )"
28147,"Tram de_( RIO EBRO )"
28148,"Tram de_( RIO EBRO )"
28150,"Tram de_( RIO EBRO )"
28151,"BARRANC DE SANT JORDI"
28152,"Tram de_( BARRANC DE SANT JORDI )"
28153,"Tram de_( BARRANC DE SANT JORDI )"
28154,"Tram de_( RIO EBRO )"
28155,"RIU DE LES CANALETES"
28157,"Tram de_( RIU DE LES CANALETES )"
28158,"Tram de_( RIU DE LES CANALETES )"
28159,"Tram de_( RIU DE LES CANALETES )"
28160,"Tram de_( RIU DE LES CANALETES )"
28163,"Tram de_( RIU DE LES CANALETES )"
28164,"Tram de_( SIN NOMBRE )"
28165,"Tram de_( RIU DE LES CANALETES )"
28167,"Tram de_( RIU DE LES CANALETES )"
28169,"Tram de_( RIU DE LES CANALETES )"
28178,"BARRANC DE LA SOLSIDA"
28179,"Tram de_( BARRANC DE LA SOLSIDA )"
28180,"RIU DE LA GUARDIOLA"
28182,"Tram de_( RIU DE LA GUARDIOLA )"
28183,"Tram de_( RIU DE LES CANALETES )"
28196,"Tram de_( RIU DE LES CANALETES )"
28199,"Tram de_( RIU DE LES CANALETES )"
28201,"BARRANC DEL CLOSET"
28202,"Tram de_( BARRANC DEL CLOSET )"
28203,"Tram de_( RIU DE LES CANALETES )"
28205,"RIU D'EN PIQUER"
28206,"BARRANC DE L'AVELLANAR"
28207,"Tram de_( BARRANC DE L'AVELLANAR )"
28208,"Tram de_( BARRANC DE L'AVELLANAR )"
28209,"Tram de_( SIN NOMBRE )"
28210,"Tram de_( RIU D'EN PIQUER )"
28211,"Tram de_( SIN NOMBRE )"
28212,"Tram de_( SIN NOMBRE )"
28213,"Tram de_( RIU DE LES CANALETES )"
28214,"Tram de_( RIO EBRO )"
28215,"Tram de_( RIO EBRO )"
28217,"BARRANC DE VALLIPLANA"
28218,"Tram de_( BARRANC DE VALLIPLANA )"
28219,"BARRANC DEL RACO DEL MAS"
28220,"Tram de_( BARRANC DEL RACO DEL MAS )"
28221,"Tram de_( BARRANC DEL RACO DEL MAS )"
28222,"Tram de_( SIN NOMBRE )"
28223,"BARRANC DE LES ESPLANELLES"
28224,"Tram de_( BARRANC DE LES ESPLANELLES )"
28225,"Tram de_( BARRANC DEL RACO DEL MAS )"
28226,"Tram de_( BARRANC DEL RACO DEL MAS )"
28227,"Tram de_( BARRANC DEL RACO DEL MAS )"
28228,"Tram de_( BARRANC DEL RACO DEL MAS )"
28229,"Tram de_( BARRANC DEL RACO DEL MAS )"
28231,"Tram de_( RIO EBRO )"
28233,"BARRANC DE LLEMASQUERES"
28234,"Tram de_( BARRANC DE LLEMASQUERES )"
28236,"BARRANC DE LA FONT D'EN RELLA"
28237,"Tram de_( BARRANC DE LA FONT D'EN RELLA )"
28240,"BARRANC DELS BOUS"
28241,"Tram de_( BARRANC DELS BOUS )"
28242,"Tram de_( BARRANC DELS BOUS )"
28244,"BARRANC DE GANDESA"
28245,"Tram de_( BARRANC DE GANDESA )"
28246,"Tram de_( BARRANC DE GANDESA )"
28247,"Tram de_( RIO EBRO )"
28248,"Tram de_( RIO EBRO )"
28249,"BARRANC DE SEGURA"
28250,"Tram de_( BARRANC DE SEGURA )"
28251,"Tram de_( BARRANC DE SEGURA )"
28254,"Tram de_( RIO EBRO )"
28255,"BARRANC DEL NEGRER"
28256,"Tram de_( BARRANC DEL NEGRER )"
28262,"RIERA DEL COMTE"
28264,"Tram de_( RIERA DEL COMTE )"
28265,"BARRANC DE LES PEDRALETES"
28266,"Tram de_( BARRANC DE LES PEDRALETES )"
28267,"Tram de_( BARRANC DE LES PEDRALETES )"
28268,"Tram de_( BARRANC DE LES PEDRALETES )"
28269,"Tram de_( BARRANC DE LES PEDRALETES )"
28270,"Tram de_( SIN NOMBRE )"
28271,"Tram de_( BARRANC DE LES PEDRALETES )"
28272,"BARRANC DE LA RIERA"
28273,"Tram de_( BARRANC DE LA RIERA )"
28274,"Tram de_( BARRANC DE LA RIERA )"
28276,"BARRANC DE LA ROJA"
28277,"BARRANC DE ROCA BLANCA"
28278,"Tram de_( BARRANC DE ROCA BLANCA )"
28279,"Tram de_( BARRANC DE LA ROJA )"
28280,"BARRANC DE LA CAPARELLA"
28281,"Tram de_( BARRANC DE LA CAPARELLA )"
28282,"Tram de_( BARRANC DE LA CAPARELLA )"
28283,"Tram de_( BARRANC DE LA CAPARELLA )"
28284,"Tram de_( BARRANC DE LA ROJA )"
28296,"BARRANC DEL CLOT D'EN PASTOR"
28297,"BARRANC DE LA VICTORIA O DE LA GRANADA"
28298,"Tram de_( BARRANC DE LA VICTORIA O DE LA GRANADA )"
28300,"Tram de_( BARRANC DE LA VICTORIA O DE LA GRANADA )"
28301,"Tram de_( BARRANC DEL CLOT D'EN PASTOR )"
28302,"BARRANC DEL GRANADES O DE LA COVA D'EN CANADER"
28304,"BARRANC DE VALLPLANA"
28305,"Tram de_( BARRANC DE VALLPLANA )"
28307,"Tram de_( BARRANC DEL GRANADES O DE LA COVA D'EN CANADER )"
28309,"Tram de_( BARRANC DE LA RIERA )"
28312,"Tram de_( BARRANC DE LA RIERA )"
28315,"Tram de_( BARRANC DE LA RIERA )"
28316,"Tram de_( BARRANC DE LA RIERA )"
28317,"BARRANC DE SANTA EULARIA"
28318,"Tram de_( BARRANC DE SANTA EULARIA )"
28322,"BARRANC DE QUIQUET"
28323,"Tram de_( BARRANC DE QUIQUET )"
28324,"Tram de_( BARRANC DE QUIQUET )"
28325,"BARRANC D'ESCALERS"
28326,"Tram de_( BARRANC D'ESCALERS )"
28327,"BARRANC DE L'AURETA"
28328,"Tram de_( BARRANC DE L'AURETA )"
28329,"Tram de_( BARRANC DE L'AURETA )"
28330,"BARRANC DELS FOGASSOS"
28331,"Tram de_( BARRANC DELS FOGASSOS )"
28332,"Tram de_( BARRANC DELS FOGASSOS )"
28337,"BARRANC DELS COMUNS"
28338,"Tram de_( BARRANC DELS COMUNS )"
28341,"BARRANC DE NORIA"
28342,"Tram de_( BARRANC DE NORIA )"
28343,"Tram de_( BARRANC DE NORIA )"
28344,"BARRANC DE LO LIGALLO"
28346,"Tram de_( BARRANC DE LO LIGALLO )"
28347,"BARRANC DE COLLENTORT"
28348,"Tram de_( BARRANC DE COLLENTORT )"
28349,"Tram de_( RIO EBRO )"
28358,"BARRANC FONDO"
28359,"Tram de_( BARRANC FONDO )"
28360,"Tram de_( BARRANC FONDO )"
28362,"BARRANC DE PINVER"
28363,"Tram de_( BARRANC DE PINVER )"
28365,"RIU SEC"
28366,"Tram de_( RIU SEC )"
28368,"Tram de_( RIU SEC )"
28369,"Tram de_( RIU SEC )"
28370,"Tram de_( SIN NOMBRE )"
28371,"BARRANC DE LA TORRE"
28372,"Tram de_( BARRANC DE LA TORRE )"
28373,"Tram de_( RIU SEC )"
28374,"Tram de_( RIU SEC )"
28375,"Tram de_( RIU SEC )"
28376,"Tram de_( RIU SEC )"
28377,"Tram de_( RIU SEC )"
28378,"Tram de_( SIN NOMBRE )"
28379,"Tram de_( RIU SEC )"
28383,"BARRANC DE SANT VICENT"
28384,"Tram de_( BARRANC DE SANT VICENT )"
28385,"Tram de_( BARRANC DE SANT VICENT )"
28387,"Tram de_( BARRANC DE SANT VICENT )"
28388,"Tram de_( RIU SEC )"
28390,"Tram de_( RIU SEC )"
28391,"Tram de_( RIU SEC )"
28392,"Tram de_( SIN NOMBRE )"
28394,"Tram de_( RIU SEC )"
28395,"BARRANC DE LES VILAVERD"
28396,"Tram de_( BARRANC DE LES VILAVERD )"
28397,"Tram de_( RIU SEC )"
28398,"VAL DE L'AUBATAR"
28399,"VALL DELS ROSSECS"
28400,"Tram de_( VALL DELS ROSSECS )"
28401,"Tram de_( VAL DE L'AUBATAR )"
28402,"Tram de_( VAL DE L'AUBATAR )"
28403,"Tram de_( VAL DE L'AUBATAR )"
28404,"Tram de_( VAL DE L'AUBATAR )"
28414,"Tram de_( RIO EBRO )"
28416,"BARRANC DE MANOU O D' ATAROSSES"
28417,"Tram de_( BARRANC DE MANOU O D' ATAROSSES )"
28418,"Tram de_( SIN NOMBRE )"
28419,"Tram de_( BARRANC DE MANOU O D' ATAROSSES )"
28424,"BARRANC DEL MAS DE IARO"
28425,"Tram de_( BARRANC DEL MAS DE IARO )"
28426,"Tram de_( SIN NOMBRE )"
28428,"Tram de_( BARRANC DEL MAS DE IARO )"
28429,"Tram de_( RIO EBRO )"
28430,"Tram de_( RIO EBRO )"
28431,"Tram de_( RIO EBRO )"
28432,"Tram de_( RIO EBRO )"
28433,"Tram de_( RIO EBRO )"
28434,"RIU DE SIURANA"
28435,"Tram de_( RIU DE SIURANA )"
28439,"BARRANC DE DEVEIES"
28440,"Tram de_( BARRANC DE DEVEIES )"
28441,"RIERA DE L'ULL DE L'ASMA"
28442,"Tram de_( RIERA DE L'ULL DE L'ASMA )"
28445,"RIERA DE LES OLLES"
28447,"BARRANC DE CAPST"
28448,"Tram de_( BARRANC DE CAPST )"
28449,"Tram de_( BARRANC DE CAPST )"
28450,"BARRANC DE LES ANYERES"
28451,"Tram de_( BARRANC DE LES ANYERES )"
28454,"BARRANC DE MONTALT"
28455,"Tram de_( BARRANC DE MONTALT )"
28456,"Tram de_( RIERA DE LES OLLES )"
28457,"BARRANC DE FORCALL"
28458,"Tram de_( BARRANC DE FORCALL )"
28459,"BARRANC DE MAS D'EN BACONER"
28460,"Tram de_( BARRANC DE MAS D'EN BACONER )"
28462,"Tram de_( RIERA DE LES OLLES )"
28464,"BARRANC DE LA VALL"
28465,"RIU DE MARÇA"
28466,"Tram de_( RIU DE MARÇA )"
28467,"BARRANC DE LA LLUDRIGA"
28468,"Tram de_( BARRANC DE LA LLUDRIGA )"
28471,"Tram de_( RIU DE MARÇA )"
28472,"Tram de_( RIU DE MARÇA )"
28473,"Tram de_( RIU DE MARÇA )"
28474,"RIERA DE FONTAUBELLA"
28475,"BARRANC DELS ESTRETS DE MAÇANES"
28477,"Tram de_( BARRANC DELS ESTRETS DE MAÇANES )"
28478,"Tram de_( RIERA DE FONTAUBELLA )"
28479,"BARRANC DEL PAS"
28480,"Tram de_( BARRANC DEL PAS )"
28483,"Tram de_( BARRANC DEL PAS )"
28484,"Tram de_( BARRANC DEL PAS )"
28485,"Tram de_( BARRANC DEL PAS )"
28486,"Tram de_( BARRANC DEL PAS )"
28487,"BARRANC DE LA COMA TORNERA"
28488,"Tram de_( BARRANC DE LA COMA TORNERA )"
28491,"Tram de_( RIERA DE FONTAUBELLA )"
28492,"Tram de_( RIERA DE FONTAUBELLA )"
28493,"Tram de_( RIERA DE FONTAUBELLA )"
28494,"BARRANC DE RICORB"
28495,"Tram de_( BARRANC DE RICORB )"
28496,"Tram de_( BARRANC DE LA VALL )"
28497,"BARRANC FONDO"
28498,"Tram de_( BARRANC FONDO )"
28499,"Tram de_( BARRANC FONDO )"
28500,"BARRANC DE LA CANYERA"
28501,"Tram de_( BARRANC DE LA CANYERA )"
28502,"Tram de_( BARRANC DE LA VALL )"
28503,"Tram de_( BARRANC DE LA VALL )"
28504,"Tram de_( BARRANC DE LA VALL )"
28505,"Tram de_( SIN NOMBRE )"
28509,"Tram de_( RIU DE SIURANA )"
28510,"Tram de_( RIU DE SIURANA )"
28512,"BARRANC DE MARMELLANS"
28513,"Tram de_( BARRANC DE MARMELLANS )"
28514,"Tram de_( BARRANC DE MARMELLANS )"
28515,"Tram de_( BARRANC DE MARMELLANS )"
28516,"BARRANC DEL POU"
28517,"Tram de_( BARRANC DEL POU )"
28519,"Tram de_( RIU DE SIURANA )"
28520,"Tram de_( RIU DE SIURANA )"
28521,"Tram de_( SIN NOMBRE )"
28522,"Tram de_( RIU DE SIURANA )"
28523,"Tram de_( RIU DE SIURANA )"
28524,"BARRANC DE VILA"
28526,"Tram de_( BARRANC DE VILA )"
28527,"Tram de_( BARRANC DE VILA )"
28528,"BARRANC DELS MOLINS"
28530,"Tram de_( BARRANC DELS MOLINS )"
28531,"Tram de_( BARRANC DELS MOLINS )"
28532,"Tram de_( SIN NOMBRE )"
28534,"Tram de_( BARRANC DELS MOLINS )"
28535,"BARRANC DEL BARTOLI"
28536,"Tram de_( BARRANC DEL BARTOLI )"
28537,"Tram de_( SIN NOMBRE )"
28538,"Tram de_( BARRANC DEL BARTOLI )"
28540,"Tram de_( RIU DE SIURANA )"
28542,"BARRANC FONDO"
28543,"Tram de_( BARRANC FONDO )"
28544,"Tram de_( RIU DE SIURANA )"
28545,"Tram de_( RIU DE SIURANA )"
28547,"Tram de_( RIU DE SIURANA )"
28548,"Tram de_( RIU DE SIURANA )"
28549,"Tram de_( RIU DE SIURANA )"
28550,"Tram de_( RIU DE SIURANA )"
28551,"RIU DE MONTSANT"
28555,"Tram de_( RIU DE MONTSANT )"
28556,"BARRANC DEL SOCARRRATS"
28557,"Tram de_( BARRANC DEL SOCARRRATS )"
28559,"BARRANC DE L'AUBAGA"
28560,"Tram de_( BARRANC DE L'AUBAGA )"
28561,"Tram de_( RIU DE MONTSANT )"
28562,"Tram de_( RIU DE MONTSANT )"
28563,"Tram de_( RIU DE MONTSANT )"
28564,"RIUET D'ESCALADEI"
28565,"Tram de_( RIUET D'ESCALADEI )"
28566,"Tram de_( RIUET D'ESCALADEI )"
28567,"Tram de_( RIUET D'ESCALADEI )"
28568,"Tram de_( RIUET D'ESCALADEI )"
28570,"Tram de_( RIUET D'ESCALADEI )"
28571,"BARRANC DE L'HORTA"
28572,"Tram de_( BARRANC DE L'HORTA )"
28573,"Tram de_( BARRANC DE L'HORTA )"
28574,"Tram de_( BARRANC DE L'HORTA )"
28575,"BARRANC DE PREGONA"
28576,"Tram de_( BARRANC DE PREGONA )"
28577,"Tram de_( SIN NOMBRE )"
28578,"Tram de_( SIN NOMBRE )"
28579,"Tram de_( RIU DE MONTSANT )"
28581,"BARRANC DE CAVALOCA"
28583,"Tram de_( BARRANC DE CAVALOCA )"
28584,"Tram de_( BARRANC DE CAVALOCA )"
28585,"Tram de_( BARRANC DE CAVALOCA )"
28587,"RACO DE LES VALLS"
28588,"Tram de_( RACO DE LES VALLS )"
28589,"Tram de_( RIU DE MONTSANT )"
28590,"Tram de_( RIU DE MONTSANT )"
28592,"Tram de_( RIU DE MONTSANT )"
28593,"Tram de_( RIU DE MONTSANT )"
28594,"RACO DE LES PINEDES"
28595,"Tram de_( RACO DE LES PINEDES )"
28596,"Tram de_( RIU DE MONTSANT )"
28597,"Tram de_( RIU DE MONTSANT )"
28598,"BARRANC DE LES COVES VOLTADES"
28599,"Tram de_( BARRANC DE LES COVES VOLTADES )"
28601,"Tram de_( BARRANC DE LES COVES VOLTADES )"
28602,"Tram de_( RIU DE MONTSANT )"
28604,"Tram de_( RIU DE MONTSANT )"
28607,"Tram de_( RIU DE MONTSANT )"
28610,"BARRANC DE LES CANYES"
28611,"Tram de_( BARRANC DE LES CANYES )"
28612,"Tram de_( BARRANC DE LES CANYES )"
28613,"Tram de_( BARRANC DE LES CANYES )"
28614,"Tram de_( BARRANC DE LES CANYES )"
28615,"Tram de_( SIN NOMBRE )"
28617,"Tram de_( BARRANC DE LES CANYES )"
28618,"Tram de_( RIU DE MONTSANT )"
28622,"BARRANC DEL BROMET"
28623,"Tram de_( BARRANC DEL BROMET )"
28624,"Tram de_( RIU DE MONTSANT )"
28625,"BARRANC DE LA FALCONERA"
28626,"Tram de_( BARRANC DE LA FALCONERA )"
28627,"BARRANC DELS PELAGS"
28630,"Tram de_( BARRANC DELS PELAGS )"
28633,"BARRANC DE LES FALLES"
28634,"Tram de_( BARRANC DE LES FALLES )"
28636,"BARRANC DE LES PLETES"
28637,"Tram de_( BARRANC DE LES PLETES )"
28639,"BARRANC DE SANT BARTOMEU"
28640,"Tram de_( BARRANC DE SANT BARTOMEU )"
28641,"Tram de_( RIU DE MONTSANT )"
28642,"RIUET DEL TEIX"
28643,"Tram de_( RIUET DEL TEIX )"
28644,"Tram de_( RIUET DEL TEIX )"
28646,"BARRANC DE LES ALZINES"
28647,"Tram de_( BARRANC DE LES ALZINES )"
28649,"RIU DE PRADES"
28650,"Tram de_( RIU DE PRADES )"
28651,"Tram de_( RIU DE PRADES )"
28652,"Tram de_( RIU DE PRADES )"
28653,"Tram de_( SIN NOMBRE )"
28654,"Tram de_( RIU DE PRADES )"
28656,"Tram de_( RIU DE PRADES )"
28658,"BARRANC DELS ENLLOSATS"
28659,"Tram de_( BARRANC DELS ENLLOSATS )"
28660,"Tram de_( BARRANC DELS ENLLOSATS )"
28661,"Tram de_( RIU DE PRADES )"
28662,"Tram de_( RIU DE PRADES )"
28663,"Tram de_( RIU DE PRADES )"
28665,"BARRANC DELS SEGALASSOS"
28666,"Tram de_( BARRANC DELS SEGALASSOS )"
28667,"Tram de_( RIU DE PRADES )"
28668,"BARRANC DE MATARO"
28669,"Tram de_( RIU DE PRADES )"
28672,"Tram de_( RIU DE PRADES )"
28675,"Tram de_( RIU DE PRADES )"
28677,"Tram de_( RIU DE SIURANA )"
28678,"Tram de_( SIN NOMBRE )"
28679,"Tram de_( RIU DE SIURANA )"
28680,"Tram de_( RIU DE SIURANA )"
28681,"BARRANC DE LA SARDANA"
28683,"Tram de_( BARRANC DE LA SARDANA )"
28684,"Tram de_( BARRANC DE LA SARDANA )"
28685,"Tram de_( SIN NOMBRE )"
28686,"BARRANC DELS MASOS"
28687,"Tram de_( BARRANC DELS MASOS )"
28688,"Tram de_( BARRANC DELS MASOS )"
28689,"BARRANC DEL BARRETOT"
28690,"Tram de_( BARRANC DEL BARRETOT )"
28691,"Tram de_( RIU DE SIURANA )"
28692,"RIU DE CORTIELLA"
28693,"Tram de_( RIU DE CORTIELLA )"
28694,"Tram de_( RIU DE CORTIELLA )"
28696,"Tram de_( RIU DE CORTIELLA )"
28697,"Tram de_( RIU DE CORTIELLA )"
28698,"BARRANC DE LES ESCOMELLES"
28699,"Tram de_( BARRANC DE LES ESCOMELLES )"
28700,"Tram de_( RIU DE CORTIELLA )"
28701,"BARRANC DE LA SENTIUS"
28702,"Tram de_( BARRANC DE LA SENTIUS )"
28703,"BARRANC DE LES VALLS"
28704,"Tram de_( BARRANC DE LES VALLS )"
28705,"Tram de_( BARRANC DE LES VALLS )"
28707,"Tram de_( BARRANC DE LES VALLS )"
28708,"Tram de_( RIU DE CORTIELLA )"
28710,"Tram de_( RIU DE CORTIELLA )"
28711,"Tram de_( SIN NOMBRE )"
28712,"BARRANC DE LA GARRANXA"
28713,"Tram de_( BARRANC DE LA GARRANXA )"
28714,"Tram de_( BARRANC DE LA GARRANXA )"
28715,"Tram de_( RIU DE CORTIELLA )"
28717,"Tram de_( RIU DE SIURANA )"
28723,"Tram de_( RIU DE SIURANA )"
28724,"Tram de_( RIU DE SIURANA )"
28725,"Tram de_( SIN NOMBRE )"
28728,"BARRANC DE LES SALAMANQUES"
28729,"Tram de_( BARRANC DE LES SALAMANQUES )"
28730,"Tram de_( RIU DE SIURANA )"
28732,"BARRANC DE SANT BLAI"
28733,"BARRANCO DE LES VINYES"
28734,"Tram de_( BARRANCO DE LES VINYES )"
28735,"Tram de_( SIN NOMBRE )"
28736,"Tram de_( SIN NOMBRE )"
28737,"Tram de_( BARRANC DE SANT BLAI )"
28738,"BARRANCO DEL MAS DEL RACO"
28740,"Tram de_( BARRANCO DEL MAS DEL RACO )"
28741,"Tram de_( BARRANCO DEL MAS DEL RACO )"
28745,"BARRANC DEL MAS D'EN BLEI"
28747,"Tram de_( BARRANC DEL MAS D'EN BLEI )"
28748,"BARRANC DE COMES TORNERES"
28749,"Tram de_( BARRANC DE COMES TORNERES )"
28751,"BARRANC DE LES COMES D'EN MORELL"
28752,"Tram de_( BARRANC DE LES COMES D'EN MORELL )"
28753,"Tram de_( BARRANC DE LES COMES D'EN MORELL )"
28754,"Tram de_( RIU DE SIURANA )"
28755,"RIU D'ARBOLI"
28756,"Tram de_( RIU D'ARBOLI )"
28759,"Tram de_( RIU D'ARBOLI )"
28760,"Tram de_( RIU D'ARBOLI )"
28761,"Tram de_( RIU D'ARBOLI )"
28762,"Tram de_( RIU D'ARBOLI )"
28763,"Tram de_( RIU D'ARBOLI )"
28764,"BARRANC DE LES COMES"
28765,"Tram de_( BARRANC DE LES COMES )"
28766,"Tram de_( RIU DE SIURANA )"
28767,"BARRANC DE LES OBAGUES"
28768,"Tram de_( BARRANC DE LES OBAGUES )"
28769,"Tram de_( SIN NOMBRE )"
28770,"Tram de_( RIU DE SIURANA )"
28771,"BARRANC DE L'ARGENTERA"
28772,"BARRANC DE L'ESTOPINYA"
28773,"Tram de_( BARRANC DE L'ESTOPINYA )"
28776,"Tram de_( BARRANC DE L'ARGENTERA )"
28777,"BARRANC DE L'AUBELLO"
28778,"Tram de_( BARRANC DE L'AUBELLO )"
28779,"BARRANC DE LA SALANCA"
28780,"Tram de_( BARRANC DE LA SALANCA )"
28782,"Tram de_( RIU DE SIURANA )"
28784,"Tram de_( RIU DE SIURANA )"
28785,"Tram de_( RIU DE SIURANA )"
28788,"BARRANC DE LA NOGUERA"
28789,"Tram de_( BARRANC DE LA NOGUERA )"
28790,"RIU DE GORGS"
28791,"Tram de_( RIU DE GORGS )"
28792,"Tram de_( SIN NOMBRE )"
28793,"Tram de_( SIN NOMBRE )"
28794,"RASA DELS DESCARREGADORS"
28795,"Tram de_( RASA DELS DESCARREGADORS )"
28796,"BARRANC DE TALLERASSES"
28797,"Tram de_( BARRANC DE TALLERASSES )"
28798,"BARRANC DE VINARROIG"
28799,"Tram de_( BARRANC DE VINARROIG )"
28800,"Tram de_( RIU DE SIURANA )"
28802,"Tram de_( RIU DE SIURANA )"
28803,"Tram de_( RIU DE SIURANA )"
28804,"Tram de_( RIU DE SIURANA )"
28805,"Tram de_( RIU DE SIURANA )"
28807,"BARRANC DE REC DE BAS"
28808,"Tram de_( BARRANC DE REC DE BAS )"
28810,"Tram de_( BARRANC DE REC DE BAS )"
28811,"Tram de_( SIN NOMBRE )"
28813,"BARRANC DE LES TERRES NOVES"
28814,"Tram de_( BARRANC DE LES TERRES NOVES )"
28815,"Tram de_( BARRANC DE REC DE BAS )"
28816,"BARRANC DELS COMUNS"
28817,"Tram de_( BARRANC DELS COMUNS )"
28818,"Tram de_( SIN NOMBRE )"
28819,"Tram de_( BARRANC DELS COMUNS )"
28820,"Tram de_( SIN NOMBRE )"
28821,"Tram de_( BARRANC DELS COMUNS )"
28822,"BARRANC DE MARGA"
28823,"BARRANC DE LES FEIXES"
28824,"Tram de_( BARRANC DE MARGA )"
28825,"Tram de_( BARRANC DELS COMUNS )"
28826,"Tram de_( SIN NOMBRE )"
28827,"Tram de_( BARRANC DE REC DE BAS )"
28828,"Tram de_( BARRANC DE REC DE BAS )"
28833,"Tram de_( RIO EBRO )"
28835,"BARRANC DE BARBERS"
28836,"Tram de_( BARRANC DE BARBERS )"
28837,"Tram de_( BARRANC DE BARBERS )"
28838,"Tram de_( RIO EBRO )"
28839,"Tram de_( SIN NOMBRE )"
28840,"BARRANC DE L'AIGUA"
28841,"Tram de_( BARRANC DE L'AIGUA )"
28842,"VALL DE GORRAPTES"
28843,"BARRANC DE VINEBRE"
28844,"Tram de_( BARRANC DE VINEBRE )"
28845,"Tram de_( BARRANC DE VINEBRE )"
28846,"BARRANC DE LA TORRE"
28847,"VALL DELS PRATS"
28849,"Tram de_( VALL DELS PRATS )"
28851,"Tram de_( BARRANC DE LA TORRE )"
28852,"Tram de_( BARRANC DE LA TORRE )"
28853,"Tram de_( BARRANC DE LA TORRE )"
28855,"BARRANC DE LA TORRE II"
28856,"Tram de_( BARRANC DE LA TORRE II )"
28857,"BARRANC DELS TOSSALS"
28858,"Tram de_( BARRANC DELS TOSSALS )"
28859,"VALLETA DE PIRO"
28860,"Tram de_( VALLETA DE PIRO )"
28861,"Tram de_( BARRANC DE LA TORRE )"
28862,"BARRANC DELS COLLS"
28863,"Tram de_( BARRANC DELS COLLS )"
28864,"Tram de_( BARRANC DE LA TORRE )"
28865,"Tram de_( VALL DE GORRAPTES )"
28866,"Tram de_( VALL DE GORRAPTES )"
28867,"Tram de_( VALL DE GORRAPTES )"
28868,"Tram de_( VALL DE GORRAPTES )"
28869,"Tram de_( VALL DE GORRAPTES )"
28870,"Tram de_( VALL DE GORRAPTES )"
28871,"BARRANC DEL TOLL DEL L'ESTRET"
28873,"Tram de_( BARRANC DEL TOLL DEL L'ESTRET )"
28874,"BARRANC DE SISQUELLES"
28875,"Tram de_( BARRANC DE SISQUELLES )"
28876,"Tram de_( BARRANC DE SISQUELLES )"
28877,"Tram de_( BARRANC DE SISQUELLES )"
28878,"RACO DEL REGUERS"
28881,"Tram de_( BARRANC DEL TOLL DEL L'ESTRET )"
28884,"Tram de_( BARRANC DEL TOLL DEL L'ESTRET )"
28885,"Tram de_( BARRANC DEL TOLL DEL L'ESTRET )"
28886,"Tram de_( SIN NOMBRE )"
28887,"VALL DE LES OLIVERES"
28888,"BARRANC DELS MONTBLANQUETS"
28889,"Tram de_( BARRANC DELS MONTBLANQUETS )"
28890,"Tram de_( VALL DE LES OLIVERES )"
28891,"BARRANC DELS SORDS"
28892,"Tram de_( BARRANC DELS SORDS )"
28893,"Tram de_( BARRANC DELS SORDS )"
28894,"Tram de_( VALL DE GORRAPTES )"
28895,"Tram de_( VALL DE GORRAPTES )"
28897,"Tram de_( VALL DE GORRAPTES )"
28898,"Tram de_( RIO EBRO )"
28899,"Tram de_( RIO EBRO )"
28900,"BARRANC DEL FORN TEULER"
28902,"Tram de_( BARRANC DEL FORN TEULER )"
28903,"Tram de_( SIN NOMBRE )"
28904,"Tram de_( SIN NOMBRE )"
28905,"Tram de_( BARRANC DEL FORN TEULER )"
28906,"BARRANC DE XARCUMS"
28907,"Tram de_( BARRANC DE XARCUMS )"
28908,"BARRANC FONDO"
28909,"BARRANC DEL CANYERETS"
28910,"Tram de_( BARRANC DEL CANYERETS )"
28911,"Tram de_( BARRANC FONDO )"
28913,"Tram de_( BARRANC DEL FORN TEULER )"
28914,"Tram de_( BARRANC DEL FORN TEULER )"
28915,"Tram de_( BARRANC DEL FORN TEULER )"
28916,"Tram de_( BARRANC DEL FORN TEULER )"
28917,"Tram de_( BARRANC DEL FORN TEULER )"
28918,"Tram de_( BARRANC DEL FORN TEULER )"
28919,"Tram de_( SIN NOMBRE )"
28920,"BARRANC DE LA GALA"
28921,"Tram de_( BARRANC DE LA GALA )"
28923,"BARRANC DE VALL DE RAMS"
28924,"Tram de_( BARRANC DE VALL DE RAMS )"
28925,"Tram de_( BARRANC DE VALL DE RAMS )"
28926,"Tram de_( BARRANC DE VALL DE RAMS )"
28927,"BARRANC DE FONTXINXELA"
28928,"Tram de_( BARRANC DE FONTXINXELA )"
28929,"BARRANC DE LA PEIXERA"
28930,"Tram de_( BARRANC DE LA PEIXERA )"
28931,"VALL DE POTXOS"
28932,"Tram de_( VALL DE POTXOS )"
28933,"VALL DE SOCARRAT"
28934,"Tram de_( VALL DE SOCARRAT )"
28935,"Tram de_( SIN NOMBRE )"
28936,"Tram de_( SIN NOMBRE )"
28937,"Tram de_( RIO EBRO )"
28938,"Tram de_( RIO EBRO )"
28940,"VALLETA DE CASTELONS"
28941,"VALL DE MINGALIS"
28942,"Tram de_( VALL DE MINGALIS )"
28943,"Tram de_( VALL DE MINGALIS )"
28944,"Tram de_( VALL DE MINGALIS )"
28945,"Tram de_( VALLETA DE CASTELONS )"
28946,"Tram de_( VALLETA DE CASTELONS )"
28947,"RIU DE LA CANA"
28948,"Tram de_( RIU DE LA CANA )"
28949,"Tram de_( RIU DE LA CANA )"
28950,"Tram de_( RIU DE LA CANA )"
28951,"Tram de_( RIU DE LA CANA )"
28952,"Tram de_( RIU DE LA CANA )"
28953,"Tram de_( RIU DE LA CANA )"
28955,"Tram de_( RIU DE LA CANA )"
28956,"Tram de_( RIU DE LA CANA )"
28957,"BARRANC D'ABELLAR"
28958,"Tram de_( BARRANC D'ABELLAR )"
28959,"Tram de_( RIU DE LA CANA )"
28960,"Tram de_( SIN NOMBRE )"
28961,"VALL DE BOVERA"
28964,"Tram de_( VALL DE BOVERA )"
28965,"Tram de_( VALL DE BOVERA )"
28966,"Tram de_( VALL DE BOVERA )"
28967,"Tram de_( SIN NOMBRE )"
28968,"Tram de_( VALL DE BOVERA )"
28969,"Tram de_( SIN NOMBRE )"
28970,"Tram de_( VALL DE BOVERA )"
28971,"Tram de_( SIN NOMBRE )"
28972,"Tram de_( VALL DE BOVERA )"
28973,"Tram de_( VALL DE BOVERA )"
28974,"Tram de_( VALL DE BOVERA )"
28975,"Tram de_( VALL DE BOVERA )"
28976,"Tram de_( VALL DE BOVERA )"
28977,"Tram de_( VALL DE BOVERA )"
28978,"Tram de_( VALL DE BOVERA )"
28979,"Tram de_( VALL DE BOVERA )"
28980,"Tram de_( RIU DE LA CANA )"
28981,"Tram de_( RIU DE LA CANA )"
28982,"Tram de_( RIU DE LA CANA )"
28983,"Tram de_( RIU DE LA CANA )"
28984,"Tram de_( RIU DE LA CANA )"
28985,"Tram de_( RIU DE LA CANA )"
28986,"BARRANC DEL RACO DELS JUNCS"
28987,"Tram de_( BARRANC DEL RACO DELS JUNCS )"
28988,"Tram de_( RIU DE LA CANA )"
28989,"Tram de_( RIU DE LA CANA )"
28990,"Tram de_( RIU DE LA CANA )"
28991,"Tram de_( RIU DE LA CANA )"
28993,"Tram de_( RIO EBRO )"
28994,"Tram de_( RIO EBRO )"
28995,"VALL DE SANT JOAN"
28996,"Tram de_( VALL DE SANT JOAN )"
28997,"Tram de_( VALL DE SANT JOAN )"
28999,"Tram de_( VALL DE SANT JOAN )"
29000,"BARRANC DE LES VEREMUSSES"
29001,"Tram de_( BARRANC DE LES VEREMUSSES )"
29002,"Tram de_( VALL DE SANT JOAN )"
29003,"BARRANC DE VALLFENOSA"
29004,"Tram de_( BARRANC DE VALLFENOSA )"
29005,"Tram de_( BARRANC DE VALLFENOSA )"
29006,"Tram de_( BARRANC DE VALLFENOSA )"
29007,"Tram de_( BARRANC DE VALLFENOSA )"
29008,"Tram de_( BARRANC DE VALLFENOSA )"
29009,"Tram de_( VALL DE SANT JOAN )"
29010,"Tram de_( VALL DE SANT JOAN )"
29011,"VALL MAJOR"
29014,"Tram de_( VALL MAJOR )"
29016,"LA VALLETA"
29017,"Tram de_( LA VALLETA )"
29018,"Tram de_( LA VALLETA )"
29019,"Tram de_( VALL MAJOR )"
29020,"Tram de_( SIN NOMBRE )"
29021,"Tram de_( VALL MAJOR )"
29022,"Tram de_( VALL MAJOR )"
29023,"Tram de_( SIN NOMBRE )"
29024,"Tram de_( SIN NOMBRE )"
29025,"VALL DE LLACUNES"
29026,"Tram de_( VALL DE LLACUNES )"
29027,"Tram de_( VALL DE LLACUNES )"
29028,"Tram de_( VALL MAJOR )"
29029,"Tram de_( VALL MAJOR )"
29030,"VALL DELS AUBACS"
29031,"Tram de_( VALL DELS AUBACS )"
29032,"VALL DELS HORTS"
29033,"Tram de_( VALL DELS HORTS )"
29034,"Tram de_( VALL DELS HORTS )"
29035,"Tram de_( VALL DELS HORTS )"
29037,"VALL DE LES COMETES"
29038,"Tram de_( VALL DE LES COMETES )"
29040,"Tram de_( VALL DELS HORTS )"
29041,"Tram de_( VALL DELS HORTS )"
29043,"VALL MAJOR O DELS HORTS"
29045,"Tram de_( VALL MAJOR O DELS HORTS )"
29046,"Tram de_( VALL MAJOR O DELS HORTS )"
29047,"Tram de_( SIN NOMBRE )"
29048,"VALL DE LES BOVEROLES"
29049,"Tram de_( VALL DE LES BOVEROLES )"
29050,"Tram de_( VALL DE SANT JOAN )"
29051,"Tram de_( VALL DE SANT JOAN )"
29052,"Tram de_( SIN NOMBRE )"
29053,"Tram de_( SIN NOMBRE )"
29054,"Tram de_( VALL DE SANT JOAN )"
29055,"Tram de_( VALL DE SANT JOAN )"
29056,"Tram de_( VALL DE SANT JOAN )"
29057,"Tram de_( VALL DE SANT JOAN )"
29058,"VALL DE MIARNAU"
29059,"Tram de_( VALL DE MIARNAU )"
29061,"Tram de_( VALL DE SANT JOAN )"
29062,"BARRANC DE MOSSELLO"
29063,"Tram de_( BARRANC DE MOSSELLO )"
29064,"Tram de_( SIN NOMBRE )"
29065,"Tram de_( SIN NOMBRE )"
29066,"Tram de_( SIN NOMBRE )"
29067,"Tram de_( SIN NOMBRE )"
29068,"Tram de_( RIO EBRO )"
29069,"Tram de_( RIO EBRO )"
29070,"BARRANC DE MAIALS"
29072,"BARRANC D'ALMATRET"
29073,"Tram de_( BARRANC D'ALMATRET )"
29074,"BARRANC DE LES DEVESES"
29075,"Tram de_( BARRANC DE LES DEVESES )"
29076,"Tram de_( BARRANC DE LES DEVESES )"
29077,"Tram de_( BARRANC DE LES DEVESES )"
29078,"Tram de_( BARRANC D'ALMATRET )"
29079,"Tram de_( BARRANC D'ALMATRET )"
29080,"Tram de_( BARRANC DE MAIALS )"
29084,"Tram de_( BARRANC DE MAIALS )"
29085,"Tram de_( BARRANC DE MAIALS )"
29086,"VALL DE SANT JOAN"
29087,"Tram de_( VALL DE SANT JOAN )"
29088,"BARRANC DE LA MINA"
29089,"Tram de_( BARRANC DE LA MINA )"
29090,"BARRANC DE LES VALLS"
29091,"Tram de_( BARRANC DE LES VALLS )"
29093,"Tram de_( BARRANC DE LA MINA )"
29094,"BARRANC DE LES ANIMES"
29095,"Tram de_( BARRANC DE LES ANIMES )"
29096,"Tram de_( BARRANC DE LES ANIMES )"
29097,"Tram de_( BARRANC DE LA MINA )"
29098,"Tram de_( VALL DE SANT JOAN )"
29099,"Tram de_( VALL DE SANT JOAN )"
29100,"Tram de_( VALL DE SANT JOAN )"
29101,"Tram de_( BARRANC DE MAIALS )"
29102,"Tram de_( RIO EBRO )"
29103,"Tram de_( RIO EBRO )"
29106,"Tram de_( RIO EBRO )"
29107,"VALL DE LES MODORRES"
29108,"Tram de_( VALL DE LES MODORRES )"
29109,"Tram de_( SIN NOMBRE )"
29110,"Tram de_( VALL DE LES MODORRES )"
29112,"Tram de_( VALL DE LES MODORRES )"
29113,"Tram de_( VALL DE LES MODORRES )"
29114,"Tram de_( SIN NOMBRE )"
29115,"Tram de_( SIN NOMBRE )"
29116,"Tram de_( RIO EBRO )"
29117,"Tram de_( RIO EBRO )"
29118,"Tram de_( RIO EBRO )"
29119,"Tram de_( RIO EBRO )"
29120,"Tram de_( RIO EBRO )"
29121,"Tram de_( RIO EBRO )"
29123,"BARRANC DE VALL PLANES"
29124,"Tram de_( BARRANC DE VALL PLANES )"
29125,"Tram de_( BARRANC DE VALL PLANES )"
29126,"Tram de_( RIO EBRO )"
29127,"VALL SALADA"
29128,"Tram de_( VALL SALADA )"
29129,"RIERA DE VALL MORTA"
29130,"Tram de_( RIERA DE VALL MORTA )"
29131,"Tram de_( RIERA DE VALL MORTA )"
29132,"Tram de_( RIERA DE VALL MORTA )"
29133,"BARRANC DE SANT FRANCESC"
29134,"BARRANC DELS OSSOS"
29135,"Tram de_( BARRANC DELS OSSOS )"
29136,"VALL DE FRANXO"
29137,"Tram de_( VALL DE FRANXO )"
29138,"Tram de_( SIN NOMBRE )"
29139,"Tram de_( BARRANC DE SANT FRANCESC )"
29140,"Tram de_( BARRANC DE SANT FRANCESC )"
29141,"VALL DELS TOSSALETS"
29142,"Tram de_( VALL DELS TOSSALETS )"
29143,"Tram de_( VALL DELS TOSSALETS )"
29144,"Tram de_( VALL DELS TOSSALETS )"
29145,"Tram de_( VALL DELS TOSSALETS )"
29147,"Tram de_( VALL DELS TOSSALETS )"
29148,"Tram de_( BARRANC DE SANT FRANCESC )"
29149,"Tram de_( BARRANC DE SANT FRANCESC )"
29150,"BARRANC DE LA SESCA"
29151,"Tram de_( BARRANC DE LA SESCA )"
29152,"Tram de_( BARRANC DE SANT FRANCESC )"
29153,"BARRANC DE BASTALLERS"
29154,"Tram de_( BARRANC DE BASTALLERS )"
29155,"Tram de_( BARRANC DE SANT FRANCESC )"
29156,"BARRANC DE BINGAUBO"
29157,"Tram de_( BARRANC DE BINGAUBO )"
29158,"Tram de_( SIN NOMBRE )"
29159,"Tram de_( SIN NOMBRE )"
29163,"Tram de_( RIO EBRO )"
29164,"BARRANC DE VALL MOLLA"
29165,"Tram de_( BARRANC DE VALL MOLLA )"
29166,"Tram de_( BARRANC DE VALL MOLLA )"
29167,"Tram de_( BARRANC DE VALL MOLLA )"
29168,"Tram de_( BARRANC DE VALL MOLLA )"
29169,"RIERA DE SANT PAU"
29170,"Tram de_( RIERA DE SANT PAU )"
29171,"Tram de_( RIERA DE SANT PAU )"
29172,"Tram de_( RIERA DE SANT PAU )"
29173,"BARRANC DELS ANYERS"
29174,"Tram de_( BARRANC DELS ANYERS )"
29175,"BARRANC DE VOZAVALL"
29176,"Tram de_( BARRANC DE VOZAVALL )"
29177,"Tram de_( BARRANC DE VOZAVALL )"
29178,"Tram de_( SIN NOMBRE )"
29180,"BARRANC DE BERRUS"
29181,"Tram de_( BARRANC DE BERRUS )"
29182,"Tram de_( BARRANC DE BERRUS )"
29183,"Tram de_( BARRANC DE BERRUS )"
29184,"BARRANC DE VALLPLANA"
29185,"Tram de_( BARRANC DE VALLPLANA )"
29186,"Tram de_( BARRANC DE BERRUS )"
29187,"BARRANC DE VALLPLANA"
29188,"Tram de_( BARRANC DE VALLPLANA )"
29189,"BARRANC DE LES DEVESES"
29190,"Tram de_( BARRANC DE LES DEVESES )"
29191,"Tram de_( BARRANC DE BERRUS )"
29193,"BARRANC DE LES COMES"
29194,"Tram de_( BARRANC DE LES COMES )"
29195,"Tram de_( BARRANC DE LES COMES )"
29196,"Tram de_( BARRANC DE BERRUS )"
29200,"Tram de_( BARRANC DE VOZAVALL )"
29201,"Tram de_( BARRANC DE VOZAVALL )"
29202,"Tram de_( BARRANC DE VOZAVALL )"
29203,"Tram de_( SIN NOMBRE )"
29204,"Tram de_( SIN NOMBRE )"
29205,"Tram de_( BARRANC DE VOZAVALL )"
29206,"Tram de_( BARRANC DE VOZAVALL )"
29207,"BARRANC DEL RACO DE LLENGUADERES"
29208,"Tram de_( BARRANC DEL RACO DE LLENGUADERES )"
29209,"Tram de_( BARRANC DE VOZAVALL )"
29211,"Tram de_( BARRANC DE VOZAVALL )"
29212,"Tram de_( BARRANC DE VOZAVALL )"
29213,"Tram de_( BARRANC DE VOZAVALL )"
29215,"Tram de_( BARRANC DE VOZAVALL )"
29216,"Tram de_( BARRANC DE VOZAVALL )"
29218,"Tram de_( BARRANC DE VOZAVALL )"
29219,"BARRANC DE COLL"
29220,"Tram de_( BARRANC DE COLL )"
29221,"Tram de_( BARRANC DE VOZAVALL )"
29224,"BARRANC DE ROSILLA"
29226,"Tram de_( BARRANC DE ROSILLA )"
29233,"Tram de_( BARRANC DE VOZAVALL )"
29234,"Tram de_( BARRANC DE VOZAVALL )"
29235,"BARRANC DE LA VALL DE BUS"
29236,"Tram de_( BARRANC DE LA VALL DE BUS )"
29237,"Tram de_( BARRANC DE LA VALL DE BUS )"
29239,"RIO MATARRAÑA"
29241,"Tram de_( RIO MATARRAÑA )"
29242,"Tram de_( SIN NOMBRE )"
29243,"Tram de_( SIN NOMBRE )"
29244,"Tram de_( SIN NOMBRE )"
29245,"Tram de_( SIN NOMBRE )"
29246,"Tram de_( SIN NOMBRE )"
29248,"BARRANC DE VALLIVES"
29250,"BARRANC DEL ROIG"
29251,"Tram de_( BARRANC DEL ROIG )"
29253,"Tram de_( BARRANC DE VALLIVES )"
29254,"Tram de_( BARRANC DE VALLIVES )"
29256,"VALL DE ROURE GROS"
29257,"Tram de_( VALL DE ROURE GROS )"
29259,"BARRANC DE LO MASSALUCA"
29260,"Tram de_( BARRANC DE LO MASSALUCA )"
29262,"Tram de_( BARRANC DE LO MASSALUCA )"
29263,"BARRANC DE CANUT"
29264,"Tram de_( BARRANC DE CANUT )"
29265,"Tram de_( BARRANC DE CANUT )"
29266,"Tram de_( BARRANC DE LO MASSALUCA )"
29279,"VALL MAJOR O DE BATEA"
29301,"Tram de_( SIN NOMBRE )"
29303,"BARRANC DE MOSSEN PERE O DE LA VENTA DE SANT JOAN"
29304,"Tram de_( BARRANC DE MOSSEN PERE O DE LA VENTA DE SANT JOAN )"
29317,"Tram de_( VALL MAJOR O DE BATEA )"
29320,"VALL DEL PI O DE LES PAUMERES"
29321,"Tram de_( VALL DEL PI O DE LES PAUMERES )"
29329,"Tram de_( VALL MAJOR O DE BATEA )"
29352,"RIO D'ALGARS"
29390,"VALL DE LA MASCAROS"
29391,"Tram de_( VALL DE LA MASCAROS )"
29396,"BARRANC DE VALL DE BALAGUER"
29397,"Tram de_( BARRANC DE VALL DE BALAGUER )"
29405,"BARRANC DE SANT JOAN"
29408,"Tram de_( BARRANC DE SANT JOAN )"
29409,"Tram de_( BARRANC DE SANT JOAN )"
29410,"Tram de_( BARRANC DE SANT JOAN )"
29411,"Tram de_( RIO D'ALGARS )"
29414,"Tram de_( SIN NOMBRE )"
29425,"BARRANC DEL BASSO"
29426,"Tram de_( BARRANC DEL BASSO )"
29454,"BARRANC DE VALL DE BOT"
29455,"Tram de_( BARRANC DE VALL DE BOT )"
29459,"BARRANCO DE LA VALL DE INFERN"
29460,"Tram de_( BARRANCO DE LA VALL DE INFERN )"
29461,"Tram de_( RIO D'ALGARS )"
29468,"BARRANC DE VILANS"
29469,"Tram de_( BARRANC DE VILANS )"
29474,"RIU DELS ESTRETS"
29475,"Tram de_( RIU DELS ESTRETS )"
29476,"Tram de_( RIU DELS ESTRETS )"
29477,"BARRANCO GROS"
29478,"Tram de_( BARRANCO GROS )"
29479,"Tram de_( BARRANCO GROS )"
29480,"Tram de_( RIU DELS ESTRETS )"
29481,"Tram de_( RIU DELS ESTRETS )"
29482,"BARRANC DE FRANXO"
29483,"Tram de_( BARRANC DE FRANXO )"
29484,"Tram de_( RIU DELS ESTRETS )"
29485,"BARRANC DE CLOSETES"
29486,"Tram de_( BARRANC DE CLOSETES )"
29487,"BARRANC DE VALL D' UIXO"
29488,"Tram de_( BARRANC DE VALL D' UIXO )"
29502,"Tram de_( SIN NOMBRE )"
29507,"Tram de_( RIO D'ALGARS )"
29511,"Tram de_( RIO D'ALGARS )"
29898,"Tram de_( SIN NOMBRE )"
29899,"Tram de_( SIN NOMBRE )"
29930,"Tram de_( SIN NOMBRE )"
29931,"BARRANC DEL REGATXOL"
29933,"Tram de_( BARRANC DEL REGATXOL )"
29934,"Tram de_( BARRANC DEL REGATXOL )"
29935,"Tram de_( SIN NOMBRE )"
29936,"Tram de_( BARRANC DEL REGATXOL )"
29948,"Tram de_( SIN NOMBRE )"
29955,"BARRANC DE CAPATX"
29956,"Tram de_( BARRANC DE CAPATX )"
29958,"Tram de_( BARRANC DE CAPATX )"
29959,"Tram de_( BARRANC DE CAPATX )"
29960,"BARRANC DE MILLERS"
29961,"Tram de_( BARRANC DE MILLERS )"
29962,"BARRANC DE LA COSCOLLOSA"
29963,"BARRANC DELS LLADRES"
29965,"Tram de_( BARRANC DELS LLADRES )"
29966,"BARRANQUET DEL CARLUS"
29967,"Tram de_( BARRANQUET DEL CARLUS )"
29968,"Tram de_( BARRANC DE LA COSCOLLOSA )"
29985,"BARRANC DE LA VALLDOLCET"
29986,"BARRANC DE COLL DE VAQUES"
29987,"Tram de_( BARRANC DE COLL DE VAQUES )"
29988,"Tram de_( BARRANC DE LA VALLDOLCET )"
29989,"Tram de_( BARRANC DE LA VALLDOLCET )"
29990,"Tram de_( SIN NOMBRE )"
29991,"Tram de_( BARRANC DE LA VALLDOLCET )"
30011,"Tram de_( RIO EBRO )"
30012,"Tram de_( RIO EBRO )"
30013,"RIU DE BALANCES"
30014,"Tram de_( RIU DE BALANCES )"
30015,"BARRANC DEL TORMO"
30016,"Tram de_( BARRANC DEL TORMO )"
30017,"BARRANC DE VALL DE LLENES"
30018,"Tram de_( BARRANC DE VALL DE LLENES )"
30019,"Tram de_( BARRANC DE VALL DE LLENES )"
30020,"Tram de_( SIN NOMBRE )"
30021,"Tram de_( RIO EBRO )"
30022,"Tram de_( RIO EBRO )"
30027,"BARRANC DE L'AIGUAMOLL"
30028,"BARRANC DE LES CANOTES"
30029,"Tram de_( BARRANC DE LES CANOTES )"
30030,"Tram de_( BARRANC DE LES CANOTES )"
30032,"BARRANC DE LA MINA"
30033,"Tram de_( BARRANC DE LA MINA )"
30034,"Tram de_( BARRANC DE LA MINA )"
30035,"Tram de_( BARRANC DE LA MINA )"
30036,"Tram de_( BARRANC DE LA MINA )"
30037,"Tram de_( BARRANC DE L'AIGUAMOLL )"
30038,"Tram de_( BARRANC DE L'AIGUAMOLL )"
30039,"Tram de_( BARRANC DE L'AIGUAMOLL )"
30040,"VALL DE LA VILA"
30041,"Tram de_( VALL DE LA VILA )"
30042,"Tram de_( VALL DE LA VILA )"
30043,"Tram de_( VALL DE LA VILA )"
30044,"Tram de_( VALL DE LA VILA )"
30045,"Tram de_( VALL DE LA VILA )"
30046,"Tram de_( VALL DE LA VILA )"
30047,"Tram de_( SIN NOMBRE )"
30048,"Tram de_( SIN NOMBRE )"
30049,"Tram de_( VALL DE LA VILA )"
30050,"Tram de_( SIN NOMBRE )"
30051,"Tram de_( SIN NOMBRE )"
30052,"Tram de_( VALL DE LA VILA )"
30053,"Tram de_( VALL DE LA VILA )"
30054,"Tram de_( BARRANC DE L'AIGUAMOLL )"
30055,"Tram de_( BARRANC DE L'AIGUAMOLL )"
30056,"Tram de_( BARRANC DE L'AIGUAMOLL )"
30057,"Tram de_( BARRANC DE L'AIGUAMOLL )"
30058,"Tram de_( SIN NOMBRE )"
30059,"Tram de_( SIN NOMBRE )"
30060,"VALL DE JACA"
30061,"Tram de_( VALL DE JACA )"
30068,"RIU SEGRE"
30070,"BARRANC DE VALLFERA"
30072,"Tram de_( BARRANC DE VALLFERA )"
30073,"BARRANC DE LA GRALLERA"
30076,"Tram de_( BARRANC DE LA GRALLERA )"
30077,"Tram de_( BARRANC DE LA GRALLERA )"
30078,"Tram de_( BARRANC DE VALLFERA )"
30084,"Tram de_( SIN NOMBRE )"
30086,"Tram de_( RIU SEGRE )"
30091,"BARRANC DE LA VALL DE ROTJA"
30092,"Tram de_( BARRANC DE LA VALL DE ROTJA )"
30093,"Tram de_( BARRANC DE LA VALL DE ROTJA )"
30094,"Tram de_( BARRANC DE LA VALL DE ROTJA )"
30095,"Tram de_( BARRANC DE LA VALL DE ROTJA )"
30096,"Tram de_( RIU SEGRE )"
30146,"CLAMOR DE VALLMANYA"
30149,"Tram de_( SIN NOMBRE )"
30150,"Tram de_( SIN NOMBRE )"
30151,"Tram de_( CLAMOR DE VALLMANYA )"
30152,"Tram de_( CLAMOR DE VALLMANYA )"
30153,"Tram de_( CLAMOR DE VALLMANYA )"
30158,"Tram de_( SIN NOMBRE )"
33089,"BARRANC DE LA GATA"
33090,"Tram de_( BARRANC DE LA GATA )"
33091,"Tram de_( SIN NOMBRE )"
33092,"Tram de_( BARRANC DE LA GATA )"
33093,"Tram de_( BARRANC DE LA GATA )"
33095,"BARRANC DE SANTA LLESTA"
33096,"Tram de_( BARRANC DE SANTA LLESTA )"
33097,"VALL DE MORA"
33099,"Tram de_( VALL DE MORA )"
33101,"Tram de_( VALL DE MORA )"
33102,"Tram de_( VALL DE MORA )"
33104,"VALL DE BOVALAR"
33105,"Tram de_( VALL DE BOVALAR )"
33108,"Tram de_( RIU SEGRE )"
33109,"Tram de_( RIU SEGRE )"
33110,"VALL DE MEU"
33111,"Tram de_( VALL DE MEU )"
33112,"VALL DE CARRATALA"
33114,"Tram de_( VALL DE CARRATALA )"
33116,"VALL DE LA PEREROLA"
33117,"Tram de_( VALL DE LA PEREROLA )"
33118,"Tram de_( VALL DE LA PEREROLA )"
33119,"Tram de_( SIN NOMBRE )"
33120,"Tram de_( VALL DE LA PEREROLA )"
33121,"VALL MIARNAU"
33122,"Tram de_( VALL MIARNAU )"
33123,"Tram de_( VALL DE CARRATALA )"
33124,"Tram de_( VALL DE CARRATALA )"
33125,"VALL D'ADAR-MAIALS"
33127,"VALL DELS MONTOLIVETS"
33128,"Tram de_( VALL DELS MONTOLIVETS )"
33130,"Tram de_( VALL D'ADAR-MAIALS )"
33131,"Tram de_( SIN NOMBRE )"
33134,"VALL DE LES LLUNES"
33135,"Tram de_( VALL DE LES LLUNES )"
33136,"VALL MAJOR"
33142,"Tram de_( VALL MAJOR )"
33143,"VALL DELS MASOS"
33145,"Tram de_( VALL DELS MASOS )"
33146,"Tram de_( SIN NOMBRE )"
33147,"VALL DELS VEDATS"
33149,"Tram de_( VALL DELS VEDATS )"
33152,"Tram de_( RIU SEGRE )"
33156,"VALL DEL MAS"
33159,"VALL DE COMA PRUNERA"
33162,"Tram de_( VALL DE COMA PRUNERA )"
33163,"Tram de_( VALL DE COMA PRUNERA )"
33164,"Tram de_( VALL DE COMA PRUNERA )"
33165,"Tram de_( VALL DE COMA PRUNERA )"
33166,"VALL DELS MALLOLS"
33167,"Tram de_( VALL DELS MALLOLS )"
33168,"Tram de_( VALL DELS MALLOLS )"
33171,"Tram de_( VALL DEL MAS )"
33172,"Tram de_( VALL DEL MAS )"
33176,"VALL MAJOR"
33177,"Tram de_( VALL MAJOR )"
33179,"Tram de_( VALL MAJOR )"
33180,"Tram de_( VALL MAJOR )"
33182,"VALL DE LA SOCARRADA"
33183,"Tram de_( VALL DE LA SOCARRADA )"
33187,"Tram de_( VALL MAJOR )"
33188,"VALL DE LES TORTUGUES"
33189,"Tram de_( VALL DE LES TORTUGUES )"
33190,"VALL DELS SISCARS"
33191,"VALL DE LES GIRONES"
33192,"Tram de_( VALL DE LES GIRONES )"
33193,"Tram de_( VALL DELS SISCARS )"
33194,"VALL DE LES FIGUERES"
33195,"VALL DELS ARANYONS"
33196,"Tram de_( VALL DELS ARANYONS )"
33199,"Tram de_( VALL DE LES FIGUERES )"
33200,"Tram de_( VALL DE LES FIGUERES )"
33203,"Tram de_( VALL DE LES FIGUERES )"
33210,"Tram de_( VALL MAJOR )"
33211,"Tram de_( VALL MAJOR )"
33212,"VALL DEL SALT"
33213,"Tram de_( VALL DEL SALT )"
33214,"Tram de_( VALL DEL SALT )"
33215,"VALL DE LES AUBAGUES"
33216,"Tram de_( VALL DE LES AUBAGUES )"
33217,"Tram de_( VALL DE LES AUBAGUES )"
33218,"Tram de_( VALL DE LES AUBAGUES )"
33219,"VALL DEL CURRO O DE LES COVES"
33220,"Tram de_( VALL DEL CURRO O DE LES COVES )"
33221,"Tram de_( VALL MAJOR )"
33222,"Tram de_( VALL MAJOR )"
33223,"Tram de_( VALL MAJOR )"
33224,"Tram de_( RIU SEGRE )"
33225,"Tram de_( SIN NOMBRE )"
33226,"RIU DE SET"
33227,"VALL DE MELONS"
33231,"Tram de_( VALL DE MELONS )"
33232,"Tram de_( VALL DE MELONS )"
33235,"Tram de_( RIU DE SET )"
33238,"VALL DELS RASOS"
33239,"Tram de_( VALL DELS RASOS )"
33247,"VALL DE LA SISQUELLA"
33250,"Tram de_( VALL DE LA SISQUELLA )"
33251,"VALL DE LES ESTEPES"
33252,"Tram de_( VALL DE LES ESTEPES )"
33253,"Tram de_( VALL DE LES ESTEPES )"
33254,"Tram de_( VALL DE LES ESTEPES )"
33255,"Tram de_( VALL DE LES ESTEPES )"
33256,"VALL DE L'UIXOL"
33257,"Tram de_( VALL DE L'UIXOL )"
33258,"Tram de_( VALL DE L'UIXOL )"
33259,"Tram de_( SIN NOMBRE )"
33260,"Tram de_( SIN NOMBRE )"
33261,"VALL DEL NOGUERET"
33262,"Tram de_( VALL DEL NOGUERET )"
33266,"RACO DEL VELLET"
33267,"Tram de_( RACO DEL VELLET )"
33268,"VALL D'AUFAIG"
33269,"Tram de_( VALL D'AUFAIG )"
33271,"VALL SECA"
33273,"Tram de_( VALL SECA )"
33274,"VALL DELS MARQUESOS"
33275,"Tram de_( VALL DELS MARQUESOS )"
33276,"Tram de_( VALL SECA )"
33277,"RIU DE L'ORO"
33278,"Tram de_( RIU DE L'ORO )"
33279,"Tram de_( RIU DE L'ORO )"
33280,"Tram de_( RIU DE L'ORO )"
33282,"BARRANC DEL PURGATORI"
33283,"Tram de_( BARRANC DEL PURGATORI )"
33284,"Tram de_( BARRANC DEL PURGATORI )"
33285,"BARRANC DEL GRIS"
33286,"Tram de_( BARRANC DEL GRIS )"
33287,"Tram de_( BARRANC DEL PURGATORI )"
33288,"Tram de_( BARRANC DEL PURGATORI )"
33289,"VAL DEL MARC"
33290,"Tram de_( VAL DEL MARC )"
33291,"Tram de_( VAL DEL MARC )"
33292,"Tram de_( SIN NOMBRE )"
33293,"Tram de_( VAL DEL MARC )"
33294,"Tram de_( VAL DEL MARC )"
33295,"Tram de_( VAL DEL MARC )"
33296,"BARRANC DE LES GARRIGUES"
33297,"Tram de_( BARRANC DE LES GARRIGUES )"
33298,"Tram de_( VAL DEL MARC )"
33299,"Tram de_( VAL DEL MARC )"
33304,"VALL DE LA SEGRELLA"
33305,"Tram de_( VALL DE LA SEGRELLA )"
33307,"BARRANC DE LA FUMADA"
33308,"Tram de_( BARRANC DE LA FUMADA )"
33310,"BARRANC DELS FORNS"
33311,"Tram de_( BARRANC DELS FORNS )"
33312,"Tram de_( BARRANC DELS FORNS )"
33313,"Tram de_( BARRANC DELS FORNS )"
33315,"BARRANC DE LES AUBEREDES"
33316,"Tram de_( BARRANC DE LES AUBEREDES )"
33317,"Tram de_( RIU DE SET )"
33318,"RIU DEL GORGS"
33319,"FONDO DEL PRUNERS"
33320,"Tram de_( FONDO DEL PRUNERS )"
33321,"Tram de_( RIU DEL GORGS )"
33322,"Tram de_( RIU DEL GORGS )"
33324,"Tram de_( RIU DE SET )"
33325,"Tram de_( RIU DE SET )"
33328,"FONDO DEL MAS D'EN PERIS"
33329,"Tram de_( FONDO DEL MAS D'EN PERIS )"
33331,"FONDO DEL MAS D'EN PERET"
33332,"Tram de_( FONDO DEL MAS D'EN PERET )"
33333,"Tram de_( FONDO DEL MAS D'EN PERET )"
33334,"VALL DE MATXERRI"
33335,"Tram de_( VALL DE MATXERRI )"
33337,"BARRANC DE L'ARANYO"
33339,"Tram de_( BARRANC DE L'ARANYO )"
33340,"Tram de_( SIN NOMBRE )"
33343,"Tram de_( BARRANC DE L'ARANYO )"
33344,"Tram de_( BARRANC DE L'ARANYO )"
33347,"VALL DE LES COMES DE VINAIXA"
33349,"Tram de_( VALL DE LES COMES DE VINAIXA )"
33350,"Tram de_( VALL DE LES COMES DE VINAIXA )"
33351,"Tram de_( VALL DE LES COMES DE VINAIXA )"
33352,"Tram de_( VALL DE LES COMES DE VINAIXA )"
33353,"VALL D'ESTIRAS"
33354,"Tram de_( VALL D'ESTIRAS )"
33355,"Tram de_( VALL D'ESTIRAS )"
33356,"Tram de_( VALL D'ESTIRAS )"
33357,"Tram de_( VALL DE LES COMES DE VINAIXA )"
33358,"Tram de_( VALL DE LES COMES DE VINAIXA )"
33359,"Tram de_( SIN NOMBRE )"
33361,"FONDO DE L'ESPARIGUERA"
33362,"Tram de_( FONDO DE L'ESPARIGUERA )"
33363,"Tram de_( SIN NOMBRE )"
33364,"Tram de_( SIN NOMBRE )"
33365,"Tram de_( SIN NOMBRE )"
33368,"Tram de_( FONDO DE L'ESPARIGUERA )"
33369,"FONDO MAJOR"
33371,"Tram de_( FONDO MAJOR )"
33372,"FONDO DE LES SIVINES"
33373,"Tram de_( FONDO DE LES SIVINES )"
33374,"Tram de_( FONDO DE LES SIVINES )"
33375,"Tram de_( FONDO MAJOR )"
33376,"FONDO DE COMAENSEGARRA"
33377,"Tram de_( FONDO DE COMAENSEGARRA )"
33378,"Tram de_( SIN NOMBRE )"
33379,"Tram de_( SIN NOMBRE )"
33380,"Tram de_( SIN NOMBRE )"
33381,"Tram de_( SIN NOMBRE )"
33382,"Tram de_( FONDO MAJOR )"
33383,"Tram de_( FONDO MAJOR )"
33385,"FONDO DE LES ALZINETES"
33386,"Tram de_( FONDO DE LES ALZINETES )"
33391,"VALLS DELS CORTALS"
33392,"Tram de_( VALLS DELS CORTALS )"
33396,"FONDO DEL DIUMENGES"
33398,"Tram de_( FONDO DEL DIUMENGES )"
33399,"Tram de_( SIN NOMBRE )"
33401,"Tram de_( FONDO DEL DIUMENGES )"
33407,"RIERA DE MALDANELL"
33408,"Tram de_( RIERA DE MALDANELL )"
33410,"Tram de_( RIERA DE MALDANELL )"
33411,"Tram de_( SIN NOMBRE )"
33412,"Tram de_( RIU SEGRE )"
33414,"REGUER GRAN"
33415,"Tram de_( REGUER GRAN )"
33416,"RIO NOGUERA RIBAGORÇANA"
33421,"Tram de_( RIO NOGUERA RIBAGORÇANA )"
33422,"BARRANC DE LES SAVINES"
33423,"Tram de_( BARRANC DE LES SAVINES )"
33424,"Tram de_( RIO NOGUERA RIBAGORÇANA )"
33426,"Tram de_( RIO NOGUERA RIBAGORÇANA )"
33498,"Tram de_( RIO NOGUERA RIBAGORÇANA )"
33499,"Tram de_( RIO NOGUERA RIBAGORÇANA )"
33500,"Tram de_( SIN NOMBRE )"
33501,"Tram de_( SIN NOMBRE )"
33502,"BARRANC DE MIQUEL"
33503,"Tram de_( BARRANC DE MIQUEL )"
33507,"BARRANC D'ALBEROLA"
33508,"Tram de_( BARRANC D'ALBEROLA )"
33509,"Tram de_( BARRANC D'ALBEROLA )"
33510,"BARRANC D'ANTILLAC"
33511,"Tram de_( BARRANC D'ANTILLAC )"
33512,"Tram de_( RIO NOGUERA RIBAGORÇANA )"
33515,"Tram de_( RIO NOGUERA RIBAGORÇANA )"
33517,"Tram de_( RIO NOGUERA RIBAGORÇANA )"
33518,"Tram de_( RIO NOGUERA RIBAGORÇANA )"
33695,"Tram de_( RIO NOGUERA RIBAGORÇANA )"
33697,"BARRANC DE LA FONT DE DUBA"
33698,"Tram de_( BARRANC DE LA FONT DE DUBA )"
33701,"Tram de_( SIN NOMBRE )"
33702,"Tram de_( RIO NOGUERA RIBAGORÇANA )"
33703,"BARRANC DEL REI"
33704,"Tram de_( BARRANC DEL REI )"
33706,"BARRANC GROS"
33707,"Tram de_( BARRANC GROS )"
33709,"BARRANC DE LA MATA DEL VIUDA"
33710,"Tram de_( BARRANC DE LA MATA DEL VIUDA )"
33720,"BARRANC DEL CAMINER"
33721,"BARRANC DEL MAS NOU"
33722,"Tram de_( BARRANC DEL MAS NOU )"
33723,"Tram de_( BARRANC DEL CAMINER )"
33724,"BARRANC DEL SALT"
33725,"Tram de_( BARRANC DEL SALT )"
33731,"BARRANC DE LES COLOMINES"
33733,"Tram de_( BARRANC DE LES COLOMINES )"
33734,"Tram de_( BARRANC DE LES COLOMINES )"
33735,"Tram de_( BARRANC DE LES COLOMINES )"
33749,"BARRANC DE LA PARDINA"
33750,"Tram de_( BARRANC DE LA PARDINA )"
33752,"BARRANC DEL PORTELL"
33753,"Tram de_( BARRANC DEL PORTELL )"
33755,"Tram de_( RIO NOGUERA RIBAGORÇANA )"
33756,"Tram de_( SIN NOMBRE )"
33760,"Tram de_( RIO NOGUERA RIBAGORÇANA )"
33796,"BARRANC GROS"
33797,"BARRANC DE LA CLUA"
33799,"Tram de_( BARRANC DE LA CLUA )"
33800,"Tram de_( BARRANC DE LA CLUA )"
33801,"Tram de_( BARRANC GROS )"
33802,"Tram de_( BARRANC GROS )"
33803,"BARRANC DE CANTILLONS"
33804,"Tram de_( BARRANC DE CANTILLONS )"
33805,"Tram de_( BARRANC DE CANTILLONS )"
33808,"BARRANC DE LA MARRADA"
33809,"Tram de_( BARRANC DE LA MARRADA )"
33810,"BARRANC DE MONTLLOBAR"
33814,"Tram de_( BARRANC DE MONTLLOBAR )"
33815,"Tram de_( BARRANC DE MONTLLOBAR )"
33816,"BARRANC DE LA CASOTA"
33817,"Tram de_( BARRANC DE LA CASOTA )"
33835,"BARRANC DE CARGALLUDA"
33836,"Tram de_( BARRANC DE CARGALLUDA )"
33839,"Tram de_( RIO NOGUERA RIBAGORÇANA )"
33840,"Tram de_( SIN NOMBRE )"
33842,"BARRANC DE LA VILETA"
33845,"Tram de_( BARRANC DE LA VILETA )"
33849,"Tram de_( BARRANC DE LA VILETA )"
33852,"Tram de_( BARRANC DE LA VILETA )"
33853,"Tram de_( BARRANC DE LA VILETA )"
33888,"Tram de_( SIN NOMBRE )"
33894,"BARRANC DELS MASETS"
33895,"Tram de_( BARRANC DELS MASETS )"
33896,"Tram de_( BARRANC DELS MASETS )"
33897,"BARRANC DE RUSSIRERA"
33899,"Tram de_( SIN NOMBRE )"
33905,"BARRANC D'ESPILLS"
33906,"BARRANC DELS CABILASSOS"
33907,"Tram de_( BARRANC DELS CABILASSOS )"
33908,"Tram de_( BARRANC D'ESPILLS )"
33910,"Tram de_( BARRANC D'ESPILLS )"
33913,"Tram de_( BARRANC D'ESPILLS )"
33916,"Tram de_( BARRANC D'ESPILLS )"
33917,"BARRANC DE BITGIMOSES"
33918,"Tram de_( BARRANC DE BITGIMOSES )"
33924,"BARRANC DE LES CORTS"
33925,"Tram de_( BARRANC DE LES CORTS )"
33926,"Tram de_( RIO NOGUERA RIBAGORÇANA )"
33927,"BARRANC DE GARGALLO"
33928,"Tram de_( BARRANC DE GARGALLO )"
33942,"BARRANC D'ESCARLA"
33946,"Tram de_( BARRANC D'ESCARLA )"
33947,"Tram de_( BARRANC D'ESCARLA )"
33950,"Tram de_( BARRANC D'ESCARLA )"
33975,"BARRANC DE TAMASSI"
33976,"Tram de_( BARRANC DE TAMASSI )"
33977,"Tram de_( RIO NOGUERA RIBAGORÇANA )"
33978,"BARRANC DE MARTINET"
33979,"Tram de_( BARRANC DE MARTINET )"
33982,"BARRANC D'ORCIT"
33983,"Tram de_( BARRANC D'ORCIT )"
33988,"BARRANC DEL GRALLER"
33990,"LLAU FONDA"
33991,"Tram de_( LLAU FONDA )"
33992,"Tram de_( BARRANC DEL GRALLER )"
33995,"BARRANC DE TURMEDA"
33996,"BARRANC D'ESPLUGAFREDA"
33997,"Tram de_( BARRANC D'ESPLUGAFREDA )"
33998,"Tram de_( BARRANC DE TURMEDA )"
34026,"BARRANC DEL SOLA"
34029,"Tram de_( BARRANC DEL SOLA )"
34031,"BARRANC DE COMALROURE"
34032,"Tram de_( BARRANC DE COMALROURE )"
34033,"Tram de_( BARRANC DE COMALROURE )"
34034,"BARRANC DE LLEPOS"
34035,"Tram de_( BARRANC DE LLEPOS )"
34037,"BARRANC DEL CLOT DEL ROURE"
34039,"Tram de_( BARRANC DEL CLOT DEL ROURE )"
34041,"Tram de_( BARRANC DEL CLOT DEL ROURE )"
34043,"Tram de_( BARRANC DEL SOLA )"
34044,"LLAU DE LA TORRE"
34045,"Tram de_( LLAU DE LA TORRE )"
34046,"BARRANC DE TOROGO"
34047,"Tram de_( BARRANC DE TOROGO )"
34048,"Tram de_( BARRANC DE TOROGO )"
34050,"BARRANC DE SANT MIQUEL"
34051,"Tram de_( BARRANC DE SANT MIQUEL )"
34055,"Tram de_( RIO NOGUERA RIBAGORÇANA )"
34056,"Tram de_( RIO NOGUERA RIBAGORÇANA )"
34063,"BARRANC DE MIRALLES"
34071,"Tram de_( BARRANC DE MIRALLES )"
34079,"Tram de_( BARRANC DE MIRALLES )"
34080,"Tram de_( BARRANC DE MIRALLES )"
34081,"Tram de_( SIN NOMBRE )"
34119,"Tram de_( SIN NOMBRE )"
34121,"BARRANC DE CANTALLOPS"
34122,"BARRANC DEL PRATUSOT"
34123,"Tram de_( BARRANC DEL PRATUSOT )"
34125,"Tram de_( BARRANC DE CANTALLOPS )"
34126,"BARRANC DEL CASTELL"
34129,"Tram de_( RIO NOGUERA RIBAGORÇANA )"
34130,"BARRANC DE LES CASETES"
34131,"Tram de_( BARRANC DE LES CASETES )"
34132,"Tram de_( BARRANC DE LES CASETES )"
34135,"Tram de_( RIO NOGUERA RIBAGORÇANA )"
34136,"Tram de_( RIO NOGUERA RIBAGORÇANA )"
34138,"BARRANC DE MONTIBERRI"
34139,"Tram de_( BARRANC DE MONTIBERRI )"
34140,"BARRANC DE LA TORXIDA"
34141,"Tram de_( BARRANC DE LA TORXIDA )"
34142,"BARRANC DE MALPAS"
34143,"Tram de_( BARRANC DE MALPAS )"
34144,"Tram de_( BARRANC DE MALPAS )"
34145,"Tram de_( BARRANC DE MALPAS )"
34146,"BARRANC DE PERANERA"
34147,"Tram de_( BARRANC DE PERANERA )"
34148,"Tram de_( BARRANC DE PERANERA )"
34149,"Tram de_( BARRANC DE PERANERA )"
34150,"BARRANC DE LES ESPLUGUES"
34151,"BARRANC DE LA FONT GROSSA"
34152,"Tram de_( BARRANC DE LA FONT GROSSA )"
34154,"Tram de_( BARRANC DE LES ESPLUGUES )"
34155,"BARRANC DE VIU"
34156,"BARRANC DE MISSIVERT"
34157,"RIUET DEL PORT D'ERTA"
34158,"Tram de_( RIUET DEL PORT D'ERTA )"
34159,"Tram de_( RIUET DEL PORT D'ERTA )"
34162,"Tram de_( RIUET DEL PORT D'ERTA )"
34165,"Tram de_( RIUET DEL PORT D'ERTA )"
34167,"Tram de_( RIUET DEL PORT D'ERTA )"
34168,"Tram de_( BARRANC DE MISSIVERT )"
34169,"Tram de_( BARRANC DE VIU )"
34170,"Tram de_( BARRANC DE VIU )"
34171,"Tram de_( BARRANC DE VIU )"
34172,"Tram de_( SIN NOMBRE )"
34173,"Tram de_( BARRANC DE VIU )"
34175,"BARRANC D'ADONS"
34176,"Tram de_( BARRANC D'ADONS )"
34177,"Tram de_( BARRANC D'ADONS )"
34179,"Tram de_( BARRANC D'ADONS )"
34180,"Tram de_( BARRANC D'ADONS )"
34182,"Tram de_( BARRANC D'ADONS )"
34192,"BARRANC D'ESPERAN"
34193,"Tram de_( BARRANC D'ESPERAN )"
34194,"Tram de_( BARRANC D'ESPERAN )"
34195,"Tram de_( BARRANC D'ESPERAN )"
34196,"Tram de_( RIO NOGUERA RIBAGORÇANA )"
34198,"Tram de_( SIN NOMBRE )"
34209,"LA NOGUERA DE TOR"
34210,"Tram de_( SIN NOMBRE )"
34211,"Tram de_( LA NOGUERA DE TOR )"
34212,"BARRANC DEL CAMI D'IRGO"
34213,"Tram de_( BARRANC DEL CAMI D'IRGO )"
34214,"Tram de_( BARRANC DEL CAMI D'IRGO )"
34215,"Tram de_( LA NOGUERA DE TOR )"
34216,"Tram de_( SIN NOMBRE )"
34217,"BARRANC DE CANTILANS"
34218,"Tram de_( BARRANC DE CANTILANS )"
34219,"Tram de_( BARRANC DE CANTILANS )"
34222,"BARRANC DE LA BASSA"
34223,"Tram de_( BARRANC DE LA BASSA )"
34224,"Tram de_( LA NOGUERA DE TOR )"
34225,"BARRANC D'IRAN"
34229,"Tram de_( BARRANC D'IRAN )"
34230,"BARRANC DE FENERO"
34231,"Tram de_( BARRANC DE FENERO )"
34232,"Tram de_( LA NOGUERA DE TOR )"
34233,"BARRANC DE SARAIS"
34235,"Tram de_( BARRANC DE SARAIS )"
34237,"Tram de_( LA NOGUERA DE TOR )"
34238,"BARRANC DE COMABONA"
34239,"Tram de_( BARRANC DE COMABONA )"
34240,"BARRANC DE L'EMPRIU"
34241,"Tram de_( BARRANC DE L'EMPRIU )"
34246,"Tram de_( LA NOGUERA DE TOR )"
34247,"Tram de_( LA NOGUERA DE TOR )"
34251,"BARRANC DELS ORRIS"
34252,"Tram de_( BARRANC DELS ORRIS )"
34253,"Tram de_( BARRANC DELS ORRIS )"
34254,"Tram de_( BARRANC DELS ORRIS )"
34263,"RIUET DE BARRUERA"
34264,"Tram de_( RIUET DE BARRUERA )"
34265,"BARRANC DE LA MUNTANYETA DE BARRUERA"
34266,"Tram de_( BARRANC DE LA MUNTANYETA DE BARRUERA )"
34272,"RIU DE SANT MARTI"
34277,"RIUET DE MULLERES"
34278,"Tram de_( RIUET DE MULLERES )"
34279,"Tram de_( RIUET DE MULLERES )"
34282,"Tram de_( RIUET DE MULLERES )"
34286,"Tram de_( RIU DE SANT MARTI )"
34288,"Tram de_( RIU DE SANT MARTI )"
34289,"BARRANC DEL PORT"
34290,"Tram de_( BARRANC DEL PORT )"
34296,"RIU DE SANT NICOLAU"
34298,"Tram de_( RIU DE SANT NICOLAU )"
34299,"Tram de_( RIU DE SANT NICOLAU )"
34300,"Tram de_( RIU DE SANT NICOLAU )"
34304,"Tram de_( RIU DE SANT NICOLAU )"
34305,"BARRANC DE SARRADE"
34306,"Tram de_( BARRANC DE SARRADE )"
34307,"Tram de_( RIU DE SANT NICOLAU )"
34309,"BARRANC DE LES MUSSOLES"
34310,"Tram de_( BARRANC DE LES MUSSOLES )"
34314,"BARRANC DE CONTRAIX"
34315,"Tram de_( BARRANC DE CONTRAIX )"
34316,"Tram de_( BARRANC DE CONTRAIX )"
34317,"BARRANC DEL PORTARRO"
34318,"Tram de_( BARRANC DEL PORTARRO )"
34319,"Tram de_( SIN NOMBRE )"
34320,"Tram de_( SIN NOMBRE )"
34326,"BARRANC DEL SALLENT"
34327,"Tram de_( BARRANC DEL SALLENT )"
34331,"Tram de_( LA NOGUERA DE TOR )"
34332,"BARRANC DE RIUMALO"
34333,"BARRANC DE LES LLASTRES"
34334,"RIUET DEL NEGRE"
34335,"Tram de_( RIUET DEL NEGRE )"
34336,"Tram de_( SIN NOMBRE )"
34337,"Tram de_( SIN NOMBRE )"
34338,"Tram de_( RIUET DEL NEGRE )"
34339,"Tram de_( RIUET DEL NEGRE )"
34340,"Tram de_( SIN NOMBRE )"
34341,"Tram de_( SIN NOMBRE )"
34343,"Tram de_( BARRANC DE LES LLASTRES )"
34344,"Tram de_( BARRANC DE RIUMALO )"
34410,"BARRANC DELS ARENALS"
34411,"Tram de_( BARRANC DELS ARENALS )"
34416,"Tram de_( RIO NOGUERA RIBAGORÇANA )"
34417,"Tram de_( RIO NOGUERA RIBAGORÇANA )"
34418,"BARRANC DEL RAMADER"
34419,"Tram de_( BARRANC DEL RAMADER )"
34420,"Tram de_( BARRANC DEL RAMADER )"
34422,"Tram de_( RIO NOGUERA RIBAGORÇANA )"
34423,"BARRANC DEL MOLI"
34424,"Tram de_( BARRANC DEL MOLI )"
34425,"BARRANC DE CASOS"
34426,"Tram de_( BARRANC DE CASOS )"
34427,"Tram de_( BARRANC DE CASOS )"
34428,"Tram de_( SIN NOMBRE )"
34435,"Tram de_( SIN NOMBRE )"
34469,"BARRANC DE LA BAIXADA"
34470,"Tram de_( BARRANC DE LA BAIXADA )"
34471,"Tram de_( BARRANC DE LA BAIXADA )"
34491,"BARRANC DE BESIBERRI"
34492,"Tram de_( BARRANC DE BESIBERRI )"
34493,"Tram de_( BARRANC DE BESIBERRI )"
34494,"BARRANC DEL MOLAR GRAN"
34495,"Tram de_( BARRANC DEL MOLAR GRAN )"
34497,"Tram de_( RIO NOGUERA RIBAGORÇANA )"
34504,"RIU CORB"
34508,"Tram de_( RIU CORB )"
34516,"BARRANC DE VINYET"
34517,"Tram de_( BARRANC DE VINYET )"
34518,"BARRANC DE LA TEULERA"
34519,"Tram de_( BARRANC DE LA TEULERA )"
34520,"Tram de_( BARRANC DE LA TEULERA )"
34521,"Tram de_( RIU CORB )"
34522,"BARRANC DEL CLOT DE MUNDETA"
34523,"Tram de_( BARRANC DEL CLOT DE MUNDETA )"
34524,"Tram de_( BARRANC DEL CLOT DE MUNDETA )"
34525,"RIERA DE SALADERN"
34526,"TORRENT DE FORES"
34527,"Tram de_( TORRENT DE FORES )"
34528,"Tram de_( TORRENT DE FORES )"
34529,"Tram de_( TORRENT DE FORES )"
34530,"Tram de_( TORRENT DE FORES )"
34531,"Tram de_( TORRENT DE FORES )"
34532,"Tram de_( TORRENT DE FORES )"
34533,"BARRANC DE LA CANALETA"
34534,"Tram de_( BARRANC DE LA CANALETA )"
34535,"Tram de_( RIERA DE SALADERN )"
34540,"Tram de_( RIU CORB )"
34543,"Tram de_( RIU CORB )"
34544,"RASA DE LA CASABLANCA"
34546,"Tram de_( RASA DE LA CASABLANCA )"
34547,"Tram de_( RIU CORB )"
34549,"Tram de_( RIU CORB )"
34551,"RIU DE FARFANYA"
34552,"Tram de_( RIU DE FARFANYA )"
34553,"Tram de_( RIU DE FARFANYA )"
34558,"Tram de_( RIU DE FARFANYA )"
34559,"Tram de_( SIN NOMBRE )"
34560,"Tram de_( RIU DE FARFANYA )"
34561,"Tram de_( RIU DE FARFANYA )"
34563,"Tram de_( RIU DE FARFANYA )"
34564,"Tram de_( RIU DE FARFANYA )"
34565,"Tram de_( RIU DE FARFANYA )"
34566,"BARRANC DE VILA-SECA"
34567,"Tram de_( BARRANC DE VILA-SECA )"
34568,"Tram de_( BARRANC DE VILA-SECA )"
34569,"Tram de_( BARRANC DE VILA-SECA )"
34570,"Tram de_( BARRANC DE VILA-SECA )"
34571,"Tram de_( SIN NOMBRE )"
34572,"Tram de_( SIN NOMBRE )"
34573,"Tram de_( BARRANC DE VILA-SECA )"
34574,"Tram de_( BARRANC DE VILA-SECA )"
34575,"Tram de_( BARRANC DE VILA-SECA )"
34576,"RIEROL DELS BAULONS"
34577,"Tram de_( RIEROL DELS BAULONS )"
34578,"Tram de_( SIN NOMBRE )"
34579,"Tram de_( RIEROL DELS BAULONS )"
34580,"BARRANC DE TRIAPOLLS"
34581,"Tram de_( BARRANC DE TRIAPOLLS )"
34582,"BARRANC DEL REGUER"
34583,"Tram de_( BARRANC DEL REGUER )"
34586,"Tram de_( BARRANC DEL REGUER )"
34587,"BARRANC DE COMALLONGA"
34591,"BARRANC DE LA BADINA"
34592,"Tram de_( BARRANC DE LA BADINA )"
34600,"BARRANC DEL CORRAL DEL ROIG"
34601,"Tram de_( BARRANC DEL CORRAL DEL ROIG )"
34603,"Tram de_( BARRANC DE COMALLONGA )"
34604,"RIU D'ONDARA"
34605,"BARRANC DE LA FIGUEROSA"
34606,"Tram de_( BARRANC DE LA FIGUEROSA )"
34615,"Tram de_( RIU D'ONDARA )"
34620,"Tram de_( RIU D'ONDARA )"
34621,"TORRENT SALAT"
34623,"Tram de_( TORRENT SALAT )"
34624,"BARRANC FONT VOLTADA"
34625,"Tram de_( BARRANC FONT VOLTADA )"
34626,"Tram de_( BARRANC FONT VOLTADA )"
34627,"Tram de_( SIN NOMBRE )"
34630,"Tram de_( RIU D'ONDARA )"
34631,"Tram de_( RIU D'ONDARA )"
34633,"Tram de_( RIU D'ONDARA )"
34634,"Tram de_( RIU D'ONDARA )"
34635,"TORRENT DEL PRAT"
34636,"Tram de_( TORRENT DEL PRAT )"
34637,"Tram de_( SIN NOMBRE )"
34638,"Tram de_( RIU D'ONDARA )"
34639,"Tram de_( RIU D'ONDARA )"
34640,"Tram de_( RIU D'ONDARA )"
34641,"Tram de_( SIN NOMBRE )"
34644,"RIU SIO"
34645,"TORRENT DEL PLANTAT"
34646,"Tram de_( TORRENT DEL PLANTAT )"
34649,"CLOT DE CASTELLBLANC"
34652,"Tram de_( CLOT DE CASTELLBLANC )"
34656,"Tram de_( RIU SIO )"
34657,"Tram de_( SIN NOMBRE )"
34659,"BARRANC DE VANTALADA"
34660,"Tram de_( BARRANC DE VANTALADA )"
34661,"Tram de_( BARRANC DE VANTALADA )"
34663,"Tram de_( BARRANC DE VANTALADA )"
34664,"BARRANC DEL JUNCAR"
34666,"Tram de_( BARRANC DEL JUNCAR )"
34667,"Tram de_( RIU SIO )"
34671,"TORRENT DEL PASSERELL"
34672,"Tram de_( TORRENT DEL PASSERELL )"
34673,"Tram de_( TORRENT DEL PASSERELL )"
34674,"TORRENT DE L'ORO"
34675,"Tram de_( TORRENT DE L'ORO )"
34676,"TORRENT DE TERRAUBA"
34677,"Tram de_( TORRENT DE TERRAUBA )"
34678,"Tram de_( TORRENT DE TERRAUBA )"
34679,"Tram de_( TORRENT DE TERRAUBA )"
34680,"Tram de_( SIN NOMBRE )"
34681,"CLOT DELS ARENALS"
34682,"Tram de_( CLOT DELS ARENALS )"
34683,"Tram de_( SIN NOMBRE )"
34684,"Tram de_( TORRENT DE L'ORO )"
34685,"TORRENT DE VALLS"
34686,"Tram de_( TORRENT DE VALLS )"
34688,"CLOT DE SAN MIQUEL"
34689,"Tram de_( CLOT DE SAN MIQUEL )"
34690,"Tram de_( CLOT DE SAN MIQUEL )"
34692,"Tram de_( RIU SIO )"
34693,"RASA LLOBATERA"
34694,"Tram de_( RASA LLOBATERA )"
34695,"Tram de_( RIU SIO )"
34696,"RIERA DE VERGOS"
34697,"Tram de_( RIERA DE VERGOS )"
34698,"Tram de_( RIERA DE VERGOS )"
34701,"TORRENT DE LA MALACARA"
34704,"Tram de_( TORRENT DE LA MALACARA )"
34705,"Tram de_( TORRENT DE LA MALACARA )"
34706,"Tram de_( TORRENT DE LA MALACARA )"
34707,"Tram de_( TORRENT DE LA MALACARA )"
34708,"Tram de_( TORRENT DE LA MALACARA )"
34709,"Tram de_( RIU SIO )"
34710,"Tram de_( RIU SIO )"
34711,"Tram de_( RIU SIO )"
34712,"Tram de_( RIU SIO )"
34713,"Tram de_( RIU SIO )"
34714,"FONDO DEL CAMI DE GAVER"
34715,"Tram de_( FONDO DEL CAMI DE GAVER )"
34716,"Tram de_( SIN NOMBRE )"
34717,"Tram de_( SIN NOMBRE )"
34718,"CLOT DE L'HOME"
34719,"Tram de_( CLOT DE L'HOME )"
34720,"RIERA DEL CASTELL"
34721,"Tram de_( RIERA DEL CASTELL )"
34722,"Tram de_( CLOT DE L'HOME )"
34723,"Tram de_( SIN NOMBRE )"
34725,"BARRANC DEL MACIP"
34726,"Tram de_( BARRANC DEL MACIP )"
34727,"Tram de_( BARRANC DEL MACIP )"
34728,"Tram de_( BARRANC DEL MACIP )"
34730,"BARRANC DE LA BOGA"
34731,"Tram de_( BARRANC DE LA BOGA )"
34732,"Tram de_( RIU SEGRE )"
34733,"SEQUIA DE LLORENÇ I DE GERO"
34734,"Tram de_( SEQUIA DE LLORENÇ I DE GERO )"
34736,"BARRANC FONDO"
34737,"Tram de_( BARRANC FONDO )"
34738,"BARRANC DELS ULLS DE LLORENÇ"
34740,"Tram de_( BARRANC DELS ULLS DE LLORENÇ )"
34741,"Tram de_( BARRANC DELS ULLS DE LLORENÇ )"
34742,"Tram de_( SIN NOMBRE )"
34748,"Tram de_( RIU SEGRE )"
34749,"LA NOGUERA PALLARESA"
34750,"BARRANC DE LA RIBERA"
34752,"BARRANC DE SANT MIQUEL"
34753,"Tram de_( BARRANC DE SANT MIQUEL )"
34754,"Tram de_( BARRANC DE SANT MIQUEL )"
34756,"BARRANC DELS POUS"
34757,"BARRANC DE CONQUETA"
34758,"Tram de_( BARRANC DE CONQUETA )"
34759,"Tram de_( BARRANC DELS POUS )"
34760,"BARRANC DE TORDEGANDA"
34761,"Tram de_( BARRANC DE TORDEGANDA )"
34762,"Tram de_( BARRANC DE LA RIBERA )"
34763,"Tram de_( BARRANC DE LA RIBERA )"
34764,"Tram de_( BARRANC DE LA RIBERA )"
34765,"Tram de_( BARRANC DE LA RIBERA )"
34766,"Tram de_( BARRANC DE LA RIBERA )"
34767,"Tram de_( BARRANC DE LA RIBERA )"
34769,"BARRANC DE LA FIGUERETA"
34770,"Tram de_( BARRANC DE LA FIGUERETA )"
34771,"Tram de_( BARRANC DE LA FIGUERETA )"
34774,"BARRANC DE LA FIGUERETA II"
34775,"BARRANC DEL DIABLE"
34776,"Tram de_( BARRANC DEL DIABLE )"
34777,"Tram de_( BARRANC DE LA FIGUERETA II )"
34778,"Tram de_( BARRANC DE LA FIGUERETA )"
34780,"CLOT DE VALL-LLOBAR"
34781,"Tram de_( CLOT DE VALL-LLOBAR )"
34782,"Tram de_( CLOT DE VALL-LLOBAR )"
34783,"Tram de_( CLOT DE VALL-LLOBAR )"
34784,"Tram de_( CLOT DE VALL-LLOBAR )"
34785,"BARRANC DE MALPARTIT"
34786,"Tram de_( BARRANC DE MALPARTIT )"
34790,"BARRANC DELS CURNIARS"
34791,"Tram de_( BARRANC DELS CURNIARS )"
34795,"Tram de_( LA NOGUERA PALLARESA )"
34796,"Tram de_( LA NOGUERA PALLARESA )"
34798,"BARRANC DE CANEMARS"
34799,"Tram de_( BARRANC DE CANEMARS )"
34804,"BARRANC DE FIGUEROLA"
34805,"Tram de_( BARRANC DE FIGUEROLA )"
34806,"Tram de_( BARRANC DE CANEMARS )"
34807,"Tram de_( BARRANC DE CANEMARS )"
34808,"Tram de_( BARRANC DE CANEMARS )"
34809,"Tram de_( BARRANC DE CANEMARS )"
34811,"RIU FRED DE PUI"
34812,"BARRANC DE MARCO"
34813,"Tram de_( BARRANC DE MARCO )"
34815,"BARRANC COLOBOR"
34816,"Tram de_( BARRANC COLOBOR )"
34817,"BARRANC DE TENRENTI"
34818,"Tram de_( BARRANC DE TENRENTI )"
34819,"Tram de_( BARRANC COLOBOR )"
34820,"BARRANC DE FINESTRELLES"
34821,"Tram de_( BARRANC DE FINESTRELLES )"
34824,"Tram de_( RIU FRED DE PUI )"
34825,"Tram de_( SIN NOMBRE )"
34830,"BARRANC DE MENARGUENS"
34831,"Tram de_( BARRANC DE MENARGUENS )"
34832,"BARRANC DEL CORB"
34836,"Tram de_( BARRANC DEL CORB )"
34838,"BARRANC DEL BOTADOR"
34839,"Tram de_( BARRANC DEL BOTADOR )"
34841,"BARRANC DE FUSTERO"
34842,"Tram de_( BARRANC DE FUSTERO )"
34845,"Tram de_( LA NOGUERA PALLARESA )"
34846,"BARRANC DE LES COLS"
34847,"Tram de_( BARRANC DE LES COLS )"
34848,"Tram de_( BARRANC DE LES COLS )"
34849,"Tram de_( BARRANC DE LES COLS )"
34850,"Tram de_( LA NOGUERA PALLARESA )"
34852,"BARRANC DE COLL D'ORENGA O DE PERALBA"
34853,"Tram de_( BARRANC DE COLL D'ORENGA O DE PERALBA )"
34854,"Tram de_( SIN NOMBRE )"
34857,"Tram de_( LA NOGUERA PALLARESA )"
34859,"BARRANC DE CABRERA"
34860,"Tram de_( BARRANC DE CABRERA )"
34861,"Tram de_( LA NOGUERA PALLARESA )"
34862,"Tram de_( LA NOGUERA PALLARESA )"
34863,"Tram de_( LA NOGUERA PALLARESA )"
34864,"Tram de_( LA NOGUERA PALLARESA )"
34866,"BARRANC DE RUBIES"
34867,"Tram de_( BARRANC DE RUBIES )"
34868,"Tram de_( LA NOGUERA PALLARESA )"
34869,"Tram de_( LA NOGUERA PALLARESA )"
34870,"Tram de_( LA NOGUERA PALLARESA )"
34871,"Tram de_( LA NOGUERA PALLARESA )"
34872,"BARRANC DEL BOSC"
34873,"Tram de_( BARRANC DEL BOSC )"
34874,"Tram de_( BARRANC DEL BOSC )"
34875,"Tram de_( BARRANC DEL BOSC )"
34876,"Tram de_( BARRANC DEL BOSC )"
34878,"Tram de_( BARRANC DEL BOSC )"
34881,"LLAU DE SALITO"
34882,"Tram de_( LLAU DE SALITO )"
34883,"LLAU DELS HOMES MORTS"
34884,"Tram de_( LLAU DELS HOMES MORTS )"
34885,"BARRANC DE LA MULLA"
34886,"Tram de_( BARRANC DE LA MULLA )"
34887,"Tram de_( BARRANC DE LA MULLA )"
34888,"Tram de_( SIN NOMBRE )"
34889,"Tram de_( BARRANC DE LA MULLA )"
34890,"Tram de_( BARRANC DE LA MULLA )"
34891,"BARRANC DE CARBONERS"
34892,"Tram de_( BARRANC DE CARBONERS )"
34893,"Tram de_( BARRANC DE LA MULLA )"
34895,"BARRANC DE LA FONT DE LA VEÇA"
34896,"Tram de_( BARRANC DE LA FONT DE LA VEÇA )"
34903,"BARRANC DE LA REBOLLERA"
34905,"Tram de_( BARRANC DE LA REBOLLERA )"
34912,"Tram de_( BARRANC DEL BOSC )"
34913,"BARRANC DE LA PUA"
34914,"Tram de_( BARRANC DE LA PUA )"
34916,"Tram de_( BARRANC DE LA PUA )"
34919,"BARRANC DE BARCEDANA"
34920,"Tram de_( BARRANC DE BARCEDANA )"
34922,"Tram de_( BARRANC DE BARCEDANA )"
34923,"Tram de_( BARRANC DE BARCEDANA )"
34924,"LLAU DEL VALENTI"
34925,"Tram de_( LLAU DEL VALENTI )"
34928,"Tram de_( BARRANC DE BARCEDANA )"
34929,"Tram de_( BARRANC DE BARCEDANA )"
34930,"Tram de_( BARRANC DE BARCEDANA )"
34933,"BARRANC DE LES MOLES"
34936,"Tram de_( BARRANC DE LES MOLES )"
34938,"Tram de_( BARRANC DE LES MOLES )"
34939,"Tram de_( BARRANC DE BARCEDANA )"
34940,"Tram de_( BARRANC DE BARCEDANA )"
34941,"Tram de_( BARRANC DE BARCEDANA )"
34943,"Tram de_( BARRANC DE BARCEDANA )"
34946,"BARRANC DE ROSO"
34947,"Tram de_( BARRANC DE ROSO )"
34948,"LLAU DE COMATORTA"
34949,"Tram de_( LLAU DE COMATORTA )"
34950,"Tram de_( LLAU DE COMATORTA )"
34951,"Tram de_( LLAU DE COMATORTA )"
34952,"Tram de_( BARRANC DE BARCEDANA )"
34960,"Tram de_( LA NOGUERA PALLARESA )"
34961,"Tram de_( LA NOGUERA PALLARESA )"
34962,"Tram de_( LA NOGUERA PALLARESA )"
34968,"BARRANC DE XERCOLES"
34969,"Tram de_( BARRANC DE XERCOLES )"
34971,"Tram de_( BARRANC DE XERCOLES )"
34975,"Tram de_( LA NOGUERA PALLARESA )"
34976,"Tram de_( LA NOGUERA PALLARESA )"
34977,"BARRANC DE LA SERRA"
34979,"Tram de_( LA NOGUERA PALLARESA )"
34981,"Tram de_( LA NOGUERA PALLARESA )"
34982,"BARRANC DE L'ESPONA"
34983,"BARRANC DE LLORIGUER"
34984,"Tram de_( BARRANC DE LLORIGUER )"
34987,"Tram de_( BARRANC DE L'ESPONA )"
34991,"BARRANC DE FORNOLS"
34992,"Tram de_( BARRANC DE FORNOLS )"
34995,"RIU DE CONQUES"
34997,"Tram de_( RIU DE CONQUES )"
34998,"RIU D'ABELLA"
34999,"BARRANC DEL PONT DE FUSTA"
35004,"Tram de_( BARRANC DEL PONT DE FUSTA )"
35005,"Tram de_( RIU D'ABELLA )"
35006,"LLAU DE VALL D'EN PERE"
35007,"BARRANC DE LA COSTA GRAU"
35008,"BARRANC DE LA COSTA GRAN"
35009,"Tram de_( BARRANC DE LA COSTA GRAU )"
35011,"Tram de_( LLAU DE VALL D'EN PERE )"
35012,"BARRANC DE LA CULTIA"
35013,"Tram de_( BARRANC DE LA CULTIA )"
35014,"Tram de_( LLAU DE VALL D'EN PERE )"
35015,"Tram de_( SIN NOMBRE )"
35016,"Tram de_( LLAU DE VALL D'EN PERE )"
35018,"BARRANC DE GASSO"
35020,"Tram de_( BARRANC DE GASSO )"
35021,"Tram de_( BARRANC DE GASSO )"
35022,"Tram de_( RIU D'ABELLA )"
35023,"Tram de_( RIU D'ABELLA )"
35027,"Tram de_( RIU D'ABELLA )"
35028,"BARRANC DE LA VALL"
35029,"BARRANC DE CABORRIU"
35030,"Tram de_( BARRANC DE CABORRIU )"
35031,"Tram de_( BARRANC DE LA VALL )"
35033,"Tram de_( RIU D'ABELLA )"
35034,"Tram de_( RIU D'ABELLA )"
35038,"Tram de_( RIU DE CONQUES )"
35042,"Tram de_( RIU DE CONQUES )"
35044,"BARRANC DE GUIXERS"
35045,"Tram de_( BARRANC DE GUIXERS )"
35048,"Tram de_( RIU DE CONQUES )"
35049,"Tram de_( RIU DE CONQUES )"
35050,"BARRANC DE LA BOIGA"
35051,"Tram de_( BARRANC DE LA BOIGA )"
35052,"Tram de_( SIN NOMBRE )"
35057,"LLAUETA DE PRESQUIRO"
35058,"Tram de_( LLAUETA DE PRESQUIRO )"
35059,"Tram de_( LLAUETA DE PRESQUIRO )"
35063,"BARRANC DE LA COLOMERA"
35064,"Tram de_( BARRANC DE LA COLOMERA )"
35073,"BARRANC DEL CANALIS"
35074,"Tram de_( BARRANC DEL CANALIS )"
35077,"TORRENT DE RENOU"
35078,"Tram de_( TORRENT DE RENOU )"
35079,"Tram de_( TORRENT DE RENOU )"
35081,"BARRANC DE LES VALLS"
35082,"Tram de_( BARRANC DE LES VALLS )"
35093,"BARRANC DE MAS DE GUILLEM"
35095,"Tram de_( BARRANC DE MAS DE GUILLEM )"
35097,"BARRANC DE LA BOGA"
35098,"Tram de_( BARRANC DE LA BOGA )"
35099,"Tram de_( RIU DE CONQUES )"
35100,"Tram de_( RIU DE CONQUES )"
35101,"LLAU DE LA FONT"
35102,"Tram de_( LLAU DE LA FONT )"
35107,"BARRANC DE PALAU"
35109,"Tram de_( BARRANC DE PALAU )"
35115,"BARRANC DEL GORGORI"
35116,"Tram de_( BARRANC DEL GORGORI )"
35119,"BARRANC DEL JUNCAR"
35120,"Tram de_( BARRANC DEL JUNCAR )"
35121,"BARRANC DE TENDRUI"
35122,"Tram de_( BARRANC DE TENDRUI )"
35127,"BARRANC DE SANT ADRIA"
35128,"Tram de_( BARRANC DE SANT ADRIA )"
35129,"Tram de_( BARRANC DE SANT ADRIA )"
35135,"BARRANC DE LES PASTEROLES"
35136,"Tram de_( BARRANC DE LES PASTEROLES )"
35137,"BARRANC DE LA FONT GRAN"
35138,"Tram de_( BARRANC DE LA FONT GRAN )"
35141,"BARRANC DE LA COMA"
35142,"Tram de_( BARRANC DE LA COMA )"
35143,"TORRENT DE FONTVELLA"
35144,"LLAU DELS SABARISSOS"
35145,"Tram de_( LLAU DELS SABARISSOS )"
35147,"Tram de_( TORRENT DE FONTVELLA )"
35148,"LLAU DEL TAPO"
35149,"Tram de_( LLAU DEL TAPO )"
35151,"BARRANC DE SEROS"
35152,"Tram de_( BARRANC DE SEROS )"
35153,"Tram de_( BARRANC DE SEROS )"
35154,"Tram de_( SIN NOMBRE )"
35155,"Tram de_( BARRANC DE SEROS )"
35156,"Tram de_( BARRANC DE SEROS )"
35157,"Tram de_( BARRANC DE SEROS )"
35159,"Tram de_( BARRANC DE SEROS )"
35163,"BARRANC DE REMILLANS"
35164,"Tram de_( BARRANC DE REMILLANS )"
35165,"BARRANC DEL GRAU"
35167,"Tram de_( BARRANC DEL GRAU )"
35168,"Tram de_( BARRANC DEL GRAU )"
35169,"BARRANC DE LES GARANTS"
35170,"Tram de_( BARRANC DE LES GARANTS )"
35173,"BARRANC DE CARAMELL"
35174,"Tram de_( BARRANC DE CARAMELL )"
35178,"Tram de_( LA NOGUERA PALLARESA )"
35179,"Tram de_( LA NOGUERA PALLARESA )"
35180,"Tram de_( LA NOGUERA PALLARESA )"
35181,"Tram de_( LA NOGUERA PALLARESA )"
35182,"Tram de_( LA NOGUERA PALLARESA )"
35183,"Tram de_( LA NOGUERA PALLARESA )"
35184,"Tram de_( LA NOGUERA PALLARESA )"
35185,"Tram de_( LA NOGUERA PALLARESA )"
35186,"BARRANC DE FONTFREDA"
35190,"Tram de_( BARRANC DE FONTFREDA )"
35191,"Tram de_( BARRANC DE FONTFREDA )"
35192,"BARRANC DE LA CALL"
35193,"Tram de_( BARRANC DE LA CALL )"
35194,"BARRANC DE RUBIOL"
35195,"Tram de_( BARRANC DE RUBIOL )"
35196,"Tram de_( BARRANC DE RUBIOL )"
35197,"BARRANC DE PODEGA"
35198,"Tram de_( BARRANC DE PODEGA )"
35199,"BARRANC DE SANT PERE"
35200,"Tram de_( BARRANC DE SANT PERE )"
35201,"RIU DE CARREU"
35202,"Tram de_( RIU DE CARREU )"
35203,"Tram de_( RIU DE CARREU )"
35204,"Tram de_( SIN NOMBRE )"
35208,"Tram de_( RIU DE CARREU )"
35209,"Tram de_( RIU DE CARREU )"
35210,"Tram de_( RIU DE CARREU )"
35211,"Tram de_( RIU DE CARREU )"
35216,"Tram de_( RIU DE CARREU )"
35219,"Tram de_( RIU DE CARREU )"
35220,"Tram de_( RIU DE CARREU )"
35222,"LLAU DELS RAMALS"
35223,"Tram de_( LLAU DELS RAMALS )"
35224,"Tram de_( SIN NOMBRE )"
35226,"Tram de_( RIU DE CARREU )"
35227,"Tram de_( RIU DE CARREU )"
35228,"BARRANC DE LA MALALLAU"
35229,"Tram de_( BARRANC DE LA MALALLAU )"
35230,"Tram de_( BARRANC DE LA MALALLAU )"
35231,"BARRANC DE LA CREUETA"
35233,"BARRANC DE GALLINER"
35234,"Tram de_( BARRANC DE GALLINER )"
35235,"Tram de_( SIN NOMBRE )"
35236,"Tram de_( BARRANC DE LA CREUETA )"
35237,"BARRANC DE LA GARGALLA"
35238,"Tram de_( BARRANC DE LA GARGALLA )"
35239,"Tram de_( BARRANC DE LA CREUETA )"
35241,"Tram de_( LA NOGUERA PALLARESA )"
35242,"Tram de_( LA NOGUERA PALLARESA )"
35243,"Tram de_( LA NOGUERA PALLARESA )"
35247,"BARRANC DE PALOMERA"
35249,"LLAU DE LA VIELLA"
35250,"Tram de_( LLAU DE LA VIELLA )"
35251,"Tram de_( BARRANC DE PALOMERA )"
35258,"BARRANC DE SANTA LLUCIA"
35260,"Tram de_( BARRANC DE SANTA LLUCIA )"
35261,"Tram de_( LA NOGUERA PALLARESA )"
35265,"EL FLAMISELL"
35267,"Tram de_( EL FLAMISELL )"
35268,"Tram de_( EL FLAMISELL )"
35270,"RIU DE SERRADELL"
35271,"Tram de_( RIU DE SERRADELL )"
35272,"Tram de_( SIN NOMBRE )"
35273,"Tram de_( RIU DE SERRADELL )"
35275,"Tram de_( RIU DE SERRADELL )"
35276,"Tram de_( RIU DE SERRADELL )"
35278,"Tram de_( RIU DE SERRADELL )"
35283,"Tram de_( RIU DE SERRADELL )"
35286,"BARRANC D'ENSEROLA"
35287,"Tram de_( BARRANC D'ENSEROLA )"
35292,"BARRANC DE LA VINYASSA"
35293,"Tram de_( BARRANC DE LA VINYASSA )"
35295,"Tram de_( EL FLAMISELL )"
35296,"Tram de_( EL FLAMISELL )"
35298,"Tram de_( EL FLAMISELL )"
35299,"RIU DE SARROCA"
35301,"Tram de_( RIU DE SARROCA )"
35302,"Tram de_( RIU DE SARROCA )"
35303,"RIU DE BELLERA"
35305,"Tram de_( RIU DE BELLERA )"
35306,"Tram de_( RIU DE BELLERA )"
35307,"Tram de_( RIU DE BELLERA )"
35308,"BARRANC DE SANT JULIA"
35310,"Tram de_( RIU DE BELLERA )"
35311,"Tram de_( RIU DE BELLERA )"
35312,"Tram de_( RIU DE BELLERA )"
35313,"Tram de_( RIU DE BELLERA )"
35314,"BARRANC DEL LLADRER"
35315,"Tram de_( BARRANC DEL LLADRER )"
35319,"RIU DE LES IGLESIES"
35320,"Tram de_( RIU DE LES IGLESIES )"
35322,"Tram de_( RIU DE LES IGLESIES )"
35324,"BARRANC DELS MIANS"
35325,"Tram de_( BARRANC DELS MIANS )"
35326,"Tram de_( BARRANC DELS MIANS )"
35327,"BARRANC DE CANARILL"
35328,"Tram de_( BARRANC DE CANARILL )"
35329,"RIU DE MANYANET"
35330,"LA VALIRI"
35332,"Tram de_( LA VALIRI )"
35333,"Tram de_( LA VALIRI )"
35334,"Tram de_( LA VALIRI )"
35336,"Tram de_( LA VALIRI )"
35343,"Tram de_( RIU DE MANYANET )"
35344,"Tram de_( RIU DE MANYANET )"
35345,"Tram de_( RIU DE MANYANET )"
35347,"Tram de_( RIU DE MANYANET )"
35360,"BARRANC DEL CAP DE LLEVATA"
35361,"BARRANC GROS"
35362,"Tram de_( BARRANC GROS )"
35363,"Tram de_( BARRANC DEL CAP DE LLEVATA )"
35364,"Tram de_( BARRANC DEL CAP DE LLEVATA )"
35366,"BARRANC DE PINYANA"
35367,"Tram de_( BARRANC DE PINYANA )"
35368,"Tram de_( BARRANC DE PINYANA )"
35369,"Tram de_( BARRANC DE PINYANA )"
35370,"BARRANC DEL RIAL"
35371,"Tram de_( BARRANC DEL RIAL )"
35375,"LLAU DE L'ESPADELLA"
35376,"Tram de_( LLAU DE L'ESPADELLA )"
35377,"BARRANC DE SANTA MAGDALENA"
35378,"Tram de_( BARRANC DE SANTA MAGDALENA )"
35382,"Tram de_( EL FLAMISELL )"
35383,"BARRANC DE SANT GENIS"
35384,"Tram de_( BARRANC DE SANT GENIS )"
35385,"Tram de_( BARRANC DE SANT GENIS )"
35390,"Tram de_( EL FLAMISELL )"
35391,"Tram de_( EL FLAMISELL )"
35392,"BARRANC DE RUIXOU"
35394,"Tram de_( BARRANC DE RUIXOU )"
35396,"Tram de_( EL FLAMISELL )"
35401,"LLAU DEL BOSC"
35402,"Tram de_( LLAU DEL BOSC )"
35405,"Tram de_( EL FLAMISELL )"
35406,"BARRANC DE GRAMENET"
35407,"Tram de_( BARRANC DE GRAMENET )"
35408,"Tram de_( BARRANC DE GRAMENET )"
35409,"BARRANC DE LES CULTIES"
35410,"Tram de_( BARRANC DE LES CULTIES )"
35411,"BARRANC ROI"
35412,"BARRANC DE LA PLANA"
35413,"Tram de_( BARRANC DE LA PLANA )"
35414,"Tram de_( BARRANC DE LA PLANA )"
35415,"Tram de_( BARRANC ROI )"
35417,"Tram de_( EL FLAMISELL )"
35418,"Tram de_( EL FLAMISELL )"
35419,"Tram de_( EL FLAMISELL )"
35420,"BARRANC DEL FOGUER"
35421,"Tram de_( BARRANC DEL FOGUER )"
35422,"Tram de_( BARRANC DEL FOGUER )"
35427,"CANAL DEL PORTARRO"
35428,"Tram de_( CANAL DEL PORTARRO )"
35430,"BARRANC DEL BAN"
35431,"Tram de_( BARRANC DEL BAN )"
35432,"Tram de_( SIN NOMBRE )"
35433,"Tram de_( BARRANC DEL BAN )"
35436,"Tram de_( EL FLAMISELL )"
35439,"BARRANC DE LA CREU"
35440,"Tram de_( BARRANC DE LA CREU )"
35441,"Tram de_( EL FLAMISELL )"
35442,"Tram de_( EL FLAMISELL )"
35446,"Tram de_( EL FLAMISELL )"
35448,"RIU DE RIQÜERNA"
35449,"RIU DE FILIA"
35450,"Tram de_( RIU DE FILIA )"
35451,"BARRANC DE LA COMA DE FUSES"
35452,"Tram de_( BARRANC DE LA COMA DE FUSES )"
35454,"BARRANC DE LA COMA DEL PORT"
35456,"Tram de_( BARRANC DE LA COMA DEL PORT )"
35457,"Tram de_( BARRANC DE LA COMA DEL PORT )"
35458,"BARRANC DE LA COMA DE L'ESTANY"
35459,"Tram de_( BARRANC DE LA COMA DE L'ESTANY )"
35460,"Tram de_( RIU DE RIQÜERNA )"
35462,"Tram de_( RIU DE RIQÜERNA )"
35463,"Tram de_( RIU DE RIQÜERNA )"
35464,"BARRANC DE COMA DEL PORT"
35465,"Tram de_( BARRANC DE COMA DEL PORT )"
35466,"Tram de_( BARRANC DE COMA DEL PORT )"
35467,"BARRANC DE FRANCI"
35468,"Tram de_( BARRANC DE FRANCI )"
35469,"Tram de_( SIN NOMBRE )"
35470,"Tram de_( SIN NOMBRE )"
35471,"Tram de_( SIN NOMBRE )"
35472,"Tram de_( BARRANC DE FRANCI )"
35473,"Tram de_( BARRANC DE FRANCI )"
35474,"BARRANC DE TORPLA"
35475,"Tram de_( BARRANC DE TORPLA )"
35476,"BARRANC DE PUIROLA"
35477,"Tram de_( BARRANC DE PUIROLA )"
35480,"Tram de_( EL FLAMISELL )"
35481,"CANAL DE PIGOLO"
35482,"Tram de_( CANAL DE PIGOLO )"
35483,"Tram de_( SIN NOMBRE )"
35484,"Tram de_( SIN NOMBRE )"
35485,"Tram de_( CANAL DE PIGOLO )"
35486,"Tram de_( EL FLAMISELL )"
35487,"BARRANC DE LA LORA"
35488,"Tram de_( BARRANC DE LA LORA )"
35489,"Tram de_( SIN NOMBRE )"
35490,"Tram de_( SIN NOMBRE )"
35491,"Tram de_( SIN NOMBRE )"
35492,"Tram de_( SIN NOMBRE )"
35493,"TORRENT DE SALLENTE"
35494,"Tram de_( LA NOGUERA PALLARESA )"
35495,"BARRANC DE VALLCARCA"
35496,"Tram de_( BARRANC DE VALLCARCA )"
35497,"Tram de_( BARRANC DE VALLCARCA )"
35499,"Tram de_( LA NOGUERA PALLARESA )"
35500,"Tram de_( SIN NOMBRE )"
35501,"Tram de_( LA NOGUERA PALLARESA )"
35502,"Tram de_( LA NOGUERA PALLARESA )"
35503,"BARRANC DE SANTA"
35504,"Tram de_( BARRANC DE SANTA )"
35506,"Tram de_( BARRANC DE SANTA )"
35507,"Tram de_( SIN NOMBRE )"
35512,"Tram de_( LA NOGUERA PALLARESA )"
35518,"BARRANC DE LES TOSQUES"
35519,"LLAU DE LA TEULERA"
35520,"Tram de_( LLAU DE LA TEULERA )"
35521,"Tram de_( BARRANC DE LES TOSQUES )"
35523,"BARRANC DE LLADO"
35525,"Tram de_( BARRANC DE LLADO )"
35527,"BARRANC DE LA COMA DE L'OLLA"
35530,"Tram de_( BARRANC DE LA COMA DE L'OLLA )"
35533,"Tram de_( BARRANC DE LLADO )"
35534,"LLAU DE LA GAVARNERA"
35535,"Tram de_( LLAU DE LA GAVARNERA )"
35538,"BARRANC DE L'INFERN"
35539,"Tram de_( BARRANC DE L'INFERN )"
35542,"LLAU DE PERAUBA"
35543,"BARRANC DE LA COMA D'ORIENT"
35545,"Tram de_( BARRANC DE LA COMA D'ORIENT )"
35546,"Tram de_( BARRANC DE LA COMA D'ORIENT )"
35547,"Tram de_( BARRANC DE LA COMA D'ORIENT )"
35550,"Tram de_( BARRANC DE LA COMA D'ORIENT )"
35551,"Tram de_( SIN NOMBRE )"
35552,"Tram de_( SIN NOMBRE )"
35553,"Tram de_( LLAU DE PERAUBA )"
35556,"Tram de_( LLAU DE PERAUBA )"
35559,"BARRANC DE LA TORRE DE SENYUS"
35560,"Tram de_( BARRANC DE LA TORRE DE SENYUS )"
35561,"BARRANC DE LES MORRERES"
35562,"Tram de_( BARRANC DE LES MORRERES )"
35563,"Tram de_( BARRANC DE LES MORRERES )"
35568,"Tram de_( BARRANC DE LES MORRERES )"
35569,"Tram de_( LA NOGUERA PALLARESA )"
35570,"Tram de_( LA NOGUERA PALLARESA )"
35572,"Tram de_( LA NOGUERA PALLARESA )"
35573,"RIU MAJOR"
35578,"Tram de_( RIU MAJOR )"
35579,"Tram de_( RIU MAJOR )"
35582,"BARRANC DELS CASTELLS"
35586,"Tram de_( BARRANC DELS CASTELLS )"
35587,"RIU DE TAUS"
35588,"Tram de_( RIU DE TAUS )"
35589,"Tram de_( SIN NOMBRE )"
35591,"LLAU DE LAJOANIT"
35592,"Tram de_( LLAU DE LAJOANIT )"
35593,"Tram de_( LLAU DE LAJOANIT )"
35595,"LLAU DE LES COSTES"
35596,"Tram de_( LLAU DE LES COSTES )"
35597,"Tram de_( RIU DE TAUS )"
35599,"BARRANC DE GAVARRET"
35601,"Tram de_( BARRANC DE GAVARRET )"
35602,"Tram de_( LA NOGUERA PALLARESA )"
35603,"Tram de_( LA NOGUERA PALLARESA )"
35604,"BARRANC D'ENSEU"
35606,"Tram de_( BARRANC D'ENSEU )"
35607,"BARRANC DE LES PLETES"
35608,"Tram de_( BARRANC DE LES PLETES )"
35610,"RIU D'ANCS"
35612,"BARRANC DEL BAELL"
35613,"Tram de_( BARRANC DEL BAELL )"
35614,"Tram de_( BARRANC DEL BAELL )"
35615,"Tram de_( BARRANC DEL BAELL )"
35616,"Tram de_( RIU D'ANCS )"
35617,"Tram de_( RIU D'ANCS )"
35623,"Tram de_( RIU D'ANCS )"
35624,"Tram de_( RIU D'ANCS )"
35625,"Tram de_( RIU D'ANCS )"
35627,"Tram de_( RIU D'ANCS )"
35636,"RIU D'ESCOS"
35637,"Tram de_( RIU D'ESCOS )"
35638,"BARRANC DE LES AIGÜERES"
35639,"Tram de_( BARRANC DE LES AIGÜERES )"
35640,"BARRANC DE MILLERES"
35641,"BARRANC DE MENCUI"
35642,"BARRANC DEL BOSC"
35643,"Tram de_( BARRANC DE MENCUI )"
35644,"Tram de_( BARRANC DE MILLERES )"
35654,"Tram de_( LA NOGUERA PALLARESA )"
35656,"Tram de_( LA NOGUERA PALLARESA )"
35657,"BARRANC DEL FONT DE SALLENT"
35659,"Tram de_( BARRANC DEL FONT DE SALLENT )"
35660,"Tram de_( BARRANC DEL FONT DE SALLENT )"
35662,"BARRANC DE MONTARDIT"
35664,"Tram de_( BARRANC DE MONTARDIT )"
35665,"Tram de_( BARRANC DE MONTARDIT )"
35666,"Tram de_( BARRANC DE MONTARDIT )"
35668,"BARRANC DE COBRISTA"
35669,"Tram de_( BARRANC DE COBRISTA )"
35671,"Tram de_( BARRANC DE COBRISTA )"
35672,"Tram de_( BARRANC DE COBRISTA )"
35673,"Tram de_( LA NOGUERA PALLARESA )"
35674,"Tram de_( LA NOGUERA PALLARESA )"
35676,"RIU DEL CANTO"
35683,"Tram de_( RIU DEL CANTO )"
35686,"BARRANC DE COMA-SARRERA"
35689,"Tram de_( BARRANC DE COMA-SARRERA )"
35691,"Tram de_( RIU DEL CANTO )"
35696,"BARRANC DE LA COMA DE L'ORRI"
35697,"Tram de_( BARRANC DE LA COMA DE L'ORRI )"
35698,"Tram de_( LA NOGUERA PALLARESA )"
35706,"BARRANC DE LA PIETAT"
35707,"Tram de_( BARRANC DE LA PIETAT )"
35708,"BARRANC DE TORRES NEGRES"
35709,"Tram de_( BARRANC DE TORRES NEGRES )"
35712,"Tram de_( LA NOGUERA PALLARESA )"
35715,"RIU DE BERASTI"
35717,"Tram de_( RIU DE BERASTI )"
35718,"RIU D'ALTRON"
35723,"BARRANC DEL PORTELL"
35724,"Tram de_( BARRANC DEL PORTELL )"
35726,"Tram de_( RIU D'ALTRON )"
35727,"Tram de_( RIU D'ALTRON )"
35729,"Tram de_( RIU D'ALTRON )"
35730,"Tram de_( RIU D'ALTRON )"
35731,"RIU DE CAREGUE"
35732,"Tram de_( RIU DE CAREGUE )"
35733,"Tram de_( RIU DE CAREGUE )"
35734,"Tram de_( RIU DE CAREGUE )"
35735,"BARRANC DELS SOLANS"
35736,"Tram de_( BARRANC DELS SOLANS )"
35737,"Tram de_( RIU DE CAREGUE )"
35738,"Tram de_( RIU DE CAREGUE )"
35740,"Tram de_( RIU DE CAREGUE )"
35741,"BARRANC DE LA PORTELLA"
35742,"Tram de_( BARRANC DE LA PORTELLA )"
35743,"Tram de_( RIU DE CAREGUE )"
35744,"Tram de_( RIU DE CAREGUE )"
35745,"Tram de_( RIU DE CAREGUE )"
35746,"TORRENT DE SENDES"
35747,"Tram de_( TORRENT DE SENDES )"
35748,"Tram de_( RIU DE CAREGUE )"
35749,"Tram de_( RIU DE BERASTI )"
35751,"Tram de_( RIU DE BERASTI )"
35752,"Tram de_( RIU DE BERASTI )"
35754,"Tram de_( RIU DE BERASTI )"
35756,"Tram de_( RIU DE BERASTI )"
35757,"BARRANC DE BAÜRSI"
35758,"Tram de_( BARRANC DE BAÜRSI )"
35761,"Tram de_( RIU DE BERASTI )"
35762,"Tram de_( RIU DE BERASTI )"
35763,"Tram de_( LA NOGUERA PALLARESA )"
35771,"RIU DE SANTA MAGDALENA"
35778,"Tram de_( RIU DE SANTA MAGDALENA )"
35787,"BARRANC DEL FORCAT"
35791,"Tram de_( BARRANC DEL FORCAT )"
35820,"BARRANC DE LA MATA FONT DE FORAT"
35821,"Tram de_( BARRANC DE LA MATA FONT DE FORAT )"
35832,"LA NOGUERA DE VALLFERRERA"
35835,"BARRANC DE BESAN"
35836,"Tram de_( BARRANC DE BESAN )"
35839,"BARRANC DE BUSCALLADO"
35840,"Tram de_( BARRANC DE BUSCALLADO )"
35841,"Tram de_( BARRANC DE BUSCALLADO )"
35842,"LA NOGUERA DE TOR"
35845,"BARRANC DE BOIXEDO"
35846,"Tram de_( BARRANC DE BOIXEDO )"
35848,"Tram de_( LA NOGUERA DE TOR )"
35850,"BARRANC DE GERRI"
35851,"Tram de_( BARRANC DE GERRI )"
35852,"Tram de_( SIN NOMBRE )"
35853,"Tram de_( SIN NOMBRE )"
35854,"Tram de_( BARRANC DE GERRI )"
35856,"RIU DE SALICS"
35857,"Tram de_( RIU DE SALICS )"
35867,"Tram de_( LA NOGUERA DE VALLFERRERA )"
35868,"Tram de_( SIN NOMBRE )"
35870,"BARRANC DE LLORIGA"
35871,"Tram de_( BARRANC DE LLORIGA )"
35872,"Tram de_( LA NOGUERA DE VALLFERRERA )"
35874,"Tram de_( LA NOGUERA DE VALLFERRERA )"
35875,"BARRANC DE CRUSOS"
35876,"Tram de_( BARRANC DE CRUSOS )"
35878,"Tram de_( LA NOGUERA DE VALLFERRERA )"
35880,"BARRANC DE BEDET"
35882,"Tram de_( BARRANC DE BEDET )"
35883,"BARRANC DEL TORN"
35884,"Tram de_( BARRANC DEL TORN )"
35888,"BARRANC DE SOTLLO"
35889,"Tram de_( BARRANC DE SOTLLO )"
35890,"Tram de_( BARRANC DE SOTLLO )"
35891,"Tram de_( SIN NOMBRE )"
35892,"BARRANC D'ARESTE"
35894,"Tram de_( BARRANC D'ARESTE )"
35895,"BARRANC D'ARCALIS"
35896,"Tram de_( BARRANC D'ARCALIS )"
35897,"Tram de_( BARRANC D'ARCALIS )"
35898,"Tram de_( BARRANC D'ARCALIS )"
35899,"RIU DE BAIAU"
35900,"Tram de_( RIU DE BAIAU )"
35901,"Tram de_( RIU DE BAIAU )"
35902,"Tram de_( RIU DE BAIAU )"
35907,"RIU D'ESTAON"
35908,"Tram de_( RIU D'ESTAON )"
35915,"TORRENT D'ENTRERRIUS"
35916,"Tram de_( TORRENT D'ENTRERRIUS )"
35917,"Tram de_( TORRENT D'ENTRERRIUS )"
35921,"TORRENT D'ESTERRI"
35922,"BARRANC DE LA MOLINA"
35924,"Tram de_( BARRANC DE LA MOLINA )"
35925,"Tram de_( TORRENT D'ESTERRI )"
35931,"RIU D'ESTANILLES"
35932,"Tram de_( RIU D'ESTANILLES )"
35933,"RIU DE LLADORRE"
35935,"Tram de_( RIU DE LLADORRE )"
35936,"Tram de_( RIU DE LLADORRE )"
35938,"RIU DE PIULORA"
35939,"Tram de_( RIU DE PIULORA )"
35943,"RIU DE NOARRE"
35945,"Tram de_( RIU DE NOARRE )"
35946,"RIU DE GUEROSSO"
35948,"Tram de_( RIU DE GUEROSSO )"
35950,"TORRENT DE CRESTUIS"
35951,"Tram de_( TORRENT DE CRESTUIS )"
35952,"RIU DEL PORT"
35953,"Tram de_( RIU DEL PORT )"
35954,"Tram de_( RIU DEL PORT )"
35955,"BARRANC DE VEDOS"
35956,"Tram de_( BARRANC DE VEDOS )"
35957,"TORRENT DE LA ROIA DE MOLLAS"
35959,"Tram de_( TORRENT DE LA ROIA DE MOLLAS )"
35960,"Tram de_( SIN NOMBRE )"
35961,"Tram de_( RIU DE LLADORRE )"
35962,"Tram de_( RIU DE LLADORRE )"
35963,"RIBERA DE BOLDIS"
35964,"Tram de_( RIBERA DE BOLDIS )"
35966,"Tram de_( RIU DE LLADORRE )"
35967,"Tram de_( RIU DE LLADORRE )"
35970,"CANAL DE SERRELLO"
35971,"Tram de_( CANAL DE SERRELLO )"
35975,"RIU DE CERTASCAN"
35977,"Tram de_( RIU DE CERTASCAN )"
35978,"Tram de_( RIU DE CERTASCAN )"
35979,"Tram de_( RIU DE CERTASCAN )"
35980,"RIUET DE LA SERRA PLANA"
35981,"Tram de_( RIUET DE LA SERRA PLANA )"
35982,"Tram de_( RIUET DE LA SERRA PLANA )"
35983,"RIU DE BROATE"
35986,"Tram de_( RIU DE BROATE )"
35987,"Tram de_( RIU DE BROATE )"
35988,"Tram de_( SIN NOMBRE )"
35989,"Tram de_( SIN NOMBRE )"
35990,"RIU DE ROMEDO"
35991,"Tram de_( RIU DE ROMEDO )"
35993,"Tram de_( RIU DE ROMEDO )"
35994,"Tram de_( SIN NOMBRE )"
35995,"Tram de_( SIN NOMBRE )"
35996,"Tram de_( RIU DE ROMEDO )"
36000,"Tram de_( LA NOGUERA PALLARESA )"
36001,"TORRENT DEL RIU"
36002,"Tram de_( TORRENT DEL RIU )"
36003,"Tram de_( SIN NOMBRE )"
36004,"RIU DE BAIASCA"
36006,"Tram de_( RIU DE BAIASCA )"
36008,"BARRANC D'ESTADINA"
36009,"Tram de_( BARRANC D'ESTADINA )"
36010,"Tram de_( BARRANC D'ESTADINA )"
36013,"BARRANC D'ENCASI"
36014,"Tram de_( BARRANC D'ENCASI )"
36015,"BARRANC DEL CARGOL"
36016,"Tram de_( BARRANC DEL CARGOL )"
36017,"BARRANC DE CULTIUS"
36018,"Tram de_( BARRANC DE CULTIUS )"
36019,"Tram de_( BARRANC DE CULTIUS )"
36020,"BARRANC DE LES AUBAGUES"
36021,"Tram de_( BARRANC DE LES AUBAGUES )"
36023,"RIU D'ESCART"
36024,"Tram de_( RIU D'ESCART )"
36026,"Tram de_( RIU D'ESCART )"
36028,"Tram de_( RIU D'ESCART )"
36029,"Tram de_( RIU D'ESCART )"
36030,"Tram de_( SIN NOMBRE )"
36031,"Tram de_( RIU D'ESCART )"
36033,"Tram de_( LA NOGUERA PALLARESA )"
36034,"Tram de_( LA NOGUERA PALLARESA )"
36036,"Tram de_( SIN NOMBRE )"
36037,"Tram de_( SIN NOMBRE )"
36042,"RIU DE PEGUERA"
36043,"Tram de_( RIU DE PEGUERA )"
36044,"Tram de_( RIU DE PEGUERA )"
36046,"Tram de_( RIU DE PEGUERA )"
36047,"Tram de_( RIU DE PEGUERA )"
36048,"Tram de_( SIN NOMBRE )"
36049,"Tram de_( SIN NOMBRE )"
36050,"Tram de_( RIU DE PEGUERA )"
36056,"RIU DE RATERA"
36057,"BARRANC DE L'ABELLER"
36058,"Tram de_( BARRANC DE L'ABELLER )"
36059,"Tram de_( RIU DE RATERA )"
36061,"RIU DE MONESTERO"
36062,"Tram de_( RIU DE MONESTERO )"
36072,"BARRANC DE LLAVORRE"
36073,"Tram de_( BARRANC DE LLAVORRE )"
36075,"BARRANC D'ESCRITA"
36076,"Tram de_( BARRANC D'ESCRITA )"
36077,"RIU D'UNARRE"
36078,"RIUET DE BURGO"
36079,"Tram de_( RIUET DE BURGO )"
36080,"BARRANC DELS PRADETS"
36081,"Tram de_( BARRANC DELS PRADETS )"
36083,"BARRANC DE LABEDO"
36084,"Tram de_( BARRANC DE LABEDO )"
36086,"BARRANC DE NYIRI"
36087,"Tram de_( BARRANC DE NYIRI )"
36088,"Tram de_( RIU D'UNARRE )"
36089,"Tram de_( RIU D'UNARRE )"
36090,"Tram de_( SIN NOMBRE )"
36091,"Tram de_( RIU D'UNARRE )"
36092,"RIU DE LA BONAIGUA"
36093,"RIU DE CABANES"
36094,"Tram de_( RIU DE CABANES )"
36095,"Tram de_( RIU DE LA BONAIGUA )"
36096,"BARRANC DE GERBER"
36097,"Tram de_( BARRANC DE GERBER )"
36098,"Tram de_( BARRANC DE GERBER )"
36099,"Tram de_( BARRANC DE GERBER )"
36100,"Tram de_( BARRANC DE GERBER )"
36101,"Tram de_( BARRANC DE GERBER )"
36102,"Tram de_( BARRANC DE GERBER )"
36103,"Tram de_( RIU DE LA BONAIGUA )"
36104,"Tram de_( RIU DE LA BONAIGUA )"
36106,"TORRENT DE BOIXERRI"
36108,"Tram de_( TORRENT DE BOIXERRI )"
36109,"RIU D'ARREU"
36111,"BARRANC DEL MUNTANYO"
36112,"Tram de_( BARRANC DEL MUNTANYO )"
36113,"Tram de_( RIU D'ARREU )"
36114,"Tram de_( RIU D'ARREU )"
36115,"RIVET D'AIROTO"
36116,"Tram de_( RIVET D'AIROTO )"
36120,"Tram de_( LA NOGUERA PALLARESA )"
36121,"BARRANC DE SOMIS"
36122,"Tram de_( BARRANC DE SOMIS )"
36123,"Tram de_( SIN NOMBRE )"
36126,"BARRANC DE PORTIERO"
36127,"Tram de_( BARRANC DE PORTIERO )"
36131,"BARRANC DE COMAMALA"
36132,"Tram de_( BARRANC DE COMAMALA )"
36133,"Tram de_( SIN NOMBRE )"
36136,"BARRANC DE VALARAN"
36137,"Tram de_( BARRANC DE VALARAN )"
36138,"Tram de_( BARRANC DE VALARAN )"
36141,"BARRANC DEL PORT DE SALAU"
36142,"Tram de_( BARRANC DEL PORT DE SALAU )"
36143,"BARRANC DELS VINYALS"
36144,"Tram de_( BARRANC DELS VINYALS )"
36145,"Tram de_( BARRANC DELS VINYALS )"
36147,"Tram de_( LA NOGUERA PALLARESA )"
36149,"TORRENT DE CIRERES"
36150,"Tram de_( TORRENT DE CIRERES )"
36155,"BARRANC DE MONTGOS"
36156,"Tram de_( BARRANC DE MONTGOS )"
36157,"TORRENT DE LLANÇANES"
36158,"Tram de_( TORRENT DE LLANÇANES )"
36159,"Tram de_( LA NOGUERA PALLARESA )"
36160,"ARRIU DE MARIMANHA"
36161,"Tram de_( ARRIU DE MARIMANHA )"
36165,"ARRIU DES BANDOLERS"
36166,"Tram de_( ARRIU DES BANDOLERS )"
36169,"Tram de_( LA NOGUERA PALLARESA )"
36170,"ARRIU DETH HORCALH"
36171,"ARRIU DE VERNATAR"
36172,"Tram de_( ARRIU DE VERNATAR )"
36173,"Tram de_( ARRIU DE VERNATAR )"
36174,"Tram de_( ARRIU DE VERNATAR )"
36175,"Tram de_( ARRIU DETH HORCALH )"
36176,"Tram de_( ARRIU DETH HORCALH )"
36177,"Tram de_( ARRIU DETH HORCALH )"
36178,"RIBERA D'ORLA"
36181,"ARRIU DE PARROS"
36182,"Tram de_( ARRIU DE PARROS )"
36184,"Tram de_( LA NOGUERA PALLARESA )"
36185,"ARRIU DE CABANES"
36186,"Tram de_( ARRIU DE CABANES )"
36188,"ARRIU DERA SERRA"
36189,"Tram de_( ARRIU DERA SERRA )"
36192,"Tram de_( LA NOGUERA PALLARESA )"
36194,"Tram de_( RIU SEGRE )"
36196,"Tram de_( RIU SEGRE )"
36198,"BARRANC DEL MU"
36199,"Tram de_( BARRANC DEL MU )"
36200,"Tram de_( BARRANC DEL MU )"
36201,"BARRANC DE CARBONERA"
36202,"Tram de_( BARRANC DE CARBONERA )"
36203,"Tram de_( RIU SEGRE )"
36204,"Tram de_( RIU SEGRE )"
36207,"BARRANC DE LES SEGUES"
36208,"Tram de_( BARRANC DE LES SEGUES )"
36211,"BARRANC DE LES PLETES"
36212,"Tram de_( BARRANC DE LES PLETES )"
36213,"BARRANC DE MALACOSTA"
36214,"Tram de_( BARRANC DE MALACOSTA )"
36215,"Tram de_( BARRANC DE MALACOSTA )"
36216,"Tram de_( BARRANC DE MALACOSTA )"
36217,"BARRANC DELS BUFONS"
36218,"Tram de_( BARRANC DELS BUFONS )"
36220,"TORRENT DE LA GRANOLLA"
36222,"Tram de_( TORRENT DE LA GRANOLLA )"
36226,"BARRANC DELS CODONYS"
36227,"Tram de_( BARRANC DELS CODONYS )"
36228,"Tram de_( BARRANC DELS CODONYS )"
36229,"Tram de_( BARRANC DELS CODONYS )"
36230,"Tram de_( BARRANC DELS CODONYS )"
36231,"Tram de_( RIU SEGRE )"
36233,"BARRANC DELS TRULLS"
36234,"Tram de_( BARRANC DELS TRULLS )"
36236,"Tram de_( RIU SEGRE )"
36237,"RIU BOIX"
36238,"BARRANC DE SANT PERE"
36239,"Tram de_( BARRANC DE SANT PERE )"
36242,"Tram de_( RIU BOIX )"
36244,"BARRANC DE LA CLUA"
36245,"Tram de_( BARRANC DE LA CLUA )"
36246,"CLOT D'AMETLLER"
36247,"BARRANC DE LA COLLADA"
36248,"Tram de_( BARRANC DE LA COLLADA )"
36249,"Tram de_( CLOT D'AMETLLER )"
36250,"Tram de_( BARRANC DE LA CLUA )"
36251,"Tram de_( BARRANC DE LA CLUA )"
36252,"Tram de_( BARRANC DE LA CLUA )"
36253,"Tram de_( SIN NOMBRE )"
36254,"Tram de_( SIN NOMBRE )"
36256,"BARRANC DE GENER"
36259,"Tram de_( BARRANC DE GENER )"
36260,"Tram de_( RIU BOIX )"
36261,"Tram de_( RIU BOIX )"
36262,"Tram de_( RIU BOIX )"
36263,"Tram de_( RIU BOIX )"
36265,"Tram de_( RIU BOIX )"
36266,"Tram de_( RIU BOIX )"
36267,"BARRANC DE SANT PERE"
36268,"Tram de_( BARRANC DE SANT PERE )"
36269,"Tram de_( BARRANC DE SANT PERE )"
36270,"Tram de_( BARRANC DE SANT PERE )"
36272,"RIU DE L'OBAC"
36273,"Tram de_( RIU DE L'OBAC )"
36275,"Tram de_( RIU BOIX )"
36278,"Tram de_( RIU BOIX )"
36279,"BARRANC DE LA COMA GRAN"
36280,"Tram de_( BARRANC DE LA COMA GRAN )"
36281,"Tram de_( BARRANC DE LA COMA GRAN )"
36283,"Tram de_( RIU SEGRE )"
36291,"BARRANC DEL PONT DE LES RAIES"
36292,"Tram de_( BARRANC DEL PONT DE LES RAIES )"
36293,"Tram de_( BARRANC DEL PONT DE LES RAIES )"
36294,"Tram de_( BARRANC DEL PONT DE LES RAIES )"
36295,"Tram de_( BARRANC DEL PONT DE LES RAIES )"
36296,"BARRANC FONTFREDA"
36297,"Tram de_( BARRANC FONTFREDA )"
36298,"Tram de_( BARRANC FONTFREDA )"
36299,"Tram de_( BARRANC FONTFREDA )"
36300,"Tram de_( BARRANC FONTFREDA )"
36307,"Tram de_( BARRANC FONTFREDA )"
36309,"BARRANC DE LES PLANES"
36310,"Tram de_( BARRANC DE LES PLANES )"
36311,"BARRANC DE LES ALIGUES"
36312,"Tram de_( BARRANC DE LES ALIGUES )"
36313,"Tram de_( BARRANC DE LES ALIGUES )"
36315,"BARRANC DE CUBER"
36316,"Tram de_( BARRANC DE CUBER )"
36318,"BARRANC DE LA JONA"
36319,"Tram de_( BARRANC DE LA JONA )"
36320,"Tram de_( BARRANC DE LA JONA )"
36321,"BARRANC DE LA FONT DELS COMS"
36322,"Tram de_( BARRANC DE LA FONT DELS COMS )"
36323,"Tram de_( BARRANC DE LA JONA )"
36324,"Tram de_( SIN NOMBRE )"
36327,"BARRANC DE LES PLETES"
36328,"Tram de_( BARRANC DE LES PLETES )"
36334,"BARRANC DE TORREBLANCA"
36335,"Tram de_( BARRANC DE TORREBLANCA )"
36338,"Tram de_( BARRANC DE TORREBLANCA )"
36339,"Tram de_( BARRANC DE TORREBLANCA )"
36340,"BARRANC DE LA TEULERA"
36341,"Tram de_( BARRANC DE LA TEULERA )"
36342,"Tram de_( BARRANC DE LA TEULERA )"
36343,"Tram de_( BARRANC DE TORREBLANCA )"
36344,"Tram de_( BARRANC DE TORREBLANCA )"
36346,"Tram de_( BARRANC DE TORREBLANCA )"
36347,"BARRANC DE LA COLOMINA"
36349,"Tram de_( BARRANC DE LA COLOMINA )"
36350,"Tram de_( BARRANC DE TORREBLANCA )"
36352,"BARRANC DEL FIDEL"
36353,"BARRANC DE CAL FORTO"
36354,"Tram de_( BARRANC DE CAL FORTO )"
36355,"Tram de_( BARRANC DEL FIDEL )"
36357,"RIU LLOBREGOS"
36358,"BARRANC DE FEMIDES"
36359,"Tram de_( BARRANC DE FEMIDES )"
36361,"TORRENT DE CABANABONA"
36362,"Tram de_( TORRENT DE CABANABONA )"
36364,"TORRENT DE VALLDORIES"
36365,"Tram de_( TORRENT DE VALLDORIES )"
36366,"Tram de_( TORRENT DE VALLDORIES )"
36367,"Tram de_( TORRENT DE VALLDORIES )"
36368,"Tram de_( TORRENT DE VALLDORIES )"
36369,"BARRANC DE SORRIBES"
36370,"Tram de_( BARRANC DE SORRIBES )"
36371,"Tram de_( TORRENT DE VALLDORIES )"
36374,"RIERA DE SANAÜJA"
36376,"RASA DE PUJOL"
36377,"Tram de_( RASA DE PUJOL )"
36380,"RASA DE COLL DE FRARES"
36381,"Tram de_( RASA DE COLL DE FRARES )"
36382,"RIERA DE SALLENT"
36383,"Tram de_( RIERA DE SALLENT )"
36389,"Tram de_( RIERA DE SANAÜJA )"
36390,"Tram de_( RIERA DE SANAÜJA )"
36394,"Tram de_( RIERA DE SANAÜJA )"
36395,"Tram de_( RIERA DE SANAÜJA )"
36399,"Tram de_( RIERA DE SANAÜJA )"
36400,"TORRENT DE GRANOLLERS"
36402,"BARRANC DE SELVANERA"
36403,"Tram de_( BARRANC DE SELVANERA )"
36404,"Tram de_( TORRENT DE GRANOLLERS )"
36405,"BARRANC DE GRANOLLERS"
36406,"Tram de_( BARRANC DE GRANOLLERS )"
36407,"Tram de_( BARRANC DE GRANOLLERS )"
36408,"TORRENT DE MASSOTERES"
36409,"Tram de_( TORRENT DE MASSOTERES )"
36410,"Tram de_( TORRENT DE MASSOTERES )"
36411,"RIERA DE BIOSCA"
36416,"Tram de_( RIERA DE BIOSCA )"
36417,"Tram de_( RIERA DE BIOSCA )"
36418,"Tram de_( RIERA DE BIOSCA )"
36419,"TORRENT DE PALOU"
36420,"Tram de_( TORRENT DE PALOU )"
36421,"Tram de_( TORRENT DE PALOU )"
36422,"Tram de_( TORRENT DE PALOU )"
36425,"Tram de_( RIU LLOBREGOS )"
36427,"RASA DE LLANERA"
36429,"Tram de_( RASA DE LLANERA )"
36430,"BARRANC DE FIGUEROLA"
36431,"Tram de_( BARRANC DE FIGUEROLA )"
36432,"Tram de_( BARRANC DE FIGUEROLA )"
36433,"Tram de_( BARRANC DE FIGUEROLA )"
36435,"RASA DE LA FONT DE VILELLA"
36436,"Tram de_( RASA DE LA FONT DE VILELLA )"
36439,"BARRANC DELS QUADROS"
36441,"Tram de_( BARRANC DELS QUADROS )"
36444,"Tram de_( RASA DE LLANERA )"
36445,"RASA DE LA ROVIRA"
36447,"RASA D'ARDEVOL"
36449,"Tram de_( RASA D'ARDEVOL )"
36450,"BARRANCO DE SANTA MARIA"
36456,"Tram de_( BARRANCO DE SANTA MARIA )"
36457,"RASA DEL MOLI DE MOIXONS"
36458,"Tram de_( RASA DEL MOLI DE MOIXONS )"
36459,"Tram de_( RASA DE LA ROVIRA )"
36460,"TORRENT DE LA GARGANTA"
36461,"Tram de_( TORRENT DE LA GARGANTA )"
36462,"CLOT DE LA COMA"
36463,"Tram de_( CLOT DE LA COMA )"
36466,"Tram de_( TORRENT DE LA GARGANTA )"
36467,"Tram de_( RIU LLOBREGOS )"
36468,"TORRENT D'ENCONILLS"
36469,"Tram de_( TORRENT D'ENCONILLS )"
36470,"TORRENT DE MORELL"
36471,"Tram de_( TORRENT DE MORELL )"
36472,"Tram de_( TORRENT DE MORELL )"
36473,"Tram de_( RIU LLOBREGOS )"
36474,"Tram de_( RIU LLOBREGOS )"
36475,"Tram de_( RIU LLOBREGOS )"
36476,"TORRENT MAGRE"
36477,"Tram de_( TORRENT MAGRE )"
36478,"TORRENT DE CAN GILET"
36479,"Tram de_( TORRENT DE CAN GILET )"
36480,"Tram de_( RIU LLOBREGOS )"
36481,"TORRENT BO"
36483,"Tram de_( TORRENT BO )"
36485,"TORRENT DE CONILL"
36486,"Tram de_( TORRENT DE CONILL )"
36487,"Tram de_( TORRENT BO )"
36489,"Tram de_( RIU LLOBREGOS )"
36491,"RIERA DE MANTELLI"
36493,"Tram de_( RIERA DE MANTELLI )"
36494,"TORRENT DE CAL MORROS"
36495,"Tram de_( TORRENT DE CAL MORROS )"
36496,"Tram de_( TORRENT DE CAL MORROS )"
36497,"TORRENT DEL FITO"
36499,"Tram de_( TORRENT DEL FITO )"
36500,"TORRENT DE GUINER"
36501,"Tram de_( TORRENT DE GUINER )"
36502,"TORRENT DELS PILOTS"
36503,"Tram de_( TORRENT DELS PILOTS )"
36507,"BARRANC DE LA GUIXERA"
36508,"Tram de_( BARRANC DE LA GUIXERA )"
36509,"BARRANC DEL CLOT D'ALBESA"
36510,"Tram de_( BARRANC DEL CLOT D'ALBESA )"
36511,"Tram de_( BARRANC DE LA GUIXERA )"
36512,"Tram de_( BARRANC DE LA GUIXERA )"
36513,"Tram de_( BARRANC DE LA GUIXERA )"
36514,"Tram de_( BARRANC DE LA GUIXERA )"
36515,"Tram de_( BARRANC DE LA GUIXERA )"
36518,"BARRANC DE VALLDANS"
36519,"Tram de_( BARRANC DE VALLDANS )"
36520,"Tram de_( RIU SEGRE )"
36521,"Tram de_( RIU SEGRE )"
36523,"Tram de_( RIU SEGRE )"
36524,"EL RIALB"
36525,"CLOT DELS FONDOS"
36526,"Tram de_( CLOT DELS FONDOS )"
36527,"Tram de_( EL RIALB )"
36530,"BARRANC DE VILARO"
36531,"Tram de_( BARRANC DE VILARO )"
36532,"BARRANC DE CORNUDELLA"
36533,"Tram de_( BARRANC DE CORNUDELLA )"
36541,"RASA DE CAL SEGARRA"
36542,"Tram de_( RASA DE CAL SEGARRA )"
36545,"BARRANC DE L'ESPLUGA DE LES CABRES"
36546,"Tram de_( BARRANC DE L'ESPLUGA DE LES CABRES )"
36548,"Tram de_( BARRANC DE L'ESPLUGA DE LES CABRES )"
36549,"BARRANC DE MAÇANERS"
36550,"Tram de_( BARRANC DE MAÇANERS )"
36551,"Tram de_( BARRANC DE MAÇANERS )"
36552,"BARRANC DE SALINOVES"
36553,"Tram de_( BARRANC DE SALINOVES )"
36557,"BARRANC DEL SERRAT DEL PEL"
36558,"Tram de_( BARRANC DEL SERRAT DEL PEL )"
36561,"LA RASETA"
36562,"Tram de_( LA RASETA )"
36565,"BARRANC DE L'HEDRA"
36566,"Tram de_( BARRANC DE L'HEDRA )"
36567,"Tram de_( BARRANC DE L'HEDRA )"
36571,"BARRANC DE FABREGADA"
36572,"Tram de_( BARRANC DE FABREGADA )"
36573,"Tram de_( EL RIALB )"
36574,"BARRANC DE MAS BARRAT"
36575,"Tram de_( BARRANC DE MAS BARRAT )"
36580,"TORRENT DE GAVARRA"
36581,"TORRENT DE CARREU"
36582,"Tram de_( TORRENT DE CARREU )"
36583,"TORRENT DEL TEIX"
36584,"Tram de_( TORRENT DEL TEIX )"
36586,"TORRENT DEL FAI"
36587,"Tram de_( TORRENT DEL FAI )"
36588,"BARRANC DE RELLA"
36589,"Tram de_( BARRANC DE RELLA )"
36590,"TORRENT D'ISOT"
36591,"TORRENT DE LA MALESA"
36592,"Tram de_( TORRENT DE LA MALESA )"
36593,"Tram de_( TORRENT D'ISOT )"
36594,"Tram de_( TORRENT DE GAVARRA )"
36596,"Tram de_( EL RIALB )"
36597,"Tram de_( EL RIALB )"
36601,"Tram de_( EL RIALB )"
36602,"BARRANC DE LES COLLADETES"
36604,"Tram de_( BARRANC DE LES COLLADETES )"
36605,"RASA DEL COLL D'ESPINA"
36606,"Tram de_( RASA DEL COLL D'ESPINA )"
36607,"RIU DE PUJALS"
36608,"Tram de_( RIU DE PUJALS )"
36609,"Tram de_( RIU DE PUJALS )"
36610,"CLOT D'ESPINAUBA"
36611,"Tram de_( CLOT D'ESPINAUBA )"
36612,"Tram de_( SIN NOMBRE )"
36613,"Tram de_( CLOT D'ESPINAUBA )"
36614,"BARRANC DE L'OBAGA"
36615,"Tram de_( BARRANC DE L'OBAGA )"
36617,"Tram de_( RIU SEGRE )"
36619,"TORRENT DE MORAGUER"
36620,"Tram de_( TORRENT DE MORAGUER )"
36621,"Tram de_( TORRENT DE MORAGUER )"
36622,"Tram de_( RIU SEGRE )"
36623,"BARRANC DE LA FONT"
36624,"Tram de_( BARRANC DE LA FONT )"
36629,"BARRANC DE LA BASTIDA"
36630,"Tram de_( BARRANC DE LA BASTIDA )"
36631,"Tram de_( BARRANC DE LA BASTIDA )"
36634,"Tram de_( RIU SEGRE )"
36635,"Tram de_( RIU SEGRE )"
36636,"Tram de_( RIU SEGRE )"
36637,"RIERA DE MADRONA"
36638,"Tram de_( RIERA DE MADRONA )"
36640,"Tram de_( RIERA DE MADRONA )"
36641,"BARRANC DE GUARDIOLA"
36642,"Tram de_( BARRANC DE GUARDIOLA )"
36644,"Tram de_( RIERA DE MADRONA )"
36646,"BARRANC DE SANGRA"
36647,"Tram de_( BARRANC DE SANGRA )"
36648,"Tram de_( BARRANC DE SANGRA )"
36649,"BARRANC DE MAÇANA"
36650,"Tram de_( BARRANC DE MAÇANA )"
36651,"Tram de_( RIERA DE MADRONA )"
36652,"BARRANC DE PINELL"
36653,"Tram de_( BARRANC DE PINELL )"
36654,"RASA DE LA CASETA"
36655,"Tram de_( RASA DE LA CASETA )"
36656,"Tram de_( BARRANC DE PINELL )"
36657,"Tram de_( BARRANC DE PINELL )"
36658,"Tram de_( SIN NOMBRE )"
36659,"Tram de_( SIN NOMBRE )"
36660,"Tram de_( SIN NOMBRE )"
36661,"Tram de_( BARRANC DE PINELL )"
36662,"BARRANC DEL GASPAR"
36663,"Tram de_( BARRANC DEL GASPAR )"
36664,"Tram de_( BARRANC DEL GASPAR )"
36665,"RASA DE PUJOL"
36666,"Tram de_( RASA DE PUJOL )"
36667,"Tram de_( RASA DE PUJOL )"
36669,"BARRANC DE LA FORADADA"
36670,"Tram de_( BARRANC DE LA FORADADA )"
36671,"BARRANC DE SANT TIRS"
36673,"Tram de_( BARRANC DE SANT TIRS )"
36674,"Tram de_( BARRANC DE SANT TIRS )"
36675,"Tram de_( SIN NOMBRE )"
36676,"Tram de_( SIN NOMBRE )"
36677,"Tram de_( BARRANC DE SANT TIRS )"
36678,"Tram de_( BARRANC DE SANT TIRS )"
36687,"TORRENT DE RIUDEBAS"
36689,"Tram de_( TORRENT DE RIUDEBAS )"
36690,"Tram de_( TORRENT DE RIUDEBAS )"
36691,"RASA DE MONTJUIC"
36692,"Tram de_( RASA DE MONTJUIC )"
36694,"RASA DE CAL CERDA"
36695,"Tram de_( RASA DE CAL CERDA )"
36696,"RASA DE LA PASTERA"
36697,"Tram de_( RASA DE LA PASTERA )"
36698,"RIBERA SALADA"
36699,"Tram de_( RIBERA SALADA )"
36700,"Tram de_( RIBERA SALADA )"
36701,"Tram de_( RIBERA SALADA )"
36703,"RASA DE LA CODINA"
36704,"Tram de_( RASA DE LA CODINA )"
36705,"Tram de_( RIBERA SALADA )"
36706,"RASA DE COSCOLLOLA"
36707,"Tram de_( RASA DE COSCOLLOLA )"
36708,"Tram de_( RASA DE COSCOLLOLA )"
36709,"RASA DELS PICONS"
36710,"Tram de_( RASA DELS PICONS )"
36713,"RASA DE PAMPE"
36714,"Tram de_( RASA DE PAMPE )"
36715,"Tram de_( RASA DE COSCOLLOLA )"
36716,"RASA DE SOLANES"
36717,"Tram de_( RASA DE SOLANES )"
36718,"Tram de_( RASA DE COSCOLLOLA )"
36719,"Tram de_( RASA DE COSCOLLOLA )"
36723,"Tram de_( RIBERA SALADA )"
36725,"TORRENT DE LA VILA"
36727,"Tram de_( TORRENT DE LA VILA )"
36728,"Tram de_( TORRENT DE LA VILA )"
36729,"RASA DEL PONT DE L'HOSTAL"
36731,"Tram de_( RIBERA SALADA )"
36732,"Tram de_( RIBERA SALADA )"
36733,"BARRANC DE QUEROL"
36734,"Tram de_( BARRANC DE QUEROL )"
36736,"Tram de_( BARRANC DE QUEROL )"
36737,"Tram de_( BARRANC DE QUEROL )"
36741,"Tram de_( RIBERA SALADA )"
36742,"RASA DE LA MUSELLA"
36743,"Tram de_( RASA DE LA MUSELLA )"
36744,"Tram de_( RASA DE LA MUSELLA )"
36745,"Tram de_( SIN NOMBRE )"
36749,"EL RIARD"
36750,"RASA DEL BARRANC"
36752,"Tram de_( RASA DEL BARRANC )"
36754,"Tram de_( EL RIARD )"
36755,"Tram de_( EL RIARD )"
36757,"Tram de_( EL RIARD )"
36758,"Tram de_( EL RIARD )"
36759,"Tram de_( SIN NOMBRE )"
36760,"RASA DE CAL"
36761,"Tram de_( RASA DE CAL )"
36762,"Tram de_( RASA DE CAL )"
36763,"Tram de_( RASA DE CAL )"
36764,"Tram de_( RASA DE CAL )"
36765,"Tram de_( EL RIARD )"
36766,"Tram de_( EL RIARD )"
36767,"Tram de_( EL RIARD )"
36769,"Tram de_( RIBERA SALADA )"
36771,"Tram de_( RIBERA SALADA )"
36772,"Tram de_( RIBERA SALADA )"
36773,"TORRENT PREGON"
36774,"Tram de_( TORRENT PREGON )"
36775,"Tram de_( RIBERA SALADA )"
36776,"Tram de_( RIBERA SALADA )"
36777,"RIERA DE CANALDA"
36778,"RIBERA DELS POUETS"
36779,"Tram de_( RIBERA DELS POUETS )"
36780,"RASA DE BALLETBO"
36781,"Tram de_( RASA DE BALLETBO )"
36782,"Tram de_( RASA DE BALLETBO )"
36783,"Tram de_( RIBERA DELS POUETS )"
36784,"Tram de_( RIBERA DELS POUETS )"
36785,"Tram de_( RIERA DE CANALDA )"
36786,"Tram de_( RIERA DE CANALDA )"
36789,"Tram de_( RIERA DE CANALDA )"
36790,"Tram de_( RIERA DE CANALDA )"
36791,"Tram de_( RIERA DE CANALDA )"
36792,"Tram de_( RIERA DE CANALDA )"
36793,"RASA D'ENCIES"
36794,"TORRENT DE JUNYENT"
36795,"Tram de_( TORRENT DE JUNYENT )"
36796,"Tram de_( TORRENT DE JUNYENT )"
36797,"Tram de_( TORRENT DE JUNYENT )"
36798,"Tram de_( RASA D'ENCIES )"
36799,"Tram de_( RASA D'ENCIES )"
36800,"Tram de_( RASA D'ENCIES )"
36801,"Tram de_( RASA D'ENCIES )"
36803,"TORRENT DEL GRAU"
36804,"Tram de_( TORRENT DEL GRAU )"
36805,"Tram de_( TORRENT DEL GRAU )"
36806,"Tram de_( SIN NOMBRE )"
36808,"RIERA DE CANALDA"
36809,"Tram de_( RIERA DE CANALDA )"
36810,"RIU D'ODEN"
36812,"Tram de_( RIU D'ODEN )"
36814,"RIU FRED"
36817,"Tram de_( RIU FRED )"
36818,"Tram de_( RIU FRED )"
36820,"Tram de_( RIU FRED )"
36822,"RASA DE LES OLLES"
36825,"Tram de_( RASA DE LES OLLES )"
36826,"Tram de_( RASA DE LES OLLES )"
36829,"TORRENT DE LLEU"
36830,"Tram de_( TORRENT DE LLEU )"
36831,"Tram de_( RIU FRED )"
36835,"Tram de_( RIU SEGRE )"
36840,"BARRANC DE PERAMOLA"
36843,"Tram de_( BARRANC DE PERAMOLA )"
36844,"Tram de_( BARRANC DE PERAMOLA )"
36845,"BARRANC DE NEROLA"
36846,"Tram de_( BARRANC DE NEROLA )"
36848,"Tram de_( RIU SEGRE )"
36849,"Tram de_( RIU SEGRE )"
36851,"RASA DE LA FONT DE LA SALUT"
36852,"Tram de_( RASA DE LA FONT DE LA SALUT )"
36855,"TORRENT DE REIXA"
36858,"RASA DE LA VALLDAN"
36859,"Tram de_( RASA DE LA VALLDAN )"
36860,"Tram de_( RASA DE LA VALLDAN )"
36861,"Tram de_( RASA DE LA VALLDAN )"
36862,"Tram de_( TORRENT DE REIXA )"
36863,"RASA DE CARISSOLS"
36864,"Tram de_( RASA DE CARISSOLS )"
36866,"RASA DE CAL MARC"
36867,"Tram de_( RASA DE CAL MARC )"
36868,"Tram de_( RASA DE CARISSOLS )"
36869,"Tram de_( RIU SEGRE )"
36870,"BARRANC DE LES CAUBES"
36871,"Tram de_( BARRANC DE LES CAUBES )"
36872,"Tram de_( BARRANC DE LES CAUBES )"
36873,"CLOT D'AUBENÇ"
36874,"Tram de_( CLOT D'AUBENÇ )"
36875,"Tram de_( RIU SEGRE )"
36876,"Tram de_( RIU SEGRE )"
36877,"RASA DEL BOTADOR"
36878,"Tram de_( RASA DEL BOTADOR )"
36879,"RIU DE LA MORA"
36880,"Tram de_( RIU DE LA MORA )"
36881,"Tram de_( RIU DE LA MORA )"
36882,"Tram de_( RIU DE LA MORA )"
36883,"Tram de_( RIU DE LA MORA )"
36885,"Tram de_( RIU DE LA MORA )"
36886,"Tram de_( RIU DE LA MORA )"
36887,"Tram de_( RIU DE LA MORA )"
36890,"BARRANC DEL BOTER"
36891,"Tram de_( BARRANC DEL BOTER )"
36892,"RIU DE SANT JOAN"
36893,"Tram de_( RIU DE SANT JOAN )"
36896,"TORRENT DE LA SELVA D'AUBENÇ"
36899,"Tram de_( TORRENT DE LA SELVA D'AUBENÇ )"
36901,"Tram de_( RIU SEGRE )"
36902,"Tram de_( RIU SEGRE )"
36903,"Tram de_( RIU SEGRE )"
36904,"Tram de_( RIU SEGRE )"
36905,"Tram de_( RIU SEGRE )"
36906,"Tram de_( RIU SEGRE )"
36907,"Tram de_( RIU SEGRE )"
36908,"RIU DE SALLENT"
36909,"Tram de_( RIU DE SALLENT )"
36910,"Tram de_( RIU DE SALLENT )"
36911,"BARRANC DE LES MASIES"
36912,"Tram de_( BARRANC DE LES MASIES )"
36913,"Tram de_( BARRANC DE LES MASIES )"
36914,"BARRANC DEL FAIG"
36915,"Tram de_( BARRANC DEL FAIG )"
36917,"BARRANC DE LES GRASES"
36918,"Tram de_( BARRANC DE LES GRASES )"
36919,"BARRANC DE CULLES"
36920,"Tram de_( BARRANC DE CULLES )"
36921,"RIU DE VALLDARQUES"
36923,"Tram de_( RIU DE VALLDARQUES )"
36924,"Tram de_( RIU DE VALLDARQUES )"
36926,"Tram de_( RIU DE VALLDARQUES )"
36927,"Tram de_( SIN NOMBRE )"
36928,"Tram de_( SIN NOMBRE )"
36929,"Tram de_( SIN NOMBRE )"
36930,"Tram de_( RIU DE VALLDARQUES )"
36931,"RIU DE SANTA MARIA"
36932,"Tram de_( RIU DE SANTA MARIA )"
36935,"Tram de_( RIU DE VALLDARQUES )"
36936,"Tram de_( RIU DE SALLENT )"
36941,"BARRANC DE LES COSTES"
36942,"Tram de_( BARRANC DE LES COSTES )"
36943,"Tram de_( RIU SEGRE )"
36945,"RIU DE PERLES"
36946,"Tram de_( RIU DE PERLES )"
36947,"RIU DE CANELLES"
36948,"Tram de_( RIU DE CANELLES )"
36949,"Tram de_( RIU DE CANELLES )"
36953,"TORRENT DE L'ESCURA"
36954,"Tram de_( TORRENT DE L'ESCURA )"
36958,"RIU D'ALINYA"
36959,"Tram de_( RIU D'ALINYA )"
36961,"BARRANC DE L'ALZINA"
36962,"Tram de_( BARRANC DE L'ALZINA )"
36965,"RASA D'URDIET"
36966,"Tram de_( RASA D'URDIET )"
36967,"Tram de_( SIN NOMBRE )"
36969,"RASA DE L'ESCURA"
36970,"Tram de_( RASA DE L'ESCURA )"
36971,"Tram de_( RASA DE L'ESCURA )"
36972,"Tram de_( RIU SEGRE )"
36973,"RIUET DE FONTANET"
36975,"Tram de_( RIUET DE FONTANET )"
36976,"Tram de_( RIUET DE FONTANET )"
36978,"TORRENT DE LES TINES"
36979,"Tram de_( TORRENT DE LES TINES )"
36983,"RIU DE CABO"
36985,"Tram de_( RIU DE CABO )"
36986,"Tram de_( SIN NOMBRE )"
36987,"Tram de_( RIU DE CABO )"
36988,"Tram de_( RIU DE CABO )"
36989,"Tram de_( RIU DE CABO )"
36991,"Tram de_( RIU DE CABO )"
36992,"Tram de_( RIU DE CABO )"
36994,"Tram de_( RIU DE CABO )"
36995,"Tram de_( RIU DE CABO )"
36996,"LLAU DEL REGUER"
36997,"RIU DEL CAP DE LA VALL"
36999,"Tram de_( RIU DEL CAP DE LA VALL )"
37000,"BARRANC D'INGLADA"
37001,"Tram de_( BARRANC D'INGLADA )"
37003,"Tram de_( BARRANC D'INGLADA )"
37004,"Tram de_( BARRANC D'INGLADA )"
37005,"Tram de_( BARRANC D'INGLADA )"
37006,"Tram de_( BARRANC D'INGLADA )"
37007,"Tram de_( BARRANC D'INGLADA )"
37008,"Tram de_( BARRANC D'INGLADA )"
37009,"Tram de_( RIU DEL CAP DE LA VALL )"
37010,"LLAU DE LA MORA"
37011,"Tram de_( LLAU DE LA MORA )"
37013,"Tram de_( RIU DEL CAP DE LA VALL )"
37016,"BARRANC DEL FONDO"
37017,"Tram de_( BARRANC DEL FONDO )"
37018,"Tram de_( RIU DEL CAP DE LA VALL )"
37019,"Tram de_( RIU SEGRE )"
37020,"RIU DE LAVANSA"
37021,"TORRENT DEL RUIXOL"
37022,"Tram de_( TORRENT DEL RUIXOL )"
37023,"Tram de_( RIU DE LAVANSA )"
37024,"TORRENT DE LA FONT DE PUJOL"
37025,"Tram de_( TORRENT DE LA FONT DE PUJOL )"
37026,"Tram de_( RIU DE LAVANSA )"
37028,"BARRANC DE BOCAGELERA"
37031,"Tram de_( BARRANC DE BOCAGELERA )"
37032,"Tram de_( RIU DE LAVANSA )"
37035,"Tram de_( RIU DE LAVANSA )"
37037,"Tram de_( RIU DE LAVANSA )"
37038,"Tram de_( RIU DE LAVANSA )"
37044,"TORRENT DE ROBADELL"
37045,"Tram de_( TORRENT DE ROBADELL )"
37048,"TORRENT D'OSSERA"
37051,"Tram de_( TORRENT D'OSSERA )"
37052,"Tram de_( TORRENT D'OSSERA )"
37053,"Tram de_( RIU DE LAVANSA )"
37054,"RIU FRED"
37055,"Tram de_( RIU FRED )"
37056,"Tram de_( RIU FRED )"
37057,"Tram de_( RIU FRED )"
37058,"BARRANC DE LA FONT DEL DIUMENGE"
37060,"Tram de_( BARRANC DE LA FONT DEL DIUMENGE )"
37062,"Tram de_( RIU DE LAVANSA )"
37063,"TORRENT DE SAVEJA"
37064,"Tram de_( TORRENT DE SAVEJA )"
37065,"Tram de_( TORRENT DE SAVEJA )"
37066,"Tram de_( TORRENT DE SAVEJA )"
37067,"Tram de_( TORRENT DE SAVEJA )"
37068,"TORRENT DEL GUIX"
37069,"Tram de_( TORRENT DEL GUIX )"
37071,"Tram de_( RIU DE LAVANSA )"
37072,"Tram de_( RIU DE LAVANSA )"
37075,"TORRENT DE L'OBEC"
37076,"Tram de_( TORRENT DE L'OBEC )"
37077,"Tram de_( RIU DE LAVANSA )"
37078,"RIU DE MDA"
37079,"TORRENT DEL COLL DE PORT"
37080,"Tram de_( TORRENT DEL COLL DE PORT )"
37083,"Tram de_( RIU DE MDA )"
37084,"TORRENT DE LA TEULERIA"
37085,"Tram de_( TORRENT DE LA TEULERIA )"
37086,"Tram de_( RIU DE MDA )"
37088,"Tram de_( RIU DE MDA )"
37089,"Tram de_( RIU DE MDA )"
37090,"Tram de_( RIU DE MDA )"
37091,"RIU DE JOSA"
37096,"Tram de_( RIU DE JOSA )"
37097,"Tram de_( RIU DE JOSA )"
37099,"Tram de_( RIU DE JOSA )"
37100,"Tram de_( RIU DE JOSA )"
37101,"Tram de_( RIU DE JOSA )"
37102,"RIU DE CERNERES"
37106,"Tram de_( RIU DE CERNERES )"
37109,"TORRENT DE JOVELL"
37110,"Tram de_( TORRENT DE JOVELL )"
37111,"Tram de_( TORRENT DE JOVELL )"
37112,"BARRANC DE FONTANELLA"
37113,"Tram de_( BARRANC DE FONTANELLA )"
37114,"Tram de_( BARRANC DE FONTANELLA )"
37116,"TORRENT DE MANYARONS"
37119,"Tram de_( TORRENT DE MANYARONS )"
37120,"RIU DE TOST"
37125,"Tram de_( RIU DE TOST )"
37127,"Tram de_( RIU DE TOST )"
37129,"Tram de_( RIU DE TOST )"
37130,"TORRENT DE FONTELLES"
37131,"TORRENT DEL SOLA"
37132,"Tram de_( TORRENT DEL SOLA )"
37133,"Tram de_( TORRENT DE FONTELLES )"
37134,"Tram de_( SIN NOMBRE )"
37135,"RIU ROIG DE SAUVANYA"
37136,"Tram de_( RIU ROIG DE SAUVANYA )"
37140,"Tram de_( RIU ROIG DE SAUVANYA )"
37141,"Tram de_( RIU ROIG DE SAUVANYA )"
37142,"RIU DE LA GUARDIA"
37143,"RIU DE PALLEROLS"
37144,"Tram de_( RIU DE PALLEROLS )"
37145,"Tram de_( RIU DE PALLEROLS )"
37146,"Tram de_( SIN NOMBRE )"
37147,"LLAU DEL POUADOR"
37148,"Tram de_( LLAU DEL POUADOR )"
37149,"Tram de_( SIN NOMBRE )"
37150,"Tram de_( SIN NOMBRE )"
37151,"Tram de_( RIU DE PALLEROLS )"
37154,"Tram de_( RIU DE PALLEROLS )"
37155,"Tram de_( RIU DE PALLEROLS )"
37160,"BARRANC DE L'AVEDOSA"
37161,"Tram de_( BARRANC DE L'AVEDOSA )"
37166,"RIU DE CASTELLAS"
37167,"Tram de_( RIU DE CASTELLAS )"
37168,"Tram de_( SIN NOMBRE )"
37169,"Tram de_( SIN NOMBRE )"
37170,"Tram de_( RIU DE CASTELLAS )"
37171,"Tram de_( RIU DE CASTELLAS )"
37172,"RIU DE GUILS"
37180,"Tram de_( RIU DE GUILS )"
37183,"Tram de_( RIU DE CASTELLAS )"
37184,"Tram de_( RIU DE CASTELLAS )"
37194,"LLAU DE MESSONS"
37195,"Tram de_( LLAU DE MESSONS )"
37196,"Tram de_( LLAU DE MESSONS )"
37199,"Tram de_( RIU DE LA GUARDIA )"
37200,"Tram de_( RIU DE LA GUARDIA )"
37201,"Tram de_( RIU DE LA GUARDIA )"
37202,"Tram de_( RIU DE LA GUARDIA )"
37203,"Tram de_( SIN NOMBRE )"
37205,"BARRANC DEL LLOP"
37206,"Tram de_( BARRANC DEL LLOP )"
37207,"LLAU DE LES OSSES"
37208,"Tram de_( LLAU DE LES OSSES )"
37209,"Tram de_( RIU DE LA GUARDIA )"
37211,"BARRANC DE LES CANALS"
37212,"Tram de_( BARRANC DE LES CANALS )"
37216,"Tram de_( RIU SEGRE )"
37217,"BARRANC DE CULINOVES"
37218,"Tram de_( BARRANC DE CULINOVES )"
37219,"Tram de_( RIU SEGRE )"
37222,"BARRANC DE FOLGUERES"
37223,"Tram de_( BARRANC DE FOLGUERES )"
37224,"RIU DEL PLA"
37225,"Tram de_( RIU DEL PLA )"
37226,"RIU D'ARAVELL"
37232,"BARRANC DE CERCEDOL"
37234,"Tram de_( BARRANC DE CERCEDOL )"
37237,"LLAU FONDA"
37238,"Tram de_( LLAU FONDA )"
37243,"TORRENT D'EN MI"
37244,"Tram de_( TORRENT D'EN MI )"
37245,"BARRANC DE CABRERA"
37246,"Tram de_( BARRANC DE CABRERA )"
37265,"Tram de_( RIU D'ARAVELL )"
37266,"BARRANC DELS MOLINS"
37269,"Tram de_( BARRANC DELS MOLINS )"
37271,"Tram de_( BARRANC DELS MOLINS )"
37280,"RIU VALIRA"
37284,"BARRANC D'ANSERALL"
37285,"Tram de_( BARRANC D'ANSERALL )"
37289,"TORRENT DE L'ORRI"
37290,"Tram de_( TORRENT DE L'ORRI )"
37291,"Tram de_( RIU VALIRA )"
37292,"RIU DE CIVIS"
37293,"Tram de_( RIU DE CIVIS )"
37308,"TORRENT DE LES CORXESSANES"
37309,"Tram de_( TORRENT DE LES CORXESSANES )"
37314,"BARRANC DEL COLL DE LAQUELL"
37315,"Tram de_( BARRANC DEL COLL DE LAQUELL )"
37317,"RIU DE SALORIA"
37318,"Tram de_( RIU DE SALORIA )"
37319,"Tram de_( RIU DE SALORIA )"
37320,"RIU DE SETURIA"
37321,"LA TORRENTERA"
37322,"Tram de_( LA TORRENTERA )"
37323,"Tram de_( RIU DE SETURIA )"
37324,"Tram de_( RIU DE SETURIA )"
37326,"TORRENT DE CASANOVES"
37327,"Tram de_( TORRENT DE CASANOVES )"
37328,"Tram de_( TORRENT DE CASANOVES )"
37330,"Tram de_( TORRENT DE CASANOVES )"
37331,"Tram de_( TORRENT DE CASANOVES )"
37334,"BARRANC DELS REGUERS"
37335,"Tram de_( BARRANC DELS REGUERS )"
37336,"TORRENT DEL BUFOT"
37337,"Tram de_( TORRENT DEL BUFOT )"
37339,"RIU DE CERC"
37340,"Tram de_( RIU DE CERC )"
37344,"BARRANC DE LA FOU"
37345,"Tram de_( BARRANC DE LA FOU )"
37364,"TORRENT DE CERVELLA"
37365,"Tram de_( TORRENT DE CERVELLA )"
37367,"TORRENT GRANT"
37368,"Tram de_( TORRENT GRANT )"
37373,"Tram de_( RIU SEGRE )"
37377,"TORRENT GRAN"
37378,"Tram de_( TORRENT GRAN )"
37380,"TORRENT DE LA MOLINA"
37381,"Tram de_( TORRENT DE LA MOLINA )"
37382,"Tram de_( TORRENT DE LA MOLINA )"
37383,"Tram de_( TORRENT GRAN )"
37386,"Tram de_( RIU SEGRE )"
37390,"RIU DE CADI"
37391,"Tram de_( RIU DE CADI )"
37393,"BARRANC DE LA CANAL DEL MIGDIA"
37394,"Tram de_( BARRANC DE LA CANAL DEL MIGDIA )"
37396,"Tram de_( RIU DE CADI )"
37397,"BARRANC DE LA CANAL DE L'AIGUA"
37399,"Tram de_( BARRANC DE LA CANAL DE L'AIGUA )"
37418,"TORRENT DE SANT JOAN"
37419,"Tram de_( TORRENT DE SANT JOAN )"
37421,"RIU DE QUER"
37422,"Tram de_( RIU DE QUER )"
37423,"Tram de_( RIU DE QUER )"
37425,"Tram de_( RIU DE QUER )"
37426,"Tram de_( RIU DE QUER )"
37429,"RIU D'ARANSER"
37430,"Tram de_( RIU D'ARANSER )"
37431,"RIU DE LA VERNEDA"
37433,"Tram de_( RIU DE LA VERNEDA )"
37434,"Tram de_( RIU DE LA VERNEDA )"
37436,"Tram de_( RIU D'ARANSER )"
37437,"RIU DEL MOLI"
37438,"TORRENT DE SETUT"
37439,"Tram de_( TORRENT DE SETUT )"
37440,"Tram de_( TORRENT DE SETUT )"
37441,"Tram de_( RIU DEL MOLI )"
37442,"Tram de_( SIN NOMBRE )"
37443,"Tram de_( RIU DEL MOLI )"
37444,"Tram de_( RIU DEL MOLI )"
37446,"TORRENT DE L'ORRI"
37447,"Tram de_( TORRENT DE L'ORRI )"
37448,"Tram de_( RIU SEGRE )"
37449,"RIU DE BASTANIST"
37450,"TORRENT D'ESTANA"
37451,"Tram de_( TORRENT D'ESTANA )"
37453,"TORRENT DE LES BORDES"
37454,"Tram de_( TORRENT DE LES BORDES )"
37455,"Tram de_( SIN NOMBRE )"
37456,"Tram de_( TORRENT DE LES BORDES )"
37457,"Tram de_( RIU DE BASTANIST )"
37458,"TORRENT DE L'AVELLANOSA"
37460,"Tram de_( TORRENT DE L'AVELLANOSA )"
37461,"TORRENT DE L'ESTENEDOR"
37462,"Tram de_( TORRENT DE L'ESTENEDOR )"
37464,"RIU DE LA LLOSA"
37465,"Tram de_( RIU DE LA LLOSA )"
37467,"TORRENT DE COBORRIU"
37468,"Tram de_( TORRENT DE COBORRIU )"
37469,"TORRENT DE LA FONT DEL FERRO"
37470,"Tram de_( TORRENT DE LA FONT DEL FERRO )"
37478,"RIU DE LA MUGA"
37479,"Tram de_( RIU DE LA MUGA )"
37480,"RIU DE VALLCIVERA"
37482,"Tram de_( RIU DE VALLCIVERA )"
37483,"Tram de_( RIU DE VALLCIVERA )"
37485,"TORRENT DE FONTFREDA"
37486,"Tram de_( TORRENT DE FONTFREDA )"
37487,"TORRENT DE RIDOLAINA"
37489,"Tram de_( TORRENT DE RIDOLAINA )"
37490,"TORRENT DE LES ERES"
37491,"Tram de_( TORRENT DE LES ERES )"
37492,"BARRANC DE LES TOSSELLETES"
37493,"Tram de_( BARRANC DE LES TOSSELLETES )"
37495,"Tram de_( RIU SEGRE )"
37500,"TORRENT DE CARCADES"
37501,"Tram de_( TORRENT DE CARCADES )"
37508,"TORRENT D'ULLDEBOU"
37509,"Tram de_( TORRENT D'ULLDEBOU )"
37513,"TORRENT DE LA MENA"
37517,"Tram de_( TORRENT DE LA MENA )"
37521,"TORRENT DE LA QUERA"
37522,"Tram de_( TORRENT DE LA QUERA )"
37523,"TORRENT DE LA FOU DE BOR"
37524,"Tram de_( TORRENT DE LA FOU DE BOR )"
37526,"TORRENT DE LA FOU"
37528,"Tram de_( TORRENT DE LA FOU )"
37538,"RIU DURAN"
37549,"TORRENT DE COMAESTRETA"
37550,"Tram de_( TORRENT DE COMAESTRETA )"
37555,"TORRENT BO"
37557,"Tram de_( TORRENT BO )"
37558,"Tram de_( TORRENT BO )"
37559,"REC DE TORER"
37560,"Tram de_( REC DE TORER )"
37561,"Tram de_( RIU DURAN )"
37562,"Tram de_( RIU DURAN )"
37563,"Tram de_( RIU DURAN )"
37566,"TORRENT DELS BOUS"
37567,"Tram de_( TORRENT DELS BOUS )"
37568,"TORRENT DE RIELL"
37569,"TORRENT GROS"
37570,"Tram de_( TORRENT GROS )"
37571,"TORRENT GROS O DE LA SOSA"
37575,"TORRENT DE LA VALIRA"
37576,"Tram de_( TORRENT DE LA VALIRA )"
37595,"RIU D'ALP"
37601,"Tram de_( RIU D'ALP )"
37609,"TORRENT DE SALTEGUET"
37610,"Tram de_( TORRENT DE SALTEGUET )"
37611,"Tram de_( TORRENT DE SALTEGUET )"
37616,"TORRENT DE LES PLETASSES"
37617,"Tram de_( TORRENT DE LES PLETASSES )"
37621,"REC DEL GESPETAR"
37622,"Tram de_( REC DEL GESPETAR )"
37623,"Tram de_( REC DEL GESPETAR )"
37625,"TORRENT DEL MAS"
37626,"Tram de_( TORRENT DEL MAS )"
55925,"Tram de_( SIN NOMBRE )"
55926,"BARRANC DE SANT PERE"
55929,"BARRANC D'ARDIT"
55930,"Tram de_( BARRANC D'ARDIT )"
55932,"Tram de_( BARRANC DE SANT PERE )"
55934,"BARRANC DE CERVERA"
55936,"Tram de_( BARRANC DE CERVERA )"
55937,"BARRANC DEL PONT TRENCAT O BARRANC DELS GARIDELLS O BARRANC DE BACONER"
55939,"Tram de_( BARRANC DEL PONT TRENCAT O BARRANC DELS GARIDELLS O BARRANC DE BACONER )"
55940,"BARRANC DE COMARTI"
55941,"Tram de_( BARRANC DE COMARTI )"
55942,"Tram de_( BARRANC DEL PONT TRENCAT O BARRANC DELS GARIDELLS O BARRANC DE BACONER )"
55944,"Tram de_( BARRANC DEL PONT TRENCAT O BARRANC DELS GARIDELLS O BARRANC DE BACONER )"
55947,"BARRANC DE L'ALIGA"
55948,"Tram de_( BARRANC DE L'ALIGA )"
55949,"Tram de_( SIN NOMBRE )"
55952,"BARRANC DE LES GUARDIES"
55954,"Tram de_( BARRANC DE LES GUARDIES )"
55955,"BARRANC DEL SAFRANAR O BARRANC DEL BOC"
55956,"BARRANC DE LES MALLADETES"
55957,"Tram de_( BARRANC DE LES MALLADETES )"
55958,"BARRANC DELS BERTOLINS"
55959,"Tram de_( BARRANC DELS BERTOLINS )"
55960,"Tram de_( BARRANC DEL SAFRANAR O BARRANC DEL BOC )"
55971,"BARRANC DE L'ESTANY"
55972,"Tram de_( BARRANC DE L'ESTANY )"
55973,"BARRANC DEL BON MOSSO"
55974,"Tram de_( BARRANC DEL BON MOSSO )"
55975,"Tram de_( SIN NOMBRE )"
55976,"Tram de_( SIN NOMBRE )"
55978,"Tram de_( BARRANC DEL BON MOSSO )"
55979,"Tram de_( BARRANC DEL BON MOSSO )"
55982,"Tram de_( BARRANC DE L'ESTANY )"
55983,"Tram de_( BARRANC DE L'ESTANY )"
55984,"BARRANC DE LLOSANQUES"
55985,"Tram de_( BARRANC DE LLOSANQUES )"
55989,"BARRANC DE LA FONT DE LA TOA"
55990,"Tram de_( BARRANC DE LA FONT DE LA TOA )"
55991,"BARRANC DEL PANERER"
55992,"Tram de_( BARRANC DEL PANERER )"
55993,"Tram de_( BARRANC DE LA FONT DE LA TOA )"
55997,"BARRANC DE JOVARA"
56001,"BARRANC DE LA DEVESA"
56002,"Tram de_( BARRANC DE LA DEVESA )"
56003,"Tram de_( BARRANC DE LA DEVESA )"
56006,"Tram de_( BARRANC DE JOVARA )"
56008,"Tram de_( BARRANC DE JOVARA )"
56009,"Tram de_( BARRANC DE JOVARA )"
56010,"Tram de_( BARRANC DE JOVARA )"
56012,"Tram de_( BARRANC DE JOVARA )"
56017,"Tram de_( SIN NOMBRE )"
56018,"BARRANC DE PIXAVAQUES"
56019,"Tram de_( BARRANC DE PIXAVAQUES )"
56022,"BARRANC ESCALDABECS"
56023,"Tram de_( BARRANC ESCALDABECS )"
56025,"BARRANC DE LA PLANA D'EN LLORELL"
56026,"Tram de_( BARRANC DE LA PLANA D'EN LLORELL )"
56027,"Tram de_( BARRANC DE LA PLANA D'EN LLORELL )"
56028,"BARRANC D'ESCALDABEC"
56029,"Tram de_( BARRANC D'ESCALDABEC )"
56030,"BARRANC DE LES GUINARDERES"
56031,"Tram de_( BARRANC DE LES GUINARDERES )"
56032,"Tram de_( BARRANC ESCALDABECS )"
56033,"Tram de_( BARRANC ESCALDABECS )"
56035,"BARRANC D'EN SENEN"
56036,"Tram de_( BARRANC D'EN SENEN )"
56037,"BARRANC DE LES ABELLES"
56039,"BARRANC DE LA MURTERA"
56040,"Tram de_( BARRANC DE LA MURTERA )"
56042,"Tram de_( BARRANC DE LES ABELLES )"
56045,"BARRANC D'EN PERDIGO"
56046,"Tram de_( BARRANC D'EN PERDIGO )"
56047,"Tram de_( BARRANC D'EN PERDIGO )"
56050,"BARRANC FONDO"
56051,"Tram de_( BARRANC FONDO )"
56054,"BARRANC DE SANT JORDI"
56055,"Tram de_( BARRANC DE SANT JORDI )"
56056,"BARRANC DE TERÇA"
56057,"Tram de_( BARRANC DE TERÇA )"
56058,"Tram de_( BARRANC DE TERÇA )"
56059,"Tram de_( BARRANC DE TERÇA )"
56060,"Tram de_( BARRANC DE TERÇA )"
56061,"Tram de_( BARRANC DE SANT JORDI )"
56062,"Tram de_( BARRANC DE SANT JORDI )"
56063,"Tram de_( BARRANC DE SANT JORDI )"
56064,"Tram de_( BARRANC DE SANT JORDI )"
56065,"Tram de_( SIN NOMBRE )"
56067,"BARRANC DE CALAFATO"
56068,"Tram de_( BARRANC DE CALAFATO )"
56069,"Tram de_( BARRANC DE CALAFATO )"
56071,"BARRANC DEL CAP DEL TERME"
56072,"Tram de_( BARRANC DEL CAP DEL TERME )"
56073,"BARRANC DE LLERIOLA"
56074,"Tram de_( BARRANC DE LLERIOLA )"
56075,"Tram de_( BARRANC DE LLERIOLA )"
56076,"Tram de_( BARRANC DE LLERIOLA )"
56077,"Tram de_( SIN NOMBRE )"
56078,"Tram de_( BARRANC DE LLERIOLA )"
56079,"Tram de_( BARRANC DE LLERIOLA )"
56081,"BARRANC DE LLERIA"
56082,"Tram de_( BARRANC DE LLERIA )"
56085,"BARRANC DEL FORAT NEGRE"
56086,"Tram de_( BARRANC DEL FORAT NEGRE )"
56088,"BARRANC DE L'AIGUALCOLL"
56089,"Tram de_( BARRANC DE L'AIGUALCOLL )"
56090,"BARRANC DE LA BASSETA"
56091,"Tram de_( BARRANC DE LA BASSETA )"
56092,"BARRANC DE LA PORRASSA"
56093,"Tram de_( BARRANC DE LA PORRASSA )"
56094,"Tram de_( SIN NOMBRE )"
56095,"RIU LLASTRES"
56098,"BARRANC DE LA DOVIA"
56100,"BARRANC DE SANTA MARINA"
56101,"Tram de_( BARRANC DE SANTA MARINA )"
56102,"BARRANC DE L'AGUILAR"
56103,"Tram de_( BARRANC DE L'AGUILAR )"
56104,"Tram de_( BARRANC DE L'AGUILAR )"
56105,"Tram de_( BARRANC DE SANTA MARINA )"
56107,"Tram de_( BARRANC DE LA DOVIA )"
56108,"Tram de_( BARRANC DE LA DOVIA )"
56109,"Tram de_( BARRANC DE LA DOVIA )"
56110,"Tram de_( BARRANC DE LA DOVIA )"
56111,"Tram de_( BARRANC DE LA DOVIA )"
56112,"Tram de_( RIU LLASTRES )"
56113,"Tram de_( RIU LLASTRES )"
56114,"Tram de_( RIU LLASTRES )"
56116,"Tram de_( RIU LLASTRES )"
56117,"Tram de_( RIU LLASTRES )"
56118,"Tram de_( RIU LLASTRES )"
56119,"Tram de_( RIU LLASTRES )"
56120,"BARRANC DE REMULLA"
56121,"Tram de_( BARRANC DE REMULLA )"
56122,"BARRANC DEL PADRAL"
56123,"Tram de_( BARRANC DEL PADRAL )"
56124,"Tram de_( BARRANC DE REMULLA )"
56126,"Tram de_( RIU LLASTRES )"
56128,"Tram de_( RIU LLASTRES )"
56129,"RASA DELS RUCS GELAT"
56130,"Tram de_( RASA DELS RUCS GELAT )"
56131,"Tram de_( RASA DELS RUCS GELAT )"
56133,"Tram de_( RASA DELS RUCS GELAT )"
56134,"Tram de_( RASA DELS RUCS GELAT )"
56135,"RASA DEL COMU"
56136,"Tram de_( RASA DEL COMU )"
56137,"BARRANC DE LA PALMA NEGRA"
56138,"Tram de_( BARRANC DE LA PALMA NEGRA )"
56140,"BARRANC DE LA PORQUEROLA"
56141,"Tram de_( BARRANC DE LA PORQUEROLA )"
56142,"Tram de_( BARRANC DE LA PORQUEROLA )"
56143,"RASA DEL PANTANS"
56144,"Tram de_( RASA DEL PANTANS )"
56145,"Tram de_( BARRANC DE LA PORQUEROLA )"
56149,"BARRANC DE RIFA"
56150,"Tram de_( BARRANC DE RIFA )"
56151,"BARRANC DE LA BORDA"
56152,"Tram de_( BARRANC DE LA BORDA )"
56158,"RIERA DE RIUDECANYES"
56159,"BARRANC DE SEGURES"
56160,"Tram de_( BARRANC DE SEGURES )"
56162,"RIERA DE VILANOVA"
56169,"Tram de_( RIERA DE VILANOVA )"
56170,"Tram de_( RIERA DE VILANOVA )"
56172,"Tram de_( RIERA DE VILANOVA )"
56173,"Tram de_( RIERA DE VILANOVA )"
56174,"Tram de_( RIERA DE VILANOVA )"
56175,"Tram de_( RIERA DE VILANOVA )"
56176,"Tram de_( RIERA DE VILANOVA )"
56177,"BARRANC DEL GENDRE"
56178,"Tram de_( BARRANC DEL GENDRE )"
56179,"Tram de_( RIERA DE RIUDECANYES )"
56181,"Tram de_( RIERA DE RIUDECANYES )"
56182,"BARRANC DE LA VALLESA"
56183,"Tram de_( BARRANC DE LA VALLESA )"
56187,"Tram de_( RIERA DE RIUDECANYES )"
56188,"BARRANC REIAL"
56191,"Tram de_( BARRANC REIAL )"
56192,"BARRANC DELS MASOS"
56194,"Tram de_( BARRANC DELS MASOS )"
56195,"BARRANC DE LA XURIVIA"
56197,"Tram de_( BARRANC DE LA XURIVIA )"
56198,"Tram de_( BARRANC REIAL )"
56199,"Tram de_( BARRANC REIAL )"
56200,"BARRANC DE LA FONT DEL FERRO"
56201,"Tram de_( BARRANC DE LA FONT DEL FERRO )"
56202,"Tram de_( BARRANC REIAL )"
56203,"Tram de_( BARRANC REIAL )"
56206,"Tram de_( SIN NOMBRE )"
56209,"BARRANC DE LES ESCLOTES"
56210,"Tram de_( BARRANC DE LES ESCLOTES )"
56216,"RIERA D'ALFORJA"
56217,"Tram de_( RIERA D'ALFORJA )"
56218,"BARRANC DE LES IRLES O RIERA DE RIUDECOLS"
56219,"Tram de_( BARRANC DE LES IRLES O RIERA DE RIUDECOLS )"
56221,"BARRANC DEL MAS D'EN CABRER"
56222,"Tram de_( BARRANC DEL MAS D'EN CABRER )"
56223,"Tram de_( BARRANC DEL MAS D'EN CABRER )"
56227,"Tram de_( RIERA D'ALFORJA )"
56231,"Tram de_( RIERA D'ALFORJA )"
56232,"Tram de_( RIERA D'ALFORJA )"
56236,"RIERA DEL REGUERAL"
56237,"Tram de_( RIERA DEL REGUERAL )"
56239,"BARRANC DEL PORTAL O RIERA DE SANTA EULALIA"
56240,"Tram de_( BARRANC DEL PORTAL O RIERA DE SANTA EULALIA )"
56241,"RIERA DE MASPUJOLS"
56242,"Tram de_( RIERA DE MASPUJOLS )"
56243,"Tram de_( RIERA DE MASPUJOLS )"
56247,"RIU DE LA MUSSARA"
56248,"RIERA DE LA VILA"
56249,"Tram de_( RIERA DE LA VILA )"
56250,"Tram de_( SIN NOMBRE )"
56251,"RASA DE L'ESQUERRER"
56252,"Tram de_( RASA DE L'ESQUERRER )"
56253,"BARRANC DE MASCABRERS"
56254,"Tram de_( BARRANC DE MASCABRERS )"
56256,"Tram de_( BARRANC DE MASCABRERS )"
56257,"RIU DE LES TOSQUES"
56260,"Tram de_( RIU DE LES TOSQUES )"
56261,"Tram de_( RIU DE LA MUSSARA )"
56265,"BARRANC DE L'ESPINOS"
56266,"Tram de_( BARRANC DE L'ESPINOS )"
56270,"BARRANC DEL MAS DEL SOL"
56271,"Tram de_( BARRANC DEL MAS DEL SOL )"
56275,"BARRANC DEL PI DEL BRUGAR"
56276,"Tram de_( BARRANC DEL PI DEL BRUGAR )"
56278,"RIU FRANCOLI"
56279,"TORRENT DE SANT RAMON O BARRANC DE LA SELVA"
56283,"Tram de_( TORRENT DE SANT RAMON O BARRANC DE LA SELVA )"
56288,"Tram de_( RIU FRANCOLI )"
56289,"Tram de_( RIU FRANCOLI )"
56290,"RIERA DE LA SELVA"
56291,"TORRENT DE GEMEGO"
56292,"Tram de_( TORRENT DE GEMEGO )"
56293,"Tram de_( TORRENT DE GEMEGO )"
56294,"Tram de_( RIERA DE LA SELVA )"
56295,"TORRENT DE LES VOLTES"
56296,"Tram de_( TORRENT DE LES VOLTES )"
56297,"Tram de_( RIERA DE LA SELVA )"
56298,"Tram de_( RIERA DE LA SELVA )"
56299,"Tram de_( RIERA DE LA SELVA )"
56300,"Tram de_( SIN NOMBRE )"
56301,"BARRANC DEL SALT"
56302,"Tram de_( BARRANC DEL SALT )"
56303,"BARRANC DEL MAS DE GALOFRE"
56304,"Tram de_( BARRANC DEL MAS DE GALOFRE )"
56305,"Tram de_( BARRANC DEL SALT )"
56310,"TORRENT D'EN FERRERO"
56311,"Tram de_( TORRENT D'EN FERRERO )"
56318,"BARRANC DE LES VIMETERES"
56319,"Tram de_( BARRANC DE LES VIMETERES )"
56320,"Tram de_( RIU FRANCOLI )"
56323,"RASA DE LA FONOLLOSA"
56324,"Tram de_( RASA DE LA FONOLLOSA )"
56325,"RASA DEL MOLINER O DE LA GUINEU"
56326,"Tram de_( RASA DEL MOLINER O DE LA GUINEU )"
56327,"Tram de_( RASA DEL MOLINER O DE LA GUINEU )"
56328,"BARRANC DEL COGULLO"
56329,"Tram de_( BARRANC DEL COGULLO )"
56334,"RASA DE LA FASSINA O FONDA"
56339,"Tram de_( RASA DE LA FASSINA O FONDA )"
56340,"TORRENT DEL CATLLAR O SEC O DE LA FORCADA"
56341,"RASA DEL CARGOL"
56343,"Tram de_( RASA DEL CARGOL )"
56344,"Tram de_( RASA DEL CARGOL )"
56345,"Tram de_( RASA DEL CARGOL )"
56349,"Tram de_( TORRENT DEL CATLLAR O SEC O DE LA FORCADA )"
56350,"Tram de_( TORRENT DEL CATLLAR O SEC O DE LA FORCADA )"
56353,"TORRENT O RASA DEL SERRALLER"
56356,"Tram de_( TORRENT O RASA DEL SERRALLER )"
56362,"RIU BRUGENT"
56365,"BARRANC DEL FORADOT"
56367,"Tram de_( BARRANC DEL FORADOT )"
56371,"Tram de_( RIU BRUGENT )"
56372,"BARRANC DEL TOUS"
56375,"Tram de_( BARRANC DEL TOUS )"
56376,"BARRANC DEL MAS D'EN VERD"
56377,"Tram de_( BARRANC DEL MAS D'EN VERD )"
56378,"Tram de_( BARRANC DEL MAS D'EN VERD )"
56380,"Tram de_( RIU BRUGENT )"
56381,"Tram de_( SIN NOMBRE )"
56382,"RIUET DEL BARRAL"
56383,"Tram de_( RIUET DEL BARRAL )"
56384,"Tram de_( RIUET DEL BARRAL )"
56385,"RIU DE L'HORTA"
56390,"Tram de_( RIU DE L'HORTA )"
56391,"Tram de_( RIU DE L'HORTA )"
56393,"Tram de_( RIUET DEL BARRAL )"
56395,"TORRENT DE LES PLETES"
56397,"Tram de_( TORRENT DE LES PLETES )"
56399,"VALL DE JAN O BARRANC DE LA VARIELLA"
56400,"Tram de_( VALL DE JAN O BARRANC DE LA VARIELLA )"
56401,"Tram de_( VALL DE JAN O BARRANC DE LA VARIELLA )"
56402,"Tram de_( VALL DE JAN O BARRANC DE LA VARIELLA )"
56406,"BARRANC DEL PONT DE GANDI"
56407,"Tram de_( BARRANC DEL PONT DE GANDI )"
56408,"Tram de_( BARRANC DEL PONT DE GANDI )"
56409,"Tram de_( RIU FRANCOLI )"
56410,"BARRANC DE LA VALL"
56411,"Tram de_( BARRANC DE LA VALL )"
56414,"Tram de_( BARRANC DE LA VALL )"
56418,"RASA DE TONI"
56419,"Tram de_( RASA DE TONI )"
56421,"RASA DE LES HORTENSIES"
56422,"Tram de_( RASA DE LES HORTENSIES )"
56423,"Tram de_( RASA DE LES HORTENSIES )"
56424,"RASA DEL PINETELL"
56426,"Tram de_( RASA DEL PINETELL )"
56427,"BARRANC DEL REGUER O RASA DE LES COMES"
56429,"RASA DE LES COMES"
56430,"Tram de_( RASA DE LES COMES )"
56431,"Tram de_( BARRANC DEL REGUER O RASA DE LES COMES )"
56439,"BARRANC DEL TOSSAL GROS"
56440,"BARRANC DE LES GARSES"
56441,"Tram de_( BARRANC DE LES GARSES )"
56442,"Tram de_( SIN NOMBRE )"
56443,"Tram de_( SIN NOMBRE )"
56444,"Tram de_( BARRANC DEL TOSSAL GROS )"
56453,"RIU DE VALLVERD"
56455,"RASA DE L'ESCANCETA"
56456,"Tram de_( RASA DE L'ESCANCETA )"
56458,"BARRANC DE VALLCERVERA"
56459,"Tram de_( BARRANC DE VALLCERVERA )"
56460,"RIU DE L'HORTETA"
56461,"RIU DEL PAS DE VALLVERD"
56467,"Tram de_( RIU DEL PAS DE VALLVERD )"
56468,"Tram de_( RIU DE L'HORTETA )"
56469,"Tram de_( RIU DE VALLVERD )"
56470,"RASA DE LES CARDUELLES"
56472,"Tram de_( RASA DE LES CARDUELLES )"
56473,"Tram de_( SIN NOMBRE )"
56474,"Tram de_( RASA DE LES CARDUELLES )"
56475,"RASA DE TORLANDA"
56476,"Tram de_( RASA DE TORLANDA )"
56477,"Tram de_( RASA DE LES CARDUELLES )"
56478,"Tram de_( RASA DE LES CARDUELLES )"
56480,"RASA DE VALLVERD"
56481,"Tram de_( RASA DE VALLVERD )"
56485,"BARRANC DE LA SOLANA"
56486,"Tram de_( BARRANC DE LA SOLANA )"
56487,"Tram de_( BARRANC DE LA SOLANA )"
56493,"Tram de_( RIU FRANCOLI )"
56494,"Tram de_( RIU FRANCOLI )"
56496,"BARRANC DE LA PENA"
56497,"Tram de_( BARRANC DE LA PENA )"
56499,"BARRANC DE CASTELLFOLLIT"
56501,"Tram de_( BARRANC DE CASTELLFOLLIT )"
56505,"BARRANC DELS TORNERS"
56506,"Tram de_( BARRANC DELS TORNERS )"
56507,"BARRANC DEL TILLAR"
56508,"Tram de_( BARRANC DEL TILLAR )"
56510,"Tram de_( BARRANC DEL TILLAR )"
56513,"Tram de_( RIU FRANCOLI )"
56514,"FONDO DEL PLA DE CONESA"
56515,"Tram de_( FONDO DEL PLA DE CONESA )"
56516,"BARRANC DELS TORRENTS"
56517,"Tram de_( BARRANC DELS TORRENTS )"
56518,"RIU DE MILANS"
56519,"FONDO DE LA SALANCA"
56520,"Tram de_( FONDO DE LA SALANCA )"
56523,"Tram de_( RIU DE MILANS )"
56524,"Tram de_( RIU DE MILANS )"
56525,"Tram de_( RIU DE MILANS )"
56526,"BARRANC DE VIERN"
56527,"Tram de_( BARRANC DE VIERN )"
56528,"Tram de_( BARRANC DE VIERN )"
56529,"BARRANC DE VILLESCURA"
56530,"Tram de_( BARRANC DE VILLESCURA )"
56533,"Tram de_( RIU DE MILANS )"
56534,"Tram de_( RIU FRANCOLI )"
56537,"Tram de_( SIN NOMBRE )"
56538,"BARRANC DE TERRES CAVADES"
56539,"Tram de_( BARRANC DE TERRES CAVADES )"
56540,"Tram de_( SIN NOMBRE )"
56544,"RIU GAIA"
56545,"TORRENT DE L'OLIVERETA"
56546,"TORRENT DE LA SERRALTA"
56547,"Tram de_( TORRENT DE LA SERRALTA )"
56548,"Tram de_( TORRENT DE LA SERRALTA )"
56549,"Tram de_( TORRENT DE L'OLIVERETA )"
56550,"Tram de_( TORRENT DE L'OLIVERETA )"
56551,"Tram de_( TORRENT DE L'OLIVERETA )"
56552,"Tram de_( TORRENT DE L'OLIVERETA )"
56553,"Tram de_( TORRENT DE L'OLIVERETA )"
56554,"TORRENT DE RENAU"
56555,"Tram de_( TORRENT DE RENAU )"
56556,"RIU RASOTA"
56557,"Tram de_( RIU RASOTA )"
56558,"Tram de_( RIU GAIA )"
56559,"Tram de_( RIU GAIA )"
56560,"Tram de_( RIU GAIA )"
56561,"TORRENT DEL CODOL"
56562,"Tram de_( TORRENT DEL CODOL )"
56563,"Tram de_( TORRENT DEL CODOL )"
56565,"TORRENT DE LES PINETELLES"
56566,"TORRENT DE MAS SERRA"
56567,"Tram de_( TORRENT DE MAS SERRA )"
56568,"Tram de_( TORRENT DE MAS SERRA )"
56569,"Tram de_( TORRENT DE MAS SERRA )"
56570,"Tram de_( TORRENT DE LES PINETELLES )"
56572,"BARRANC DEL CLOT DEL MONTMELL"
56573,"Tram de_( BARRANC DEL CLOT DEL MONTMELL )"
56577,"Tram de_( RIU GAIA )"
56581,"BARRANC DE MAS D'EN PRAT"
56582,"TORRENT DEL MIRACLE"
56583,"Tram de_( TORRENT DEL MIRACLE )"
56584,"Tram de_( TORRENT DEL MIRACLE )"
56585,"Tram de_( BARRANC DE MAS D'EN PRAT )"
56588,"Tram de_( RIU GAIA )"
56589,"TORRENT DE SALES"
56591,"Tram de_( TORRENT DE SALES )"
56593,"FONDO DEL CALOS"
56594,"Tram de_( FONDO DEL CALOS )"
56595,"Tram de_( SIN NOMBRE )"
56596,"Tram de_( SIN NOMBRE )"
56599,"RASA DE COMAVERD"
56600,"Tram de_( RASA DE COMAVERD )"
56601,"Tram de_( SIN NOMBRE )"
56604,"Tram de_( RIU GAIA )"
56605,"RASA DEL PENDOT"
56606,"Tram de_( RASA DEL PENDOT )"
56608,"TORRENT DE ROSIC"
56609,"Tram de_( TORRENT DE ROSIC )"
56610,"Tram de_( RIU GAIA )"
56612,"CLOT DE COMADEVAQUES"
56613,"Tram de_( CLOT DE COMADEVAQUES )"
56614,"Tram de_( CLOT DE COMADEVAQUES )"
56615,"Tram de_( SIN NOMBRE )"
56616,"Tram de_( CLOT DE COMADEVAQUES )"
56617,"Tram de_( CLOT DE COMADEVAQUES )"
56618,"Tram de_( CLOT DE COMADEVAQUES )"
56619,"Tram de_( CLOT DE COMADEVAQUES )"
56620,"Tram de_( CLOT DE COMADEVAQUES )"
56621,"Tram de_( RIU GAIA )"
56622,"TORRENT ROIG"
56623,"TORRENT D'ESBLADA"
56624,"Tram de_( TORRENT D'ESBLADA )"
56625,"Tram de_( TORRENT D'ESBLADA )"
56627,"Tram de_( TORRENT D'ESBLADA )"
56628,"Tram de_( TORRENT ROIG )"
56631,"TORRENT DEL VOLTOR"
56632,"Tram de_( TORRENT DEL VOLTOR )"
56634,"RASA DE RICREU"
56635,"Tram de_( RASA DE RICREU )"
56636,"Tram de_( RASA DE RICREU )"
56637,"TORRENT DE BIURE"
56639,"TORRENT DE SANT MIQUEL"
56640,"Tram de_( TORRENT DE SANT MIQUEL )"
56644,"Tram de_( TORRENT DE BIURE )"
56645,"TORRENT DE FALÇ"
56646,"Tram de_( TORRENT DE FALÇ )"
56647,"Tram de_( TORRENT DE FALÇ )"
56648,"Tram de_( TORRENT DE FALÇ )"
56649,"Tram de_( TORRENT DE BIURE )"
56650,"Tram de_( TORRENT DE BIURE )"
56651,"RIU DE SANT MAGI"
56652,"Tram de_( RIU DE SANT MAGI )"
56655,"Tram de_( RIU DE SANT MAGI )"
56656,"TORRENT DE RIUDEBOIX"
56657,"Tram de_( TORRENT DE RIUDEBOIX )"
56658,"Tram de_( TORRENT DE RIUDEBOIX )"
56659,"Tram de_( TORRENT DE RIUDEBOIX )"
56660,"Tram de_( TORRENT DE RIUDEBOIX )"
56661,"Tram de_( TORRENT DE RIUDEBOIX )"
56663,"TORRENT D'EN GOL"
56664,"Tram de_( TORRENT D'EN GOL )"
56665,"Tram de_( TORRENT D'EN GOL )"
56668,"Tram de_( RIU GAIA )"
56669,"Tram de_( RIU GAIA )"
56670,"Tram de_( RIU GAIA )"
56671,"BARRANC DE L'ARGILA"
56672,"Tram de_( BARRANC DE L'ARGILA )"
56674,"RASA DEL BON NOM"
56675,"Tram de_( RASA DEL BON NOM )"
56676,"TORRENT DE CLARET"
56677,"RASA DE LA BANYA"
56678,"Tram de_( RASA DE LA BANYA )"
56679,"Tram de_( TORRENT DE CLARET )"
56683,"RASA DE LA FONT DEL BADIA"
56684,"Tram de_( RASA DE LA FONT DEL BADIA )"
56685,"Tram de_( SIN NOMBRE )"
56686,"TORRENT DE MAS MERCADER"
56687,"Tram de_( TORRENT DE MAS MERCADER )"
56688,"Tram de_( TORRENT DE MAS MERCADER )"
56689,"FONDO DE LA CLOTA"
56690,"Tram de_( FONDO DE LA CLOTA )"
56691,"Tram de_( FONDO DE LA CLOTA )"
56692,"Tram de_( SIN NOMBRE )"
56693,"Tram de_( SIN NOMBRE )"
56694,"TORRENT DE CAL SETRO"
56695,"TORRENT O BARRANC DE L'AGUILERA"
56696,"Tram de_( TORRENT O BARRANC DE L'AGUILERA )"
56700,"Tram de_( TORRENT DE CAL SETRO )"
56701,"Tram de_( SIN NOMBRE )"
56702,"Tram de_( SIN NOMBRE )"
56703,"Tram de_( TORRENT DE CAL SETRO )"
56704,"Tram de_( TORRENT DE CAL SETRO )"
56705,"Tram de_( SIN NOMBRE )"
56707,"RIERA DE LA BISBAL O RASA DEL MANYER"
56708,"FONDO DE LES QUATRE BOQUES O TORRENT DE L'ARAGALL"
56709,"TORRENT DEL LLEO"
56710,"Tram de_( TORRENT DEL LLEO )"
56711,"Tram de_( TORRENT DEL LLEO )"
56712,"Tram de_( TORRENT DEL LLEO )"
56713,"Tram de_( FONDO DE LES QUATRE BOQUES O TORRENT DE L'ARAGALL )"
56714,"Tram de_( FONDO DE LES QUATRE BOQUES O TORRENT DE L'ARAGALL )"
56716,"Tram de_( RIERA DE LA BISBAL O RASA DEL MANYER )"
56717,"Tram de_( SIN NOMBRE )"
56718,"RIERA DE SANT MIQUEL O RIERA DE BANYERES O TORRENT DEL LLUC"
56719,"Tram de_( RIERA DE SANT MIQUEL O RIERA DE BANYERES O TORRENT DEL LLUC )"
56721,"RASA DE LA TEULERIA"
56722,"TORRENT DE LLOBETS"
56723,"Tram de_( TORRENT DE LLOBETS )"
56724,"Tram de_( TORRENT DE LLOBETS )"
56725,"Tram de_( RASA DE LA TEULERIA )"
56730,"FONDO GRAN DE GOMILA"
56731,"Tram de_( FONDO GRAN DE GOMILA )"
56732,"TORRENT DE GOMILA"
56733,"Tram de_( TORRENT DE GOMILA )"
56734,"Tram de_( TORRENT DE GOMILA )"
56735,"Tram de_( SIN NOMBRE )"
56736,"TORRENT DEL CULLERER"
56737,"Tram de_( TORRENT DEL CULLERER )"
56738,"Tram de_( TORRENT DEL CULLERER )"
56739,"Tram de_( RIERA DE LA BISBAL O RASA DEL MANYER )"
56740,"TORRENT DEL MAS DE MANYER"
56741,"Tram de_( TORRENT DEL MAS DE MANYER )"
56742,"Tram de_( TORRENT DEL MAS DE MANYER )"
56743,"Tram de_( TORRENT DEL MAS DE MANYER )"
56746,"RIERA DE L'ALBORNAR"
56747,"Tram de_( RIERA DE L'ALBORNAR )"
56748,"Tram de_( RIERA DE L'ALBORNAR )"
56749,"TORRENT DE LES QUATRE FITES"
56750,"Tram de_( TORRENT DE LES QUATRE FITES )"
56751,"Tram de_( TORRENT DE LES QUATRE FITES )"
56752,"TORRENT DE SANT MARC"
56753,"Tram de_( TORRENT DE SANT MARC )"
56754,"Tram de_( TORRENT DE SANT MARC )"
56755,"Tram de_( TORRENT DE LES QUATRE FITES )"
56756,"TORRENT MAL"
56757,"Tram de_( TORRENT MAL )"
56758,"Tram de_( TORRENT MAL )"
56759,"Tram de_( TORRENT MAL )"
56760,"BARRANC DEL MAS DE BARTOMEU"
56761,"Tram de_( BARRANC DEL MAS DE BARTOMEU )"
56762,"Tram de_( BARRANC DEL MAS DE BARTOMEU )"
56763,"Tram de_( BARRANC DEL MAS DE BARTOMEU )"
56764,"BARRANC DE LA COSTA"
56765,"Tram de_( BARRANC DE LA COSTA )"
56766,"Tram de_( BARRANC DE LA COSTA )"
56767,"Tram de_( BARRANC DE LA COSTA )"
56768,"Tram de_( RIERA DE LA BISBAL O RASA DEL MANYER )"
56769,"TORRENT DE LA LLANTIA"
56770,"Tram de_( TORRENT DE LA LLANTIA )"
56771,"Tram de_( SIN NOMBRE )"
56772,"Tram de_( TORRENT DE LA LLANTIA )"
56773,"TORRENT DE LES SEGUERES"
56774,"FONDO DEL MANYER"
56778,"TORRENT DE MAS TARRAGO"
56780,"Tram de_( TORRENT DE MAS TARRAGO )"
56781,"FONDO DEL SUMOI"
56782,"Tram de_( FONDO DEL SUMOI )"
56783,"Tram de_( FONDO DEL MANYER )"
56784,"Tram de_( TORRENT DE LES SEGUERES )"
56786,"Tram de_( TORRENT DE LES SEGUERES )"
56787,"Tram de_( TORRENT DE LES SEGUERES )"
56788,"Tram de_( TORRENT DE LES SEGUERES )"
56789,"BARRANC DEL CLOT DE BOU"
56790,"Tram de_( BARRANC DEL CLOT DE BOU )"
56791,"Tram de_( TORRENT DE LES SEGUERES )"
56794,"Tram de_( TORRENT DE LES SEGUERES )"
56795,"Tram de_( TORRENT DE LES SEGUERES )"
56798,"BARRANC DEL PRAT"
56799,"Tram de_( BARRANC DEL PRAT )"
56800,"Tram de_( BARRANC DEL PRAT )"
56801,"TORRENT DE MAS CAMPANERA"
56803,"TORRENT DE MONTPAO"
56804,"Tram de_( TORRENT DE MONTPAO )"
56806,"Tram de_( SIN NOMBRE )"
56807,"RIERA DE CUNIT"
56808,"FONDO DEL BLAI"
56809,"Tram de_( FONDO DEL BLAI )"
56810,"Tram de_( FONDO DEL BLAI )"
56811,"Tram de_( RIERA DE CUNIT )"
56812,"RIU FOIX"
56813,"Tram de_( RIU FOIX )"
56814,"Tram de_( RIU FOIX )"
56815,"Tram de_( RIU FOIX )"
56816,"Tram de_( RIU FOIX )"
56817,"Tram de_( RIU FOIX )"
56818,"Tram de_( RIU FOIX )"
56820,"Tram de_( RIU FOIX )"
56821,"FONDO DE COVA PINEDA"
56822,"Tram de_( FONDO DE COVA PINEDA )"
56823,"Tram de_( RIU FOIX )"
56824,"TORRENT DE LES BRUIXES"
56825,"Tram de_( TORRENT DE LES BRUIXES )"
56826,"Tram de_( TORRENT DE LES BRUIXES )"
56827,"Tram de_( TORRENT DE LES BRUIXES )"
56830,"Tram de_( RIU FOIX )"
56831,"Tram de_( RIU FOIX )"
56832,"RIERA DE MARMELLAR"
56833,"TORRENT DE CAL CATERI"
56834,"Tram de_( TORRENT DE CAL CATERI )"
56835,"Tram de_( RIERA DE MARMELLAR )"
56836,"TORRENT DEL FIGUEROT"
56837,"Tram de_( TORRENT DEL FIGUEROT )"
56838,"Tram de_( TORRENT DEL FIGUEROT )"
56839,"Tram de_( RIERA DE MARMELLAR )"
56840,"Tram de_( RIERA DE MARMELLAR )"
56842,"Tram de_( RIERA DE MARMELLAR )"
56843,"Tram de_( RIERA DE MARMELLAR )"
56846,"Tram de_( RIERA DE MARMELLAR )"
56847,"TORRENT DELS CARNUTS"
56849,"Tram de_( TORRENT DELS CARNUTS )"
56850,"Tram de_( RIERA DE MARMELLAR )"
56851,"Tram de_( RIERA DE MARMELLAR )"
56853,"TORRENT DE LES ALBEREDES"
56854,"Tram de_( TORRENT DE LES ALBEREDES )"
56855,"FONDO DEL BOTARIC"
56856,"Tram de_( FONDO DEL BOTARIC )"
56857,"Tram de_( RIERA DE MARMELLAR )"
56858,"RIERA DE VALLDOSSERA"
56859,"TORRENT DEL MOLINET"
56860,"Tram de_( TORRENT DEL MOLINET )"
56862,"Tram de_( RIERA DE VALLDOSSERA )"
56863,"TORRENT DE ROMANILL"
56864,"Tram de_( TORRENT DE ROMANILL )"
56865,"Tram de_( TORRENT DE ROMANILL )"
56866,"Tram de_( RIERA DE MARMELLAR )"
56868,"Tram de_( RIERA DE MARMELLAR )"
56869,"Tram de_( RIU FOIX )"
56871,"Tram de_( RIU FOIX )"
56872,"Tram de_( RIU FOIX )"
56873,"TORRENT DE LA BRUIXA"
56874,"Tram de_( TORRENT DE LA BRUIXA )"
56875,"TORRENT DEL CARRER FONDO O RIERA DE LA MUNIA"
56876,"Tram de_( TORRENT DEL CARRER FONDO O RIERA DE LA MUNIA )"
56877,"Tram de_( TORRENT DEL CARRER FONDO O RIERA DE LA MUNIA )"
56878,"TORRENT DE CAL BIEL"
56879,"Tram de_( TORRENT DE CAL BIEL )"
56880,"Tram de_( TORRENT DE LA BRUIXA )"
56881,"Tram de_( RIU FOIX )"
56882,"BARRANC DE SANT LLORENÇ"
56883,"Tram de_( BARRANC DE SANT LLORENÇ )"
56884,"Tram de_( RIU FOIX )"
56885,"Tram de_( RIU FOIX )"
56886,"Tram de_( RIU FOIX )"
56889,"TORRENT DE PACS"
56890,"Tram de_( TORRENT DE PACS )"
56891,"Tram de_( TORRENT DE PACS )"
56892,"RIERA DE VILOBI"
56895,"Tram de_( RIERA DE VILOBI )"
56896,"Tram de_( RIERA DE VILOBI )"
56901,"Tram de_( RIERA DE VILOBI )"
56902,"Tram de_( RIERA DE VILOBI )"
56905,"RIERA DE PONTONS"
56908,"TORRENT DEL GATELL"
56909,"Tram de_( TORRENT DEL GATELL )"
56910,"Tram de_( TORRENT DEL GATELL )"
56912,"Tram de_( RIERA DE PONTONS )"
56913,"Tram de_( RIERA DE PONTONS )"
56914,"Tram de_( RIERA DE PONTONS )"
56915,"Tram de_( RIERA DE PONTONS )"
56917,"Tram de_( RIERA DE PONTONS )"
56918,"Tram de_( RIERA DE PONTONS )"
56919,"Tram de_( RIERA DE PONTONS )"
56925,"TORRENT DE L'ALBEREDA"
56926,"Tram de_( TORRENT DE L'ALBEREDA )"
56927,"Tram de_( RIU FOIX )"
56928,"Tram de_( RIU FOIX )"
56929,"Tram de_( RIU FOIX )"
56930,"Tram de_( RIU FOIX )"
56932,"Tram de_( RIU FOIX )"
56933,"TORRENT DE LA POLLINA"
56934,"Tram de_( TORRENT DE LA POLLINA )"
56935,"Tram de_( RIU FOIX )"
56937,"TORRENT DE SANT JOAN"
56938,"Tram de_( TORRENT DE SANT JOAN )"
56939,"Tram de_( TORRENT DE SANT JOAN )"
56940,"Tram de_( TORRENT DE SANT JOAN )"
56941,"TORRENT DE LA PIERA"
56942,"TORRENT DE LA PASTERA"
56943,"Tram de_( TORRENT DE LA PASTERA )"
56944,"TORRENT D'EN PARELLADA"
56945,"Tram de_( TORRENT D'EN PARELLADA )"
56946,"Tram de_( TORRENT D'EN PARELLADA )"
56947,"Tram de_( TORRENT DE LA PASTERA )"
56948,"Tram de_( TORRENT DE LA PIERA )"
56949,"Tram de_( TORRENT DE LA PIERA )"
56950,"Tram de_( TORRENT DE LA PIERA )"
56951,"Tram de_( SIN NOMBRE )"
56952,"RIERA DE RIBES"
56953,"Tram de_( RIERA DE RIBES )"
56954,"RIERA DE JAFRE"
56955,"FONDO GRAN DEL MAS"
56956,"Tram de_( FONDO GRAN DEL MAS )"
56957,"Tram de_( SIN NOMBRE )"
56958,"Tram de_( FONDO GRAN DEL MAS )"
56960,"Tram de_( RIERA DE JAFRE )"
56961,"Tram de_( SIN NOMBRE )"
56962,"Tram de_( RIERA DE JAFRE )"
56963,"Tram de_( RIERA DE JAFRE )"
56964,"Tram de_( RIERA DE JAFRE )"
56965,"FONDO DE LES LLENTIES"
56966,"Tram de_( FONDO DE LES LLENTIES )"
56967,"Tram de_( FONDO DE LES LLENTIES )"
56968,"Tram de_( RIERA DE JAFRE )"
56969,"Tram de_( RIERA DE JAFRE )"
56970,"Tram de_( RIERA DE JAFRE )"
56972,"FONDO DE LES CONQUES"
56973,"Tram de_( FONDO DE LES CONQUES )"
56976,"FONDO DE LA PENYA BLANCA"
56977,"Tram de_( FONDO DE LA PENYA BLANCA )"
56978,"Tram de_( RIERA DE JAFRE )"
56979,"FONDO DE VALLGRASSA"
56980,"Tram de_( FONDO DE VALLGRASSA )"
56981,"Tram de_( FONDO DE VALLGRASSA )"
56983,"RIERA DE CARXOL"
56985,"FONDO DE LA TRONERA"
56986,"Tram de_( FONDO DE LA TRONERA )"
56987,"Tram de_( RIERA DE CARXOL )"
56988,"Tram de_( RIERA DE CARXOL )"
56989,"Tram de_( RIERA DE RIBES )"
56990,"TORRENT DE L'ESPLUGA"
56991,"Tram de_( TORRENT DE L'ESPLUGA )"
56992,"Tram de_( TORRENT DE L'ESPLUGA )"
56993,"Tram de_( RIERA DE RIBES )"
56994,"RIERA DE BEGUES"
56995,"Tram de_( RIERA DE BEGUES )"
56996,"RASA DE CAL VEGUERA"
56997,"Tram de_( RASA DE CAL VEGUERA )"
56998,"FONDO DE QUEROL"
57000,"Tram de_( FONDO DE QUEROL )"
57001,"FONDO DE SINIA"
57002,"Tram de_( FONDO DE SINIA )"
57004,"Tram de_( RIERA DE BEGUES )"
57005,"Tram de_( RIERA DE BEGUES )"
57006,"RIERA DELS PELAGONS"
57007,"Tram de_( RIERA DELS PELAGONS )"
57010,"Tram de_( RIERA DELS PELAGONS )"
57011,"RIERA DELS VIDRERS"
57013,"Tram de_( RIERA DELS VIDRERS )"
57014,"Tram de_( RIERA DELS VIDRERS )"
57015,"Tram de_( RIERA DELS VIDRERS )"
57016,"Tram de_( RIERA DELS VIDRERS )"
57018,"Tram de_( RIERA DELS VIDRERS )"
57020,"Tram de_( RIERA DE BEGUES )"
57021,"Tram de_( RIERA DE BEGUES )"
57022,"Tram de_( RIERA DE BEGUES )"
57023,"FONDO DEL COCO"
57024,"Tram de_( FONDO DEL COCO )"
57025,"Tram de_( RIERA DE BEGUES )"
57026,"FONDO DE CAN MALET"
57027,"Tram de_( FONDO DE CAN MALET )"
57028,"Tram de_( RIERA DE BEGUES )"
57029,"Tram de_( RIERA DE BEGUES )"
57031,"Tram de_( RIERA DE BEGUES )"
57032,"RIERA D'OLESETA"
57034,"Tram de_( RIERA D'OLESETA )"
57035,"Tram de_( SIN NOMBRE )"
57038,"TORRENT LLEVENSONS"
57039,"Tram de_( TORRENT LLEVENSONS )"
57040,"Tram de_( TORRENT LLEVENSONS )"
57043,"Tram de_( RIERA D'OLESETA )"
57044,"Tram de_( RIERA D'OLESETA )"
57045,"Tram de_( RIERA D'OLESETA )"
57046,"Tram de_( RIERA D'OLESETA )"
57047,"Tram de_( RIERA DE BEGUES )"
57048,"Tram de_( RIERA DE BEGUES )"
57049,"Tram de_( RIERA DE BEGUES )"
57050,"FONDO DE CAN MAÇANA"
57051,"Tram de_( FONDO DE CAN MAÇANA )"
57052,"Tram de_( FONDO DE CAN MAÇANA )"
57053,"Tram de_( RIERA DE BEGUES )"
57054,"RIERA DE CAN SADURNI"
57055,"Tram de_( RIERA DE CAN SADURNI )"
57056,"Tram de_( RIERA DE CAN SADURNI )"
57057,"Tram de_( RIERA DE BEGUES )"
57059,"Tram de_( RIERA DE BEGUES )"
57060,"Tram de_( RIERA DE BEGUES )"
57061,"RIERA DE LA CLOTA"
57062,"Tram de_( RIERA DE LA CLOTA )"
57063,"Tram de_( RIERA DE LA CLOTA )"
57064,"Tram de_( RIERA DE BEGUES )"
57065,"RIERA DE VILAFRANCA"
57066,"Tram de_( RIERA DE VILAFRANCA )"
57070,"RIERA DE CANYELLES"
57071,"Tram de_( RIERA DE CANYELLES )"
57072,"Tram de_( RIERA DE CANYELLES )"
57073,"FONDO DE LA VALL"
57077,"Tram de_( FONDO DE LA VALL )"
57078,"RIERA DE SANT MARÇAL"
57079,"Tram de_( RIERA DE SANT MARÇAL )"
57080,"Tram de_( RIERA DE SANT MARÇAL )"
57081,"Tram de_( RIERA DE SANT MARÇAL )"
57082,"TORRENT DE LES GUNYOLES"
57083,"Tram de_( TORRENT DE LES GUNYOLES )"
57084,"TORRENT D'AIGUADOLÇ"
57085,"Tram de_( TORRENT D'AIGUADOLÇ )"
57086,"Tram de_( SIN NOMBRE )"
57087,"Tram de_( TORRENT D'AIGUADOLÇ )"
57088,"Tram de_( SIN NOMBRE )"
57089,"RIERA DE VALLCARCA"
57091,"Tram de_( RIERA DE VALLCARCA )"
57094,"FONDO DEL SALT"
57095,"FONDO DE LES COVES"
57096,"Tram de_( FONDO DE LES COVES )"
57097,"Tram de_( FONDO DE LES COVES )"
57098,"Tram de_( FONDO DEL SALT )"
57099,"Tram de_( FONDO DEL SALT )"
57100,"Tram de_( SIN NOMBRE )"
57101,"RIERA DE VALLBONA"
57102,"Tram de_( RIERA DE VALLBONA )"
57106,"FONDO DEL CELLER"
57107,"RIERA SECA"
57109,"Tram de_( RIERA SECA )"
57110,"Tram de_( FONDO DEL CELLER )"
57111,"TORRENT DE LES COMES"
57112,"Tram de_( TORRENT DE LES COMES )"
57113,"RIERA DE SANT CLIMENT"
57114,"RIERA DE SANT LLORENÇ"
57116,"Tram de_( RIERA DE SANT LLORENÇ )"
57117,"Tram de_( RIERA DE SANT LLORENÇ )"
57118,"Tram de_( RIERA DE SANT CLIMENT )"
57119,"RIERA DE SALOM"
57120,"Tram de_( RIERA DE SALOM )"
57121,"Tram de_( RIERA DE SALOM )"
57122,"Tram de_( RIERA DE SALOM )"
57124,"RIERA DE CAN CARRERES"
57125,"Tram de_( RIERA DE CAN CARRERES )"
57126,"BRAÇ DE LA VIDALA"
57127,"Tram de_( BRAÇ DE LA VIDALA )"
57128,"RIU LLOBREGAT"
57129,"RIERA DE CAN PINYOL"
57130,"Tram de_( RIERA DE CAN PINYOL )"
57131,"Tram de_( RIERA DE CAN PINYOL )"
57134,"RIERA DE SANT JUST"
57135,"Tram de_( RIERA DE SANT JUST )"
57136,"Tram de_( RIERA DE SANT JUST )"
57137,"RIERA DE CAN JULIA"
57138,"Tram de_( RIERA DE CAN JULIA )"
57139,"Tram de_( RIU LLOBREGAT )"
57142,"TORRENT DE LES TORRES"
57143,"Tram de_( TORRENT DE LES TORRES )"
57144,"Tram de_( TORRENT DE LES TORRES )"
57146,"RIERA DE TORRELLES"
57147,"TORRENT DE CAN COSTA"
57148,"Tram de_( TORRENT DE CAN COSTA )"
57149,"Tram de_( RIERA DE TORRELLES )"
57150,"Tram de_( RIERA DE TORRELLES )"
57152,"Tram de_( RIERA DE TORRELLES )"
57153,"TORRENT DE LA FONT DE L'ALBA"
57154,"Tram de_( TORRENT DE LA FONT DE L'ALBA )"
57156,"Tram de_( RIERA DE TORRELLES )"
57158,"Tram de_( RIU LLOBREGAT )"
57160,"RIERA DE CERVELLO"
57161,"RIERA DE RAFAMANS O RIERA DE CORBERA"
57162,"Tram de_( RIERA DE RAFAMANS O RIERA DE CORBERA )"
57163,"Tram de_( RIERA DE RAFAMANS O RIERA DE CORBERA )"
57164,"Tram de_( RIERA DE RAFAMANS O RIERA DE CORBERA )"
57165,"Tram de_( RIERA DE RAFAMANS O RIERA DE CORBERA )"
57169,"FONDO DE CAN DISPANYA"
57171,"Tram de_( FONDO DE CAN DISPANYA )"
57172,"Tram de_( FONDO DE CAN DISPANYA )"
57175,"Tram de_( RIERA DE CERVELLO )"
57176,"RIERA DE SANTA MARIA"
57177,"Tram de_( RIERA DE SANTA MARIA )"
57178,"Tram de_( RIERA DE SANTA MARIA )"
57179,"Tram de_( RIERA DE CERVELLO )"
57180,"TORRENT DE CAMPDERROS"
57181,"Tram de_( TORRENT DE CAMPDERROS )"
57182,"Tram de_( SIN NOMBRE )"
57183,"Tram de_( SIN NOMBRE )"
57184,"Tram de_( TORRENT DE CAMPDERROS )"
57185,"FONDO D'EN MUNTANER"
57186,"Tram de_( FONDO D'EN MUNTANER )"
57188,"RIERA DE VALLVIDRERA"
57190,"Tram de_( RIERA DE VALLVIDRERA )"
57191,"Tram de_( RIERA DE VALLVIDRERA )"
57192,"Tram de_( RIERA DE VALLVIDRERA )"
57193,"Tram de_( RIERA DE VALLVIDRERA )"
57194,"Tram de_( RIERA DE VALLVIDRERA )"
57195,"Tram de_( RIERA DE VALLVIDRERA )"
57197,"TORRENT DE BATZACS"
57198,"Tram de_( TORRENT DE BATZACS )"
57199,"RIERA DE RUBI"
57200,"Tram de_( RIERA DE RUBI )"
57201,"Tram de_( RIERA DE RUBI )"
57206,"TORRENT DE CAN BELASC"
57207,"TORRENT DE CAN TALLAFIGUERES"
57208,"Tram de_( TORRENT DE CAN TALLAFIGUERES )"
57209,"Tram de_( TORRENT DE CAN BELASC )"
57210,"TORRENT DE CAN BADAL"
57211,"Tram de_( TORRENT DE CAN BADAL )"
57212,"Tram de_( SIN NOMBRE )"
57213,"Tram de_( SIN NOMBRE )"
57214,"Tram de_( SIN NOMBRE )"
57215,"Tram de_( SIN NOMBRE )"
57216,"Tram de_( SIN NOMBRE )"
57217,"Tram de_( TORRENT DE CAN BADAL )"
57219,"TORRENT DE XERCAVINS"
57220,"Tram de_( TORRENT DE XERCAVINS )"
57221,"TORRENT DE CAN SOLA"
57222,"Tram de_( TORRENT DE CAN SOLA )"
57223,"TORRENT DE SANT MUÇ"
57224,"Tram de_( TORRENT DE SANT MUÇ )"
57225,"TORRENT DE CAN FERRAN"
57226,"Tram de_( TORRENT DE CAN FERRAN )"
57227,"Tram de_( TORRENT DE CAN FERRAN )"
57228,"Tram de_( RIERA DE RUBI )"
57229,"TORRENT DE CAN CORBERA"
57230,"Tram de_( TORRENT DE CAN CORBERA )"
57231,"Tram de_( RIERA DE RUBI )"
57232,"Tram de_( RIERA DE RUBI )"
57233,"RIERA DEL PALAU"
57234,"Tram de_( RIERA DEL PALAU )"
57236,"Tram de_( RIERA DEL PALAU )"
57237,"Tram de_( RIERA DEL PALAU )"
57238,"Tram de_( RIERA DEL PALAU )"
57239,"TORRENT MITGER DE CA N'AMAT"
57240,"Tram de_( TORRENT MITGER DE CA N'AMAT )"
57242,"RIERA DE CAN BOGUNYA"
57243,"TORRENT DE CAN BOGUNYA"
57244,"Tram de_( TORRENT DE CAN BOGUNYA )"
57245,"Tram de_( RIERA DE CAN BOGUNYA )"
57246,"RIERA DE LES ARENES"
57247,"Tram de_( RIERA DE LES ARENES )"
57248,"Tram de_( RIERA DE LES ARENES )"
57249,"TORRENT DE LA FONT DE LA RIBA"
57250,"Tram de_( TORRENT DE LA FONT DE LA RIBA )"
57251,"Tram de_( RIERA DE LES ARENES )"
57252,"Tram de_( RIERA DE LES ARENES )"
57253,"Tram de_( RIERA DE LES ARENES )"
57254,"Tram de_( RIERA DE LES ARENES )"
57255,"CANAL DE LA PEDRERA"
57256,"Tram de_( CANAL DE LA PEDRERA )"
57257,"Tram de_( RIERA DE LES ARENES )"
57258,"Tram de_( RIERA DE LES ARENES )"
57259,"Tram de_( RIERA DE LES ARENES )"
57260,"Tram de_( RIERA DE LES ARENES )"
57261,"Tram de_( RIERA DE LES ARENES )"
57262,"Tram de_( RIERA DE LES ARENES )"
57263,"Tram de_( RIERA DE LES ARENES )"
57264,"Tram de_( RIERA DE LES ARENES )"
57266,"Tram de_( RIU LLOBREGAT )"
57267,"RIERA DE CORBERA"
57268,"Tram de_( RIERA DE CORBERA )"
57270,"Tram de_( RIERA DE CORBERA )"
57271,"Tram de_( RIERA DE CORBERA )"
57272,"Tram de_( RIERA DE CORBERA )"
57273,"Tram de_( RIU LLOBREGAT )"
57274,"RIERA DE LA GAIOLA"
57275,"Tram de_( RIERA DE LA GAIOLA )"
57276,"RIERA DE MITJANS"
57277,"Tram de_( RIERA DE MITJANS )"
57279,"Tram de_( RIU LLOBREGAT )"
57280,"TORRENT DE PEGUERES"
57281,"Tram de_( TORRENT DE PEGUERES )"
57283,"TORRENT DE L'ANOIA"
57284,"Tram de_( TORRENT DE L'ANOIA )"
57285,"TORRENT DE LES DEVESES"
57286,"Tram de_( TORRENT DE LES DEVESES )"
57287,"Tram de_( TORRENT DE L'ANOIA )"
57289,"TORRENT DELS MURRIS"
57290,"Tram de_( TORRENT DELS MURRIS )"
57295,"Tram de_( TORRENT DE L'ANOIA )"
57297,"Tram de_( TORRENT DE L'ANOIA )"
57299,"RIU RIERUSSA"
57300,"Tram de_( RIU RIERUSSA )"
57302,"TORRENT DE CAN BOSC"
57303,"Tram de_( TORRENT DE CAN BOSC )"
57305,"TORRENT DE LA FONTSANTA"
57306,"Tram de_( TORRENT DE LA FONTSANTA )"
57308,"Tram de_( TORRENT DE LA FONTSANTA )"
57310,"TORRENT DE LA PEDROSA"
57311,"Tram de_( TORRENT DE LA PEDROSA )"
57312,"Tram de_( TORRENT DE LA PEDROSA )"
57313,"Tram de_( TORRENT DE LA FONTSANTA )"
57314,"TORRENT DEL SALT DE CAN LLOPARD"
57315,"Tram de_( TORRENT DEL SALT DE CAN LLOPARD )"
57317,"Tram de_( TORRENT DE L'ANOIA )"
57318,"TORRENT DE SANT MIGUEL"
57319,"Tram de_( TORRENT DE SANT MIGUEL )"
57320,"TORRENT DE VALLBARDINA"
57321,"Tram de_( TORRENT DE VALLBARDINA )"
57322,"Tram de_( TORRENT DE L'ANOIA )"
57323,"FONDO DE PARELLADA"
57324,"Tram de_( FONDO DE PARELLADA )"
57325,"TORRENT DE CAN TORRES"
57326,"Tram de_( TORRENT DE CAN TORRES )"
57329,"Tram de_( TORRENT DE L'ANOIA )"
57330,"TORRENT DE CAN VERMELL"
57331,"Tram de_( TORRENT DE CAN VERMELL )"
57332,"TORRENT DEL SALT DEL LLOP"
57333,"Tram de_( TORRENT DEL SALT DEL LLOP )"
57334,"Tram de_( TORRENT DEL SALT DEL LLOP )"
57335,"RIERA DE LAVERNO"
57336,"Tram de_( RIERA DE LAVERNO )"
57338,"TORRENT DE LA FONT DE JUI"
57339,"Tram de_( TORRENT DE LA FONT DE JUI )"
57340,"Tram de_( RIERA DE LAVERNO )"
57341,"RIERA DE SANTA FE"
57342,"TORRENT DE SABANELL O DELS BRIVONS"
57343,"Tram de_( TORRENT DE SABANELL O DELS BRIVONS )"
57344,"Tram de_( TORRENT DE SABANELL O DELS BRIVONS )"
57345,"TORRENT DE CAL CERDA"
57348,"Tram de_( TORRENT DE CAL CERDA )"
57349,"TORRENT DE CANTALLOPS"
57350,"Tram de_( TORRENT DE CANTALLOPS )"
57352,"TORRENT D'AVINYO"
57353,"Tram de_( TORRENT D'AVINYO )"
57354,"Tram de_( TORRENT D'AVINYO )"
57357,"Tram de_( TORRENT DE CANTALLOPS )"
57358,"Tram de_( RIERA DE SANTA FE )"
57359,"RIERA DEL ROMANI"
57360,"Tram de_( RIERA DEL ROMANI )"
57361,"Tram de_( RIERA DEL ROMANI )"
57363,"TORRENT DE LES TARUMBES"
57366,"Tram de_( TORRENT DE LES TARUMBES )"
57369,"TORRENT DE LA FONT FRESCA"
57370,"Tram de_( TORRENT DE LA FONT FRESCA )"
57371,"Tram de_( TORRENT DE L'ANOIA )"
57372,"Tram de_( TORRENT DE L'ANOIA )"
57374,"Tram de_( TORRENT DE L'ANOIA )"
57375,"TORRENT DE CAN BENET"
57377,"RIU DE BITLLES"
57378,"Tram de_( RIU DE BITLLES )"
57379,"TORRENT DEL CEMENTIRI"
57380,"Tram de_( TORRENT DEL CEMENTIRI )"
57381,"Tram de_( TORRENT DEL CEMENTIRI )"
57382,"Tram de_( RIU DE BITLLES )"
57383,"Tram de_( RIU DE BITLLES )"
57386,"Tram de_( RIU DE BITLLES )"
57387,"TORRENT DEL DUC"
57388,"Tram de_( TORRENT DEL DUC )"
57390,"TORRENT DE VALLDELLOS"
57391,"Tram de_( TORRENT DE VALLDELLOS )"
57392,"Tram de_( TORRENT DEL DUC )"
57393,"RIERA DE MEDIONA"
57394,"TORRENT DE GUINYOLES"
57395,"Tram de_( TORRENT DE GUINYOLES )"
57396,"Tram de_( RIERA DE MEDIONA )"
57397,"Tram de_( RIERA DE MEDIONA )"
57401,"TORRENT DE CAN CARBONELL"
57402,"Tram de_( TORRENT DE CAN CARBONELL )"
57403,"Tram de_( RIERA DE MEDIONA )"
57404,"Tram de_( RIERA DE MEDIONA )"
57405,"TORRENT DE PUIGFRED"
57406,"Tram de_( TORRENT DE PUIGFRED )"
57407,"Tram de_( RIERA DE MEDIONA )"
57413,"RIERA DE LA LLACUNA"
57415,"Tram de_( RIERA DE LA LLACUNA )"
57416,"RIERA DE LA MOLINADA"
57417,"Tram de_( RIERA DE LA MOLINADA )"
57418,"Tram de_( RIERA DE LA LLACUNA )"
57419,"Tram de_( TORRENT DE L'ANOIA )"
57421,"Tram de_( TORRENT DE L'ANOIA )"
57425,"TORRENT DEL PATUMAS"
57426,"Tram de_( TORRENT DEL PATUMAS )"
57427,"Tram de_( TORRENT DEL PATUMAS )"
57430,"Tram de_( TORRENT DE L'ANOIA )"
57431,"TORRENT FONDO"
57432,"Tram de_( TORRENT FONDO )"
57436,"TORRENT DEL CARRIO"
57437,"Tram de_( TORRENT DEL CARRIO )"
57438,"Tram de_( TORRENT DEL CARRIO )"
57439,"Tram de_( TORRENT DE L'ANOIA )"
57441,"TORRENT DE LA CREMADA"
57442,"TORRENT DE LA BLEDA"
57443,"Tram de_( TORRENT DE LA BLEDA )"
57444,"Tram de_( TORRENT DE LA CREMADA )"
57445,"TORRENT DEL MAL PAS"
57446,"Tram de_( TORRENT DEL MAL PAS )"
57447,"Tram de_( TORRENT DE LA CREMADA )"
57449,"RIU GUINOVARDA"
57450,"Tram de_( RIU GUINOVARDA )"
57455,"RIERA DE CA N'AGUILERA"
57456,"Tram de_( RIERA DE CA N'AGUILERA )"
57457,"Tram de_( RIERA DE CA N'AGUILERA )"
57458,"Tram de_( RIERA DE CA N'AGUILERA )"
57459,"Tram de_( RIERA DE CA N'AGUILERA )"
57460,"Tram de_( RIERA DE CA N'AGUILERA )"
57461,"Tram de_( RIERA DE CA N'AGUILERA )"
57462,"Tram de_( RIERA DE CA N'AGUILERA )"
57464,"TORRENT DE LA GUIXANA"
57465,"Tram de_( TORRENT DE LA GUIXANA )"
57466,"Tram de_( SIN NOMBRE )"
57467,"Tram de_( TORRENT DE LA GUIXANA )"
57468,"Tram de_( TORRENT DE L'ANOIA )"
57469,"RIERA SECA"
57470,"Tram de_( RIERA SECA )"
57473,"Tram de_( RIERA SECA )"
57474,"Tram de_( RIERA SECA )"
57475,"Tram de_( TORRENT DE L'ANOIA )"
57476,"TORRENT DE LA PEDRERA"
57477,"Tram de_( TORRENT DE LA PEDRERA )"
57480,"Tram de_( TORRENT DE L'ANOIA )"
57482,"Tram de_( TORRENT DE L'ANOIA )"
57483,"Tram de_( TORRENT DE L'ANOIA )"
57484,"Tram de_( TORRENT DE L'ANOIA )"
57485,"TORRENT DE LA FONT D'EN PLANES"
57486,"Tram de_( TORRENT DE LA FONT D'EN PLANES )"
57487,"Tram de_( TORRENT DE LA FONT D'EN PLANES )"
57488,"Tram de_( TORRENT DE L'ANOIA )"
57489,"TORRENT DEL FORN D'EN MONNER"
57490,"Tram de_( TORRENT DEL FORN D'EN MONNER )"
57491,"Tram de_( TORRENT DEL FORN D'EN MONNER )"
57492,"Tram de_( TORRENT DEL FORN D'EN MONNER )"
57493,"Tram de_( TORRENT DEL FORN D'EN MONNER )"
57494,"Tram de_( TORRENT DEL FORN D'EN MONNER )"
57495,"Tram de_( TORRENT DE L'ANOIA )"
57496,"RIERA DE CARME"
57498,"Tram de_( RIERA DE CARME )"
57501,"TORRENT DEL MANOU"
57502,"Tram de_( TORRENT DEL MANOU )"
57503,"Tram de_( RIERA DE CARME )"
57504,"Tram de_( RIERA DE CARME )"
57505,"TORRENT DE LES ESCODINES"
57506,"Tram de_( TORRENT DE LES ESCODINES )"
57507,"Tram de_( RIERA DE CARME )"
57508,"Tram de_( RIERA DE CARME )"
57509,"RIERA DE MIRALLES"
57510,"Tram de_( RIERA DE MIRALLES )"
57511,"TORRENT DE LA CREU D'EN FRANÇOLA"
57512,"Tram de_( TORRENT DE LA CREU D'EN FRANÇOLA )"
57514,"RIERA DE LES COLOMINES"
57515,"Tram de_( RIERA DE LES COLOMINES )"
57516,"Tram de_( RIERA DE LES COLOMINES )"
57517,"Tram de_( RIERA DE LES COLOMINES )"
57518,"Tram de_( RIERA DE MIRALLES )"
57519,"Tram de_( RIERA DE MIRALLES )"
57520,"Tram de_( RIERA DE MIRALLES )"
57521,"Tram de_( RIERA DE MIRALLES )"
57522,"Tram de_( RIERA DE MIRALLES )"
57523,"TORRENT DE LA LLANÇANA"
57524,"Tram de_( TORRENT DE LA LLANÇANA )"
57526,"TORRENT D'ESTANELLA"
57527,"Tram de_( TORRENT D'ESTANELLA )"
57528,"Tram de_( SIN NOMBRE )"
57533,"TORRENT DEL RAVAL"
57534,"RIERA DE CASTELLOLI"
57536,"Tram de_( RIERA DE CASTELLOLI )"
57537,"TORRENT DE CAN PALA"
57538,"Tram de_( TORRENT DE CAN PALA )"
57539,"Tram de_( RIERA DE CASTELLOLI )"
57540,"TORRENT DEL FIGUEROLA"
57541,"Tram de_( TORRENT DEL FIGUEROLA )"
57544,"TORRENT DE GÜELLS"
57545,"Tram de_( TORRENT DE GÜELLS )"
57546,"Tram de_( TORRENT DE GÜELLS )"
57547,"Tram de_( SIN NOMBRE )"
57548,"Tram de_( SIN NOMBRE )"
57551,"Tram de_( TORRENT DEL RAVAL )"
57552,"TORRENT DE CAN BERNADES"
57553,"Tram de_( TORRENT DE CAN BERNADES )"
57559,"TORRENT DE CAL CODOL"
57560,"Tram de_( TORRENT DE CAL CODOL )"
57562,"TORRENT DE CAN BRUNET"
57563,"Tram de_( TORRENT DE CAN BRUNET )"
57568,"TORRENT DE PUIGBUFER"
57571,"Tram de_( TORRENT DE PUIGBUFER )"
57572,"TORRENT DE LES BRUIXES"
57573,"Tram de_( TORRENT DE LES BRUIXES )"
57574,"Tram de_( TORRENT DE LES BRUIXES )"
57575,"Tram de_( TORRENT DE LES BRUIXES )"
57576,"Tram de_( TORRENT DE LES BRUIXES )"
57577,"Tram de_( TORRENT DE L'ANOIA )"
57585,"Tram de_( TORRENT DE L'ANOIA )"
57586,"RIERA DE TOUS"
57587,"TORRENT D'EN FELIU"
57588,"Tram de_( TORRENT D'EN FELIU )"
57589,"Tram de_( TORRENT D'EN FELIU )"
57590,"Tram de_( TORRENT D'EN FELIU )"
57591,"Tram de_( RIERA DE TOUS )"
57599,"RIERA DE LA ROQUETA"
57600,"Tram de_( RIERA DE LA ROQUETA )"
57604,"Tram de_( RIERA DE LA ROQUETA )"
57605,"Tram de_( RIERA DE LA ROQUETA )"
57606,"Tram de_( RIERA DE TOUS )"
57607,"Tram de_( RIERA DE TOUS )"
57609,"Tram de_( RIERA DE TOUS )"
57613,"BARRANC DE L'INFERN"
57615,"Tram de_( BARRANC DE L'INFERN )"
57616,"Tram de_( TORRENT DE L'ANOIA )"
57619,"RIERA DE CLARIANA"
57623,"Tram de_( RIERA DE CLARIANA )"
57625,"Tram de_( RIERA DE CLARIANA )"
57626,"Tram de_( RIERA DE CLARIANA )"
57633,"TORRENT DE CAN MORERA"
57634,"TORRENT DE LES MARRINXES"
57635,"Tram de_( TORRENT DE LES MARRINXES )"
57638,"Tram de_( TORRENT DE CAN MORERA )"
57639,"TORRENT DE L'OBAGA DE PUIGGROS"
57640,"Tram de_( TORRENT DE L'OBAGA DE PUIGGROS )"
57642,"TORRENT DE LES MUNTADES"
57643,"Tram de_( TORRENT DE LES MUNTADES )"
57646,"RASA DE LA COMA"
57647,"Tram de_( RASA DE LA COMA )"
57653,"TORRENT DEL MOLI DE LES VINYES"
57654,"Tram de_( TORRENT DEL MOLI DE LES VINYES )"
57655,"Tram de_( TORRENT DEL MOLI DE LES VINYES )"
57660,"RIERA DE VECIANA"
57661,"Tram de_( RIERA DE VECIANA )"
57662,"Tram de_( RIERA DE VECIANA )"
57663,"Tram de_( RIERA DE VECIANA )"
57664,"BARRANC DE VECIANA"
57667,"Tram de_( BARRANC DE VECIANA )"
57668,"Tram de_( BARRANC DE VECIANA )"
57669,"Tram de_( BARRANC DE VECIANA )"
57670,"Tram de_( BARRANC DE VECIANA )"
57671,"Tram de_( BARRANC DE VECIANA )"
57672,"RIERA GRAN"
57673,"Tram de_( RIERA GRAN )"
57674,"Tram de_( RIERA GRAN )"
57675,"Tram de_( RIERA GRAN )"
57676,"Tram de_( RIERA GRAN )"
57677,"RASA DE VALENTI"
57678,"Tram de_( RASA DE VALENTI )"
57679,"Tram de_( RIERA GRAN )"
57680,"Tram de_( RIERA DE VECIANA )"
57681,"RIERA DE SANT PERE"
57682,"Tram de_( RIERA DE SANT PERE )"
57683,"Tram de_( RIERA DE SANT PERE )"
57684,"Tram de_( RIERA DE SANT PERE )"
57685,"TORRENT DE CA L'ANDREU"
57686,"Tram de_( TORRENT DE CA L'ANDREU )"
57688,"Tram de_( RIERA DE SANT PERE )"
57689,"TORRENT DE LA MANRESANA"
57690,"Tram de_( TORRENT DE LA MANRESANA )"
57692,"Tram de_( RIERA DE SANT PERE )"
57693,"Tram de_( SIN NOMBRE )"
57694,"Tram de_( RIERA DE SANT PERE )"
57696,"Tram de_( RIU LLOBREGAT )"
57697,"TORRENT DE LLOPS"
57698,"Tram de_( TORRENT DE LLOPS )"
57701,"TORRENT DELS CANALS"
57702,"Tram de_( TORRENT DELS CANALS )"
57703,"Tram de_( TORRENT DELS CANALS )"
57708,"TORRENT DEL CAMI"
57709,"Tram de_( TORRENT DEL CAMI )"
57710,"Tram de_( TORRENT DEL CAMI )"
57711,"RIERA DEL MORRAL DEL MOLI"
57712,"Tram de_( RIERA DEL MORRAL DEL MOLI )"
57713,"Tram de_( RIERA DEL MORRAL DEL MOLI )"
57715,"Tram de_( RIERA DEL MORRAL DEL MOLI )"
57717,"RIERA DE CAN TRULLAS"
57718,"TORRENT DE CAN BAIONA"
57719,"Tram de_( TORRENT DE CAN BAIONA )"
57720,"Tram de_( RIERA DE CAN TRULLAS )"
57722,"Tram de_( RIERA DE CAN TRULLAS )"
57723,"RIERA DE LA TORRE"
57724,"Tram de_( RIERA DE LA TORRE )"
57725,"Tram de_( RIERA DE LA TORRE )"
57729,"RIERA DEL BOIXADELL"
57730,"Tram de_( RIERA DEL BOIXADELL )"
57731,"Tram de_( RIERA DEL BOIXADELL )"
57732,"Tram de_( RIERA DE LA TORRE )"
57734,"RIERA DE GAIA"
57735,"Tram de_( RIERA DE GAIA )"
57740,"TORRENT DE CAN PURULL"
57741,"Tram de_( TORRENT DE CAN PURULL )"
57742,"Tram de_( TORRENT DE CAN PURULL )"
57745,"Tram de_( RIERA DE GAIA )"
57746,"TORRENT DEL LLOR"
57747,"Tram de_( TORRENT DEL LLOR )"
57748,"Tram de_( TORRENT DEL LLOR )"
57749,"Tram de_( TORRENT DEL LLOR )"
57751,"Tram de_( RIERA DE GAIA )"
57752,"TORRENT DE LA FONT DE LA TEULA"
57753,"Tram de_( TORRENT DE LA FONT DE LA TEULA )"
57756,"TORRENT DELS CAUS"
57757,"Tram de_( TORRENT DELS CAUS )"
57759,"Tram de_( RIU LLOBREGAT )"
57760,"Tram de_( RIU LLOBREGAT )"
57762,"Tram de_( RIU LLOBREGAT )"
57764,"Tram de_( RIU LLOBREGAT )"
57765,"Tram de_( SIN NOMBRE )"
57767,"RIERA DE PIEROLA"
57768,"RIERA DE MASQUEFA"
57771,"RIERA DE CLARET"
57775,"Tram de_( RIERA DE CLARET )"
57776,"TORRENT DE L'HOME MORT"
57777,"Tram de_( TORRENT DE L'HOME MORT )"
57778,"Tram de_( RIERA DE CLARET )"
57779,"Tram de_( RIERA DE CLARET )"
57780,"Tram de_( RIERA DE CLARET )"
57781,"Tram de_( RIERA DE MASQUEFA )"
57782,"Tram de_( RIERA DE MASQUEFA )"
57783,"Tram de_( RIERA DE MASQUEFA )"
57786,"TORRENT DE CAN GALARD"
57787,"Tram de_( TORRENT DE CAN GALARD )"
57788,"TORRENT DE CAN FOSALBA"
57789,"Tram de_( TORRENT DE CAN FOSALBA )"
57790,"TORRENT DE CAN GUINEU"
57791,"Tram de_( TORRENT DE CAN GUINEU )"
57792,"Tram de_( RIERA DE PIEROLA )"
57793,"Tram de_( RIERA DE PIEROLA )"
57794,"Tram de_( RIERA DE PIEROLA )"
57795,"Tram de_( RIERA DE PIEROLA )"
57796,"Tram de_( RIERA DE PIEROLA )"
57797,"Tram de_( RIERA DE PIEROLA )"
57798,"TORRENT DEL MARGANTI"
57799,"Tram de_( TORRENT DEL MARGANTI )"
57800,"Tram de_( RIERA DE PIEROLA )"
57801,"Tram de_( RIERA DE PIEROLA )"
57802,"Tram de_( RIERA DE PIEROLA )"
57803,"Tram de_( RIERA DE PIEROLA )"
57804,"Tram de_( RIERA DE PIEROLA )"
57805,"Tram de_( RIERA DE PIEROLA )"
57807,"TORRENT DEL CLOT DEL TRUMFO"
57808,"Tram de_( TORRENT DEL CLOT DEL TRUMFO )"
57809,"Tram de_( TORRENT DEL CLOT DEL TRUMFO )"
57810,"Tram de_( RIERA DE PIEROLA )"
57811,"RIERA DE CAN DALMASES O TORRENT MAL"
57812,"Tram de_( RIERA DE CAN DALMASES O TORRENT MAL )"
57815,"TORRENT DE LA MAÇANA"
57816,"Tram de_( TORRENT DE LA MAÇANA )"
57817,"Tram de_( SIN NOMBRE )"
57818,"Tram de_( TORRENT DE LA MAÇANA )"
57819,"Tram de_( RIERA DE CAN DALMASES O TORRENT MAL )"
57823,"Tram de_( RIERA DE CAN DALMASES O TORRENT MAL )"
57824,"Tram de_( RIU LLOBREGAT )"
57825,"RIERA DE CANYAMASSOS"
57826,"Tram de_( RIERA DE CANYAMASSOS )"
57827,"RIERA D'OROMIR"
57828,"Tram de_( RIERA D'OROMIR )"
57829,"Tram de_( RIERA D'OROMIR )"
57830,"RIERA DEL PUIG"
57831,"Tram de_( RIERA DEL PUIG )"
57836,"TORRENT DE L'AFRAU"
57837,"Tram de_( TORRENT DE L'AFRAU )"
57838,"Tram de_( RIU LLOBREGAT )"
57839,"TORRENT DE LA SALUT"
57840,"Tram de_( TORRENT DE LA SALUT )"
57842,"Tram de_( RIU LLOBREGAT )"
57843,"Tram de_( RIU LLOBREGAT )"
57844,"Tram de_( RIU LLOBREGAT )"
57845,"Tram de_( RIU LLOBREGAT )"
57846,"TORRENT DEL ROSSINYOL"
57847,"Tram de_( TORRENT DEL ROSSINYOL )"
57848,"TORRENT DEL TORTUGUER"
57849,"Tram de_( TORRENT DEL TORTUGUER )"
57850,"RIERA DEL PALA"
57851,"TORRENT DELS OMS"
57852,"Tram de_( TORRENT DELS OMS )"
57853,"Tram de_( TORRENT DELS OMS )"
57855,"Tram de_( TORRENT DELS OMS )"
57856,"TORRENT DEL TEIX"
57857,"Tram de_( TORRENT DEL TEIX )"
57858,"Tram de_( RIERA DEL PALA )"
57859,"Tram de_( RIERA DEL PALA )"
57860,"Tram de_( RIERA DEL PALA )"
57862,"Tram de_( RIERA DEL PALA )"
57863,"Tram de_( RIERA DEL PALA )"
57866,"RIERA DE MARGANELL"
57867,"Tram de_( RIERA DE MARGANELL )"
57868,"Tram de_( RIERA DE MARGANELL )"
57869,"Tram de_( RIERA DE MARGANELL )"
57871,"Tram de_( RIERA DE MARGANELL )"
57873,"TORRENT DE CAN MARTORELL"
57874,"Tram de_( TORRENT DE CAN MARTORELL )"
57875,"Tram de_( TORRENT DE CAN MARTORELL )"
57876,"Tram de_( RIERA DE MARGANELL )"
57877,"Tram de_( RIERA DE MARGANELL )"
57879,"Tram de_( RIERA DE MARGANELL )"
57880,"Tram de_( RIERA DE MARGANELL )"
57881,"TORRENT DE LA FONT POMA"
57882,"Tram de_( TORRENT DE LA FONT POMA )"
57883,"Tram de_( TORRENT DE LA FONT POMA )"
57884,"Tram de_( TORRENT DE LA FONT POMA )"
57885,"Tram de_( RIERA DE MARGANELL )"
57886,"Tram de_( RIERA DE MARGANELL )"
57887,"Tram de_( SIN NOMBRE )"
57888,"Tram de_( RIERA DE MARGANELL )"
57889,"Tram de_( RIERA DE MARGANELL )"
57890,"RIERA DE RELLINARS"
57891,"TORRENT DE LES PASTERES"
57892,"Tram de_( TORRENT DE LES PASTERES )"
57893,"Tram de_( RIERA DE RELLINARS )"
57895,"TORRENT DE L'ESBARZER"
57896,"Tram de_( TORRENT DE L'ESBARZER )"
57898,"Tram de_( TORRENT DE L'ESBARZER )"
57899,"Tram de_( RIERA DE RELLINARS )"
57901,"TORRENT DE LA SAIOLA"
57902,"Tram de_( TORRENT DE LA SAIOLA )"
57903,"Tram de_( TORRENT DE LA SAIOLA )"
57905,"TORRENT DE CAN JOAN DOMINGO"
57906,"Tram de_( TORRENT DE CAN JOAN DOMINGO )"
57907,"Tram de_( RIU LLOBREGAT )"
57908,"RIERA DE CASTELLET"
57909,"Tram de_( RIERA DE CASTELLET )"
57910,"Tram de_( RIERA DE CASTELLET )"
57911,"RIERA DEL GALL"
57912,"Tram de_( RIERA DEL GALL )"
57913,"Tram de_( RIERA DEL GALL )"
57915,"TORRENT DEL RUBIO"
57916,"Tram de_( TORRENT DEL RUBIO )"
57917,"RIU CARDENER"
57918,"Tram de_( RIU CARDENER )"
57919,"RIERA DE CORNET"
57920,"Tram de_( RIERA DE CORNET )"
57921,"Tram de_( RIERA DE CORNET )"
57922,"RIU RASOT"
57923,"Tram de_( RIU RASOT )"
57924,"Tram de_( RIU RASOT )"
57926,"TORRENT DE MASSAC O DELS COLOMERS"
57927,"Tram de_( TORRENT DE MASSAC O DELS COLOMERS )"
57928,"RIERA DE GUARDIOLA"
57931,"Tram de_( RIERA DE GUARDIOLA )"
57932,"TORRENT DE CAN CANYELLES"
57933,"Tram de_( TORRENT DE CAN CANYELLES )"
57934,"Tram de_( TORRENT DE CAN CANYELLES )"
57935,"TORRENT DE CAN TORRE"
57937,"Tram de_( TORRENT DE CAN TORRE )"
57938,"TORRENT DE CAL TON VIVES"
57939,"Tram de_( TORRENT DE CAL TON VIVES )"
57941,"TORRENT DE CAL BONASTRE"
57942,"Tram de_( TORRENT DE CAL BONASTRE )"
57943,"TORRENT DE JULENQUES"
57945,"Tram de_( TORRENT DE JULENQUES )"
57947,"Tram de_( TORRENT DE CAL BONASTRE )"
57948,"TORRENT DELS PELAGS"
57951,"Tram de_( TORRENT DELS PELAGS )"
57952,"Tram de_( TORRENT DE CAL BONASTRE )"
57953,"Tram de_( RIERA DE CORNET )"
57954,"RIERA DE RAJADELL"
57955,"Tram de_( RIERA DE RAJADELL )"
57956,"Tram de_( RIERA DE RAJADELL )"
57957,"TORRENT DE L'INFERN"
57958,"Tram de_( TORRENT DE L'INFERN )"
57959,"Tram de_( TORRENT DE L'INFERN )"
57960,"Tram de_( RIERA DE RAJADELL )"
57961,"Tram de_( RIERA DE RAJADELL )"
57962,"Tram de_( RIERA DE RAJADELL )"
57968,"TORRENT DE CAN TORRE"
57970,"Tram de_( TORRENT DE CAN TORRE )"
57971,"Tram de_( RIERA DE RAJADELL )"
57972,"Tram de_( RIERA DE RAJADELL )"
57974,"Tram de_( RIERA DE RAJADELL )"
57975,"RIERA DE GREVALOSA"
57976,"Tram de_( RIERA DE GREVALOSA )"
57980,"Tram de_( RIERA DE GREVALOSA )"
57981,"Tram de_( RIERA DE GREVALOSA )"
57982,"Tram de_( RIERA DE GREVALOSA )"
57983,"Tram de_( RIERA DE GREVALOSA )"
57984,"Tram de_( RIERA DE GREVALOSA )"
57985,"Tram de_( RIERA DE GREVALOSA )"
57986,"RIERA DE MAÇANA"
57988,"Tram de_( RIERA DE MAÇANA )"
57991,"TORRENT DE SEGUERS"
57992,"Tram de_( TORRENT DE SEGUERS )"
57993,"Tram de_( RIERA DE MAÇANA )"
57994,"Tram de_( RIERA DE MAÇANA )"
57995,"Tram de_( RIERA DE MAÇANA )"
57996,"Tram de_( RIERA DE MAÇANA )"
57997,"Tram de_( SIN NOMBRE )"
57998,"Tram de_( SIN NOMBRE )"
57999,"Tram de_( SIN NOMBRE )"
58000,"Tram de_( SIN NOMBRE )"
58001,"TORRENT DE CAN MATES"
58002,"Tram de_( TORRENT DE CAN MATES )"
58003,"Tram de_( RIERA DE MAÇANA )"
58004,"TORRENT BO"
58005,"Tram de_( TORRENT BO )"
58006,"Tram de_( TORRENT BO )"
58007,"Tram de_( TORRENT BO )"
58008,"Tram de_( TORRENT BO )"
58009,"Tram de_( RIERA DE RAJADELL )"
58010,"Tram de_( RIERA DE RAJADELL )"
58012,"Tram de_( RIERA DE RAJADELL )"
58013,"TORRENT DE BOIXADORS"
58015,"Tram de_( TORRENT DE BOIXADORS )"
58016,"Tram de_( SIN NOMBRE )"
58018,"Tram de_( RIU CARDENER )"
58019,"Tram de_( RIU CARDENER )"
58020,"TORRENT DEL CANIGO"
58021,"Tram de_( TORRENT DEL CANIGO )"
58022,"TORRENT DE LES TORRES"
58023,"Tram de_( TORRENT DE LES TORRES )"
58024,"RIERA DE FONOLLOSA"
58025,"Tram de_( RIERA DE FONOLLOSA )"
58026,"Tram de_( RIERA DE FONOLLOSA )"
58027,"RIERA DE FALS"
58029,"TORRENT DE LA VALL DEL PUIG"
58031,"Tram de_( TORRENT DE LA VALL DEL PUIG )"
58032,"Tram de_( TORRENT DE LA VALL DEL PUIG )"
58033,"Tram de_( TORRENT DE LA VALL DEL PUIG )"
58034,"RASA DE SOCIATS"
58035,"Tram de_( RASA DE SOCIATS )"
58036,"Tram de_( RIERA DE FALS )"
58038,"TORRENT DE FONOLLOSA O RAVAL DE POCAFARINA"
58039,"TORRENT DE CAL MORERA"
58040,"Tram de_( TORRENT DE CAL MORERA )"
58041,"Tram de_( TORRENT DE FONOLLOSA O RAVAL DE POCAFARINA )"
58042,"Tram de_( RIERA DE FALS )"
58043,"TORRENT DE LA VALL"
58044,"Tram de_( TORRENT DE LA VALL )"
58045,"Tram de_( TORRENT DE LA VALL )"
58046,"RIERA DE JONCADELLA"
58047,"Tram de_( RIERA DE JONCADELLA )"
58049,"RIERA DE BELLVER"
58051,"Tram de_( RIERA DE BELLVER )"
58052,"Tram de_( RIERA DE BELLVER )"
58055,"TORRENT DE VILADELLEVA"
58056,"Tram de_( TORRENT DE VILADELLEVA )"
58057,"RIERA VALVER"
58058,"Tram de_( RIERA VALVER )"
58061,"TORRENT DE JAUMANDREU"
58062,"Tram de_( TORRENT DE JAUMANDREU )"
58063,"Tram de_( SIN NOMBRE )"
58065,"TORRENT DE LES PLANES"
58066,"Tram de_( TORRENT DE LES PLANES )"
58067,"Tram de_( RIU CARDENER )"
58068,"Tram de_( SIN NOMBRE )"
58070,"TORRENT DE CAN MATEU"
58071,"Tram de_( TORRENT DE CAN MATEU )"
58073,"RIERA DE TORDELL"
58074,"Tram de_( RIERA DE TORDELL )"
58076,"Tram de_( RIERA DE TORDELL )"
58077,"Tram de_( RIERA DE TORDELL )"
58078,"RIERA DE SANT CUGAT"
58079,"Tram de_( RIERA DE SANT CUGAT )"
58081,"Tram de_( RIERA DE SANT CUGAT )"
58082,"Tram de_( RIERA DE TORDELL )"
58083,"Tram de_( RIU CARDENER )"
58084,"RIERA D'HORTONS"
58085,"Tram de_( RIERA D'HORTONS )"
58088,"Tram de_( RIERA D'HORTONS )"
58089,"Tram de_( RIERA D'HORTONS )"
58091,"Tram de_( RIU CARDENER )"
58092,"RIERA DE COANER"
58093,"Tram de_( RIERA DE COANER )"
58096,"Tram de_( RIERA DE COANER )"
58098,"Tram de_( RIERA DE COANER )"
58099,"TORRENT DE LA RASA"
58100,"Tram de_( TORRENT DE LA RASA )"
58101,"Tram de_( TORRENT DE LA RASA )"
58102,"Tram de_( TORRENT DE LA RASA )"
58103,"Tram de_( TORRENT DE LA RASA )"
58104,"Tram de_( TORRENT DE LA RASA )"
58105,"Tram de_( TORRENT DE LA RASA )"
58106,"Tram de_( TORRENT DE LA RASA )"
58107,"RIERA D'UTGES"
58108,"Tram de_( RIERA D'UTGES )"
58109,"Tram de_( RIERA D'UTGES )"
58112,"RIERA DE SALO"
58113,"Tram de_( RIERA DE SALO )"
58117,"RIERA MATAMARGO O DE SALO"
58118,"CLOT DE LES BIGUES"
58119,"Tram de_( CLOT DE LES BIGUES )"
58120,"RIERA DE VALLMANYA"
58122,"Tram de_( RIERA DE VALLMANYA )"
58124,"BARRANC DE CAL XONIC"
58127,"Tram de_( BARRANC DE CAL XONIC )"
58128,"Tram de_( RIERA DE VALLMANYA )"
58129,"Tram de_( RIERA DE VALLMANYA )"
58130,"Tram de_( RIERA DE VALLMANYA )"
58131,"Tram de_( RIERA DE VALLMANYA )"
58132,"Tram de_( SIN NOMBRE )"
58133,"Tram de_( RIERA MATAMARGO O DE SALO )"
58134,"Tram de_( RIERA MATAMARGO O DE SALO )"
58135,"Tram de_( RIERA MATAMARGO O DE SALO )"
58138,"Tram de_( RIU CARDENER )"
58139,"RASA DE DIVINS"
58140,"Tram de_( RASA DE DIVINS )"
58141,"TORRENT DE CAL FELIX"
58142,"Tram de_( TORRENT DE CAL FELIX )"
58143,"Tram de_( RASA DE DIVINS )"
58144,"TORRENT DE LURDES"
58146,"Tram de_( TORRENT DE LURDES )"
58147,"RASA DE LA CREU DE LES LLACERES"
58148,"Tram de_( RASA DE LA CREU DE LES LLACERES )"
58150,"Tram de_( RASA DE LA CREU DE LES LLACERES )"
58151,"Tram de_( RIU CARDENER )"
58152,"Tram de_( RIU CARDENER )"
58153,"Tram de_( RIU CARDENER )"
58154,"Tram de_( RIU CARDENER )"
58155,"Tram de_( RIU CARDENER )"
58156,"TORRENT DE TRESSERRES"
58157,"Tram de_( TORRENT DE TRESSERRES )"
58158,"Tram de_( TORRENT DE TRESSERRES )"
58159,"RIERA DE VALLDEPERES"
58161,"Tram de_( RIERA DE VALLDEPERES )"
58162,"RIERA DE NAVEL"
58163,"Tram de_( RIERA DE NAVEL )"
58164,"RASA DEL CARRA"
58165,"Tram de_( RASA DEL CARRA )"
58166,"RASA DE L'HOSPITAL"
58167,"Tram de_( RASA DE L'HOSPITAL )"
58168,"Tram de_( RASA DE L'HOSPITAL )"
58171,"RASA DE BOIXEDERA"
58172,"TORRENT DEL VERDAGUE"
58173,"Tram de_( TORRENT DEL VERDAGUE )"
58174,"Tram de_( TORRENT DEL VERDAGUE )"
58175,"Tram de_( SIN NOMBRE )"
58176,"Tram de_( SIN NOMBRE )"
58178,"Tram de_( RASA DE BOIXEDERA )"
58179,"Tram de_( RASA DE BOIXEDERA )"
58180,"RASA DE TRASSERRA"
58181,"Tram de_( RASA DE TRASSERRA )"
58182,"Tram de_( RASA DE TRASSERRA )"
58183,"Tram de_( RASA DE BOIXEDERA )"
58184,"Tram de_( RASA DE BOIXEDERA )"
58187,"Tram de_( RIERA DE NAVEL )"
58188,"Tram de_( SIN NOMBRE )"
58192,"RASA D'AUBALS"
58193,"Tram de_( RASA D'AUBALS )"
58194,"RASA DEL FORN"
58195,"Tram de_( RASA DEL FORN )"
58196,"TORRENT DE LES SITGES"
58197,"Tram de_( TORRENT DE LES SITGES )"
58198,"Tram de_( TORRENT DE LES SITGES )"
58200,"RIERA DE MONTCLAR"
58201,"RASA DE VILA-RIQUER"
58202,"Tram de_( RASA DE VILA-RIQUER )"
58203,"Tram de_( RIERA DE MONTCLAR )"
58205,"Tram de_( RIERA DE MONTCLAR )"
58206,"Tram de_( RIERA DE MONTCLAR )"
58207,"RASA DEL SALT"
58208,"Tram de_( RASA DEL SALT )"
58210,"CLOT DELS FONTIRONS"
58211,"Tram de_( CLOT DELS FONTIRONS )"
58212,"Tram de_( CLOT DELS FONTIRONS )"
58213,"Tram de_( RIERA DE MONTCLAR )"
58214,"Tram de_( RIERA DE MONTCLAR )"
58215,"Tram de_( RIU CARDENER )"
58219,"RIERA DE AIGUA D'ORA"
58220,"RIERA DE GARGALLA"
58221,"Tram de_( RIERA DE GARGALLA )"
58222,"Tram de_( RIERA DE GARGALLA )"
58226,"RASA DE CAL BELLUGA"
58227,"Tram de_( RASA DE CAL BELLUGA )"
58229,"Tram de_( RIERA DE GARGALLA )"
58230,"RIERA DE SORREGANA"
58231,"Tram de_( RIERA DE SORREGANA )"
58232,"TORRENT DE LA FONT DEL BOIX"
58233,"Tram de_( TORRENT DE LA FONT DEL BOIX )"
58234,"Tram de_( RIERA DE AIGUA D'ORA )"
58235,"RASA DE CA L'AGUT"
58236,"Tram de_( RASA DE CA L'AGUT )"
58237,"RIERA DE TENTELLATGE"
58238,"Tram de_( RIERA DE TENTELLATGE )"
58239,"Tram de_( RIERA DE TENTELLATGE )"
58240,"Tram de_( RIERA DE TENTELLATGE )"
58241,"Tram de_( SIN NOMBRE )"
58242,"Tram de_( RIERA DE TENTELLATGE )"
58243,"Tram de_( RIERA DE TENTELLATGE )"
58244,"TORRENT DE CAN FELIU"
58245,"Tram de_( TORRENT DE CAN FELIU )"
58246,"Tram de_( RIERA DE AIGUA D'ORA )"
58247,"RASA DE LA VALLANCA"
58248,"RASA D'ANTIGUES"
58249,"Tram de_( RASA D'ANTIGUES )"
58250,"Tram de_( RASA D'ANTIGUES )"
58254,"Tram de_( RASA DE LA VALLANCA )"
58258,"Tram de_( RIERA DE AIGUA D'ORA )"
58259,"Tram de_( RIERA DE AIGUA D'ORA )"
58260,"Tram de_( RIERA DE AIGUA D'ORA )"
58261,"Tram de_( RIERA DE AIGUA D'ORA )"
58262,"Tram de_( RIERA DE AIGUA D'ORA )"
58263,"Tram de_( RIERA DE AIGUA D'ORA )"
58264,"Tram de_( RIERA DE AIGUA D'ORA )"
58265,"Tram de_( RIERA DE AIGUA D'ORA )"
58268,"Tram de_( RIERA DE AIGUA D'ORA )"
58269,"RASA DE LA FRAU"
58270,"Tram de_( RASA DE LA FRAU )"
58273,"RASA DE VALIELLES"
58274,"Tram de_( RASA DE VALIELLES )"
58275,"Tram de_( RIERA DE AIGUA D'ORA )"
58276,"Tram de_( RIERA DE AIGUA D'ORA )"
58277,"AIGUA DE LLINARS"
58278,"Tram de_( AIGUA DE LLINARS )"
58279,"TORRENT FONTANELLA"
58280,"Tram de_( TORRENT FONTANELLA )"
58282,"Tram de_( AIGUA DE LLINARS )"
58284,"TORRENT DE FONTFREDA"
58285,"Tram de_( TORRENT DE FONTFREDA )"
58286,"RIU RISCLAIRE"
58287,"Tram de_( RIU RISCLAIRE )"
58288,"Tram de_( AIGUA DE LLINARS )"
58290,"Tram de_( AIGUA DE LLINARS )"
58291,"AIGUA DE LA CORBA"
58293,"Tram de_( AIGUA DE LA CORBA )"
58294,"TORRENT DE LA COMABONA"
58295,"Tram de_( TORRENT DE LA COMABONA )"
58296,"Tram de_( RIERA DE AIGUA D'ORA )"
58297,"Tram de_( RIERA DE AIGUA D'ORA )"
58298,"RIU DEL COLL JOUET"
58299,"Tram de_( RIU DEL COLL JOUET )"
58301,"TORRENT DE PLA DE CAMPLLONG"
58302,"Tram de_( TORRENT DE PLA DE CAMPLLONG )"
58305,"RIU NEGRE"
58308,"RASA AVELLANOSA"
58309,"Tram de_( RASA AVELLANOSA )"
58312,"RASA D'ESTANY"
58313,"Tram de_( RASA D'ESTANY )"
58314,"Tram de_( RASA D'ESTANY )"
58315,"RASA DE GUARDIOLA"
58316,"Tram de_( RASA DE GUARDIOLA )"
58320,"Tram de_( RIU NEGRE )"
58321,"Tram de_( RIU NEGRE )"
58326,"BARRANC DE PALLARES"
58328,"Tram de_( BARRANC DE PALLARES )"
58329,"Tram de_( BARRANC DE PALLARES )"
58330,"Tram de_( RIU NEGRE )"
58331,"RASA DE ROTGERS"
58332,"Tram de_( RASA DE ROTGERS )"
58333,"RASA DE CIRERA"
58335,"Tram de_( RASA DE CIRERA )"
58340,"RASA D'ALBEREDA"
58341,"Tram de_( RASA D'ALBEREDA )"
58342,"Tram de_( RASA D'ALBEREDA )"
58343,"Tram de_( RIU CARDENER )"
58344,"TORRENT DE L'ALGUER"
58345,"Tram de_( TORRENT DE L'ALGUER )"
58347,"RIBERA DEL LLISSO"
58348,"Tram de_( RIBERA DEL LLISSO )"
58349,"Tram de_( RIBERA DEL LLISSO )"
58350,"RASA DE SOSSIATS"
58351,"Tram de_( RASA DE SOSSIATS )"
58356,"RASA DE SANT JOAN"
58357,"Tram de_( RASA DE SANT JOAN )"
58358,"Tram de_( RIU CARDENER )"
58359,"RASA DE MEIX"
58360,"Tram de_( RASA DE MEIX )"
58361,"Tram de_( SIN NOMBRE )"
58362,"Tram de_( SIN NOMBRE )"
58363,"Tram de_( SIN NOMBRE )"
58364,"Tram de_( RASA DE MEIX )"
58365,"RASA DE VILANOVA"
58366,"Tram de_( RASA DE VILANOVA )"
58369,"Tram de_( RASA DE VILANOVA )"
58371,"RASA DELS TORRENTS"
58372,"Tram de_( RASA DELS TORRENTS )"
58376,"Tram de_( RIU CARDENER )"
58381,"RASA DE REVELL"
58382,"Tram de_( RASA DE REVELL )"
58384,"TORRENT DE JUNTS"
58385,"Tram de_( TORRENT DE JUNTS )"
58387,"RASA DE LES CASES"
58389,"Tram de_( RASA DE LES CASES )"
58390,"Tram de_( RASA DE LES CASES )"
58391,"Tram de_( RIU CARDENER )"
58396,"AIGUA DE VALLS"
58397,"TORRENT DE LA BARATA"
58398,"Tram de_( TORRENT DE LA BARATA )"
58401,"Tram de_( AIGUA DE VALLS )"
58402,"Tram de_( AIGUA DE VALLS )"
58403,"Tram de_( AIGUA DE VALLS )"
58404,"Tram de_( AIGUA DE VALLS )"
58405,"Tram de_( AIGUA DE VALLS )"
58407,"Tram de_( AIGUA DE VALLS )"
58409,"Tram de_( AIGUA DE VALLS )"
58410,"Tram de_( AIGUA DE VALLS )"
58411,"Tram de_( SIN NOMBRE )"
58412,"Tram de_( AIGUA DE VALLS )"
58414,"Tram de_( AIGUA DE VALLS )"
58415,"Tram de_( AIGUA DE VALLS )"
58416,"TORRENT DE LA FORANCA"
58418,"Tram de_( TORRENT DE LA FORANCA )"
58419,"Tram de_( AIGUA DE VALLS )"
58420,"Tram de_( AIGUA DE VALLS )"
58421,"Tram de_( AIGUA DE VALLS )"
58423,"TORRENT DE VILACIRERES"
58424,"Tram de_( TORRENT DE VILACIRERES )"
58425,"Tram de_( TORRENT DE VILACIRERES )"
58426,"Tram de_( TORRENT DE VILACIRERES )"
58427,"Tram de_( AIGUA DE VALLS )"
58428,"Tram de_( AIGUA DE VALLS )"
58429,"TORRENT DEL CLOT DE L'INFERN"
58430,"Tram de_( TORRENT DEL CLOT DE L'INFERN )"
58431,"Tram de_( AIGUA DE VALLS )"
58432,"TORRENT DE FONT TOMAS"
58434,"Tram de_( TORRENT DE FONT TOMAS )"
58435,"Tram de_( AIGUA DE VALLS )"
58438,"TORRENT DEL REIG"
58439,"Tram de_( TORRENT DEL REIG )"
58440,"Tram de_( AIGUA DE VALLS )"
58452,"TORRENT DE L'AIGUA"
58453,"Tram de_( TORRENT DE L'AIGUA )"
58455,"Tram de_( RIU CARDENER )"
58456,"BARRANC DE LES SALINES"
58457,"Tram de_( BARRANC DE LES SALINES )"
58458,"Tram de_( BARRANC DE LES SALINES )"
58459,"Tram de_( SIN NOMBRE )"
58462,"RIUET DE LA PEDRA"
58463,"Tram de_( RIUET DE LA PEDRA )"
58464,"Tram de_( RIU CARDENER )"
58470,"TORRENT DE LES LLAGUNES"
58471,"Tram de_( TORRENT DE LES LLAGUNES )"
58473,"Tram de_( RIU CARDENER )"
58474,"Tram de_( RIU CARDENER )"
58475,"Tram de_( RIU CARDENER )"
58486,"Tram de_( RIU LLOBREGAT )"
58487,"Tram de_( RIU LLOBREGAT )"
58488,"RIERA DE SANTA CREU"
58490,"TORRENT DEL FLEQUER"
58491,"Tram de_( TORRENT DEL FLEQUER )"
58492,"Tram de_( TORRENT DEL FLEQUER )"
58497,"Tram de_( RIERA DE SANTA CREU )"
58498,"Tram de_( RIERA DE SANTA CREU )"
58499,"TORRENT DEL SOL DE L'INFERN"
58501,"Tram de_( TORRENT DEL SOL DE L'INFERN )"
58502,"Tram de_( TORRENT DEL SOL DE L'INFERN )"
58503,"Tram de_( RIERA DE SANTA CREU )"
58504,"RIERA DE MATA-RODONA"
58505,"Tram de_( RIERA DE MATA-RODONA )"
58506,"TORRENT DEL ROURE LLARG"
58507,"Tram de_( TORRENT DEL ROURE LLARG )"
58508,"Tram de_( RIERA DE MATA-RODONA )"
58510,"TORRENT DE LA FONT DE LA CANSALADA"
58511,"Tram de_( TORRENT DE LA FONT DE LA CANSALADA )"
58512,"Tram de_( RIU LLOBREGAT )"
58515,"RIERA DE MURA"
58516,"Tram de_( RIERA DE MURA )"
58517,"Tram de_( RIERA DE MURA )"
58518,"RIERA DE TALAMANCA"
58519,"TORRENT DEL GÜEL"
58520,"Tram de_( TORRENT DEL GÜEL )"
58521,"Tram de_( RIERA DE TALAMANCA )"
58522,"Tram de_( RIERA DE TALAMANCA )"
58523,"Tram de_( RIERA DE TALAMANCA )"
58524,"Tram de_( RIERA DE TALAMANCA )"
58525,"Tram de_( RIERA DE TALAMANCA )"
58527,"TORRENT DE LA FONT DEL JUEU"
58529,"Tram de_( TORRENT DE LA FONT DEL JUEU )"
58530,"RIERA DE NESPRES"
58531,"TORRENT DE RAMONET"
58532,"Tram de_( TORRENT DE RAMONET )"
58533,"Tram de_( TORRENT DE RAMONET )"
58534,"Tram de_( TORRENT DE RAMONET )"
58535,"Tram de_( RIERA DE NESPRES )"
58536,"TORRENT DE LA VINYETA"
58537,"Tram de_( TORRENT DE LA VINYETA )"
58538,"Tram de_( RIERA DE NESPRES )"
58539,"Tram de_( RIERA DE NESPRES )"
58540,"Tram de_( RIERA DE NESPRES )"
58543,"Tram de_( RIERA DE NESPRES )"
58545,"TORRENT DE FONTFREDA"
58546,"Tram de_( TORRENT DE FONTFREDA )"
58547,"Tram de_( TORRENT DE FONTFREDA )"
58548,"TORRENT DEL ROURE DEL PARRAC"
58549,"Tram de_( TORRENT DEL ROURE DEL PARRAC )"
58550,"RIERA DE RIUDORT"
58551,"Tram de_( RIERA DE RIUDORT )"
58552,"RIU D'OR"
58553,"Tram de_( RIU D'OR )"
58554,"Tram de_( RIU D'OR )"
58555,"Tram de_( RIU D'OR )"
58556,"TORRENT DE SEBARROJA"
58557,"Tram de_( TORRENT DE SEBARROJA )"
58558,"Tram de_( RIU D'OR )"
58559,"Tram de_( RIU D'OR )"
58560,"TORRENT DE BRUGUEROLES"
58561,"Tram de_( TORRENT DE BRUGUEROLES )"
58562,"Tram de_( RIU D'OR )"
58564,"Tram de_( RIU D'OR )"
58566,"Tram de_( RIU D'OR )"
58568,"RIERA DE CALDERS"
58571,"Tram de_( RIERA DE CALDERS )"
58572,"Tram de_( RIERA DE CALDERS )"
58576,"TORRENT DE LA BAGA DE LA CORRIOLA"
58577,"Tram de_( TORRENT DE LA BAGA DE LA CORRIOLA )"
58579,"TORRENT DE RIBES"
58580,"Tram de_( TORRENT DE RIBES )"
58583,"RIERA DE GOLARDA O DE MARFA"
58584,"TORRENT DE COLLJOVA"
58585,"Tram de_( TORRENT DE COLLJOVA )"
58586,"Tram de_( RIERA DE GOLARDA O DE MARFA )"
58587,"RIERA DE L'OM"
58588,"Tram de_( RIERA DE L'OM )"
58590,"Tram de_( RIERA DE GOLARDA O DE MARFA )"
58592,"RIERA DE CASTELLNOU"
58593,"TORRENT DE FABREGA"
58594,"Tram de_( TORRENT DE FABREGA )"
58595,"Tram de_( TORRENT DE FABREGA )"
58596,"Tram de_( TORRENT DE FABREGA )"
58597,"RIERA DE FONTSCALENTS"
58598,"TORRENT MAL"
58599,"Tram de_( TORRENT MAL )"
58600,"Tram de_( TORRENT MAL )"
58604,"TORRENT D'EN PUNYOL O DE LA BUFA"
58605,"Tram de_( TORRENT D'EN PUNYOL O DE LA BUFA )"
58606,"Tram de_( RIERA DE FONTSCALENTS )"
58607,"Tram de_( RIERA DE FONTSCALENTS )"
58609,"Tram de_( RIERA DE FONTSCALENTS )"
58613,"Tram de_( TORRENT DE FABREGA )"
58618,"Tram de_( RIERA DE CASTELLNOU )"
58620,"TORRENT DE LA BOIXERIA"
58621,"Tram de_( TORRENT DE LA BOIXERIA )"
58622,"Tram de_( RIERA DE CASTELLNOU )"
58623,"RIERA DEL MOLI"
58624,"Tram de_( RIERA DEL MOLI )"
58625,"TORRENT DE LA ROCA"
58627,"Tram de_( TORRENT DE LA ROCA )"
58632,"SOT DE SANT MARTI"
58633,"Tram de_( SOT DE SANT MARTI )"
58636,"TORRENT DE CAL CINTER"
58637,"Tram de_( TORRENT DE CAL CINTER )"
58639,"Tram de_( RIERA DE CALDERS )"
58640,"RIERA DE SANT JOAN"
58644,"TORRENT D'EN GIRBAU"
58645,"Tram de_( TORRENT D'EN GIRBAU )"
58646,"RIERA DE VILANOVA"
58647,"Tram de_( RIERA DE VILANOVA )"
58648,"Tram de_( RIERA DE VILANOVA )"
58651,"TORRENT DE RIERA"
58652,"Tram de_( TORRENT DE RIERA )"
58654,"Tram de_( TORRENT DE RIERA )"
58655,"Tram de_( TORRENT DE RIERA )"
58658,"Tram de_( RIU LLOBREGAT )"
58659,"Tram de_( RIU LLOBREGAT )"
58660,"Tram de_( RIU LLOBREGAT )"
58661,"Tram de_( RIU LLOBREGAT )"
58662,"RIERA GAVARRESA"
58663,"TORRENT DE LES TAPIES"
58664,"Tram de_( TORRENT DE LES TAPIES )"
58665,"Tram de_( RIERA GAVARRESA )"
58666,"TORRENT DE LA TARGA"
58667,"Tram de_( TORRENT DE LA TARGA )"
58670,"RIERA DE MAL RUBI"
58671,"Tram de_( RIERA DE MAL RUBI )"
58672,"Tram de_( RIERA DE MAL RUBI )"
58673,"Tram de_( RIERA DE MAL RUBI )"
58674,"Tram de_( RIERA DE MAL RUBI )"
58675,"TORRENT DEL DUC"
58676,"Tram de_( TORRENT DEL DUC )"
58677,"Tram de_( TORRENT DEL DUC )"
58678,"TORRENT DE BUSANYA"
58679,"Tram de_( TORRENT DE BUSANYA )"
58680,"Tram de_( TORRENT DE BUSANYA )"
58682,"Tram de_( RIERA DE MAL RUBI )"
58687,"RIU SEC"
58688,"Tram de_( RIU SEC )"
58691,"Tram de_( RIU SEC )"
58692,"Tram de_( RIERA DE MAL RUBI )"
58693,"Tram de_( SIN NOMBRE )"
58694,"Tram de_( RIERA DE MAL RUBI )"
58695,"Tram de_( RIERA GAVARRESA )"
58697,"RIU SEC"
58698,"Tram de_( RIU SEC )"
58699,"TORRENT DE LA CANAL"
58700,"Tram de_( TORRENT DE LA CANAL )"
58702,"TORRENT SALAT"
58703,"Tram de_( TORRENT SALAT )"
58704,"TORRENT DE SALAT"
58705,"Tram de_( TORRENT DE SALAT )"
58706,"Tram de_( TORRENT DE SALAT )"
58707,"TORRENT DE LA ROQUETA O DE L'ESPINAL"
58709,"Tram de_( TORRENT DE LA ROQUETA O DE L'ESPINAL )"
58710,"Tram de_( TORRENT DE LA ROQUETA O DE L'ESPINAL )"
58711,"Tram de_( TORRENT DE LA ROQUETA O DE L'ESPINAL )"
58712,"Tram de_( RIERA GAVARRESA )"
58713,"Tram de_( RIERA GAVARRESA )"
58714,"Tram de_( RIERA GAVARRESA )"
58716,"RIERA D'OLO"
58717,"Tram de_( RIERA D'OLO )"
58718,"Tram de_( RIERA D'OLO )"
58719,"Tram de_( RIERA D'OLO )"
58720,"Tram de_( RIERA D'OLO )"
58721,"Tram de_( RIERA D'OLO )"
58722,"Tram de_( RIERA D'OLO )"
58723,"Tram de_( RIERA D'OLO )"
58724,"Tram de_( RIERA D'OLO )"
58725,"Tram de_( RIERA D'OLO )"
58726,"Tram de_( RIERA D'OLO )"
58727,"Tram de_( RIERA D'OLO )"
58728,"Tram de_( RIERA D'OLO )"
58729,"RIERA DE L'ESTANY"
58731,"Tram de_( RIERA DE L'ESTANY )"
58732,"TORRENT DE LA PINOSA"
58733,"Tram de_( TORRENT DE LA PINOSA )"
58734,"RIERA DE POSTIUS"
58735,"Tram de_( RIERA DE POSTIUS )"
58736,"Tram de_( RIERA GAVARRESA )"
58739,"RIERA DEL ROVIRASSA"
58740,"Tram de_( RIERA DEL ROVIRASSA )"
58742,"RIERA DE RELAT"
58744,"Tram de_( RIERA DE RELAT )"
58746,"BARRANC DE VILANOVA"
58747,"Tram de_( BARRANC DE VILANOVA )"
58748,"Tram de_( BARRANC DE VILANOVA )"
58749,"Tram de_( RIERA DE RELAT )"
58750,"Tram de_( RIERA DE RELAT )"
58751,"Tram de_( SIN NOMBRE )"
58752,"TORRENT DE LA ROVIRA"
58753,"TORRENT DE COMESOLIBES"
58754,"Tram de_( TORRENT DE COMESOLIBES )"
58755,"BARRANC DE ROCAFESA"
58757,"Tram de_( BARRANC DE ROCAFESA )"
58760,"Tram de_( RIERA DE RELAT )"
58762,"Tram de_( RIERA DE RELAT )"
58767,"Tram de_( RIERA DE RELAT )"
58768,"Tram de_( RIERA DE RELAT )"
58770,"Tram de_( RIERA GAVARRESA )"
58771,"Tram de_( RIERA GAVARRESA )"
58772,"Tram de_( RIERA GAVARRESA )"
58773,"Tram de_( RIERA GAVARRESA )"
58774,"Tram de_( RIERA GAVARRESA )"
58775,"RIERA DE SEGALERS"
58776,"Tram de_( RIERA DE SEGALERS )"
58777,"Tram de_( RIERA DE SEGALERS )"
58779,"Tram de_( RIERA DE SEGALERS )"
58781,"Tram de_( RIERA DE SEGALERS )"
58783,"Tram de_( RIERA DE SEGALERS )"
58784,"Tram de_( RIERA DE SEGALERS )"
58785,"TORRENT DELS COLLETS BONES"
58786,"Tram de_( TORRENT DELS COLLETS BONES )"
58787,"Tram de_( TORRENT DELS COLLETS BONES )"
58790,"RIU D'ASES"
58791,"Tram de_( RIU D'ASES )"
58792,"Tram de_( RIU D'ASES )"
58793,"Tram de_( RIERA GAVARRESA )"
58795,"Tram de_( RIERA GAVARRESA )"
58796,"Tram de_( RIERA GAVARRESA )"
58797,"RIU DE BASSI"
58798,"Tram de_( RIU DE BASSI )"
58799,"Tram de_( RIU DE BASSI )"
58801,"Tram de_( RIU DE BASSI )"
58802,"RIERA DEL BASSI"
58803,"Tram de_( RIERA DEL BASSI )"
58805,"TORRENT DE FONT SALADA"
58808,"Tram de_( TORRENT DE FONT SALADA )"
58809,"Tram de_( TORRENT DE FONT SALADA )"
58811,"TORRENT D'OLOST"
58812,"Tram de_( TORRENT D'OLOST )"
58814,"Tram de_( TORRENT D'OLOST )"
58825,"REC DE TRASSERRA"
58826,"Tram de_( REC DE TRASSERRA )"
58828,"REC DE LA ROCA LLISA"
58830,"Tram de_( REC DE LA ROCA LLISA )"
58831,"Tram de_( RIERA GAVARRESA )"
58832,"RIERA DE LLUÇANES"
58836,"Tram de_( RIERA DE LLUÇANES )"
58838,"REC DE MUNTANYOLA"
58839,"Tram de_( REC DE MUNTANYOLA )"
58840,"Tram de_( REC DE MUNTANYOLA )"
58841,"Tram de_( RIERA DE LLUÇANES )"
58842,"Tram de_( RIERA DE LLUÇANES )"
58843,"Tram de_( RIERA DE LLUÇANES )"
58845,"Tram de_( RIERA DE LLUÇANES )"
58846,"Tram de_( RIERA DE LLUÇANES )"
58847,"Tram de_( RIERA DE LLUÇANES )"
58848,"Tram de_( RIERA DE LLUÇANES )"
58849,"Tram de_( RIERA DE LLUÇANES )"
58852,"Tram de_( RIERA GAVARRESA )"
58855,"REC DE LA BLAVA"
58856,"Tram de_( REC DE LA BLAVA )"
58857,"Tram de_( RIERA GAVARRESA )"
58858,"Tram de_( RIERA GAVARRESA )"
58859,"REC DEL GORG NEGRE"
58860,"Tram de_( REC DEL GORG NEGRE )"
58862,"TORRENT DE COGULLERS"
58863,"Tram de_( TORRENT DE COGULLERS )"
58864,"Tram de_( RIERA GAVARRESA )"
58867,"Tram de_( RIERA GAVARRESA )"
58868,"Tram de_( RIERA GAVARRESA )"
58871,"Tram de_( RIU LLOBREGAT )"
58872,"Tram de_( RIU LLOBREGAT )"
58873,"Tram de_( RIU LLOBREGAT )"
58874,"Tram de_( RIU LLOBREGAT )"
58875,"Tram de_( RIU LLOBREGAT )"
58876,"TORRENT DE SOLDEVILA"
58877,"Tram de_( TORRENT DE SOLDEVILA )"
58878,"Tram de_( RIU LLOBREGAT )"
58879,"TORRENT DEL SOLA"
58880,"Tram de_( TORRENT DEL SOLA )"
58881,"TORRENT DE LA RIERETA"
58882,"Tram de_( TORRENT DE LA RIERETA )"
58883,"Tram de_( RIU LLOBREGAT )"
58884,"RIU DE CORNET"
58885,"TORRENT DE L'INFERN"
58886,"Tram de_( TORRENT DE L'INFERN )"
58887,"Tram de_( SIN NOMBRE )"
58888,"Tram de_( RIU DE CORNET )"
58889,"Tram de_( RIU DE CORNET )"
58890,"Tram de_( RIU DE CORNET )"
58891,"Tram de_( RIU DE CORNET )"
58892,"Tram de_( RIU DE CORNET )"
58893,"Tram de_( RIU DE CORNET )"
58894,"BARRANC DE SOLER"
58895,"Tram de_( BARRANC DE SOLER )"
58896,"Tram de_( RIU DE CORNET )"
58897,"RIERA DE CONANGLE"
58898,"TORRENT DE LA CANAL"
58899,"Tram de_( TORRENT DE LA CANAL )"
58900,"Tram de_( RIERA DE CONANGLE )"
58901,"Tram de_( RIERA DE CONANGLE )"
58902,"Tram de_( RIERA DE CONANGLE )"
58903,"Tram de_( RIERA DE CONANGLE )"
58904,"TORRENT DE JOANET"
58905,"Tram de_( TORRENT DE JOANET )"
58906,"Tram de_( RIU LLOBREGAT )"
58907,"Tram de_( RIU LLOBREGAT )"
58908,"Tram de_( RIU LLOBREGAT )"
58909,"RIERA DE MUJAL"
58913,"Tram de_( RIERA DE MUJAL )"
58914,"Tram de_( RIERA DE MUJAL )"
58915,"TORRENT DE CASOLIUS"
58916,"Tram de_( TORRENT DE CASOLIUS )"
58917,"Tram de_( RIERA DE MUJAL )"
58919,"Tram de_( RIU LLOBREGAT )"
58920,"Tram de_( RIU LLOBREGAT )"
58921,"Tram de_( RIU LLOBREGAT )"
58922,"RIERA DE GAIA"
58923,"Tram de_( RIERA DE GAIA )"
58924,"Tram de_( RIERA DE GAIA )"
58926,"Tram de_( RIERA DE GAIA )"
58927,"Tram de_( RIERA DE GAIA )"
58928,"Tram de_( RIERA DE GAIA )"
58929,"Tram de_( RIERA DE GAIA )"
58931,"BARRANC DE CAL CISTELLER"
58932,"Tram de_( BARRANC DE CAL CISTELLER )"
58933,"Tram de_( RIU LLOBREGAT )"
58934,"Tram de_( RIU LLOBREGAT )"
58935,"Tram de_( RIU LLOBREGAT )"
58936,"Tram de_( RIU LLOBREGAT )"
58937,"Tram de_( RIU LLOBREGAT )"
58938,"Tram de_( RIU LLOBREGAT )"
58940,"Tram de_( RIU LLOBREGAT )"
58941,"RIERA DE MEROLA"
58943,"Tram de_( RIERA DE MEROLA )"
58944,"Tram de_( RIERA DE MEROLA )"
58956,"Tram de_( RIERA DE MEROLA )"
58958,"RIERA DE MERLES"
58959,"Tram de_( RIERA DE MERLES )"
58961,"TORRENT DE LA VAL DE VILA-RAMO"
58962,"Tram de_( TORRENT DE LA VAL DE VILA-RAMO )"
58963,"Tram de_( TORRENT DE LA VAL DE VILA-RAMO )"
58964,"Tram de_( TORRENT DE LA VAL DE VILA-RAMO )"
58965,"Tram de_( RIERA DE MERLES )"
58966,"Tram de_( RIERA DE MERLES )"
58967,"Tram de_( RIERA DE MERLES )"
58969,"TORRENT DE LA PINYA"
58970,"Tram de_( TORRENT DE LA PINYA )"
58972,"Tram de_( TORRENT DE LA PINYA )"
58973,"REC DE CAL SECULL."
58974,"Tram de_( REC DE CAL SECULL. )"
58975,"Tram de_( REC DE CAL SECULL. )"
58976,"Tram de_( RIERA DE MERLES )"
58977,"Tram de_( RIERA DE MERLES )"
58978,"Tram de_( SIN NOMBRE )"
58979,"TORRENT DEL REGATELL"
58981,"Tram de_( TORRENT DEL REGATELL )"
58982,"Tram de_( TORRENT DEL REGATELL )"
58987,"Tram de_( RIERA DE MERLES )"
58988,"TORRENT DE VILARDELL"
58989,"Tram de_( TORRENT DE VILARDELL )"
58992,"Tram de_( RIERA DE MERLES )"
58993,"TORRENT DE CAN POU"
58994,"Tram de_( TORRENT DE CAN POU )"
58997,"RASA DE LES ROVIRES DE DALI"
58998,"Tram de_( RASA DE LES ROVIRES DE DALI )"
59000,"TORRENT DE LA MAÇANA"
59001,"Tram de_( TORRENT DE LA MAÇANA )"
59002,"Tram de_( TORRENT DE LA MAÇANA )"
59003,"Tram de_( RIERA DE MERLES )"
59006,"Tram de_( RIERA DE MERLES )"
59007,"RIERA DE LLIMOS"
59008,"Tram de_( RIERA DE LLIMOS )"
59009,"Tram de_( RIERA DE LLIMOS )"
59010,"Tram de_( RIERA DE LLIMOS )"
59011,"Tram de_( RIERA DE MERLES )"
59012,"Tram de_( RIERA DE MERLES )"
59013,"REC DE LA RIBA"
59015,"Tram de_( REC DE LA RIBA )"
59016,"Tram de_( SIN NOMBRE )"
59017,"TORRENT DE TUBAU"
59018,"Tram de_( TORRENT DE TUBAU )"
59020,"REC DE LLENTES"
59021,"Tram de_( REC DE LLENTES )"
59022,"Tram de_( REC DE LLENTES )"
59023,"Tram de_( RIERA DE MERLES )"
59024,"RIERA DEL MOLI"
59026,"Tram de_( RIERA DEL MOLI )"
59028,"Tram de_( RIERA DEL MOLI )"
59029,"Tram de_( RIERA DEL MOLI )"
59030,"Tram de_( RIERA DEL MOLI )"
59031,"Tram de_( RIU LLOBREGAT )"
59032,"Tram de_( RIU LLOBREGAT )"
59035,"RIERA DE SALA"
59036,"Tram de_( RIERA DE SALA )"
59037,"Tram de_( RIU LLOBREGAT )"
59038,"RIERA DE CLARA"
59039,"Tram de_( RIERA DE CLARA )"
59042,"RASA DEL JONCAR"
59043,"Tram de_( RASA DEL JONCAR )"
59044,"RASA DE LA BOIXEDA"
59045,"Tram de_( RASA DE LA BOIXEDA )"
59046,"Tram de_( RIERA DE CLARA )"
59048,"Tram de_( RIERA DE CLARA )"
59049,"RIERA DE SANT QUINTI"
59050,"Tram de_( RIERA DE SANT QUINTI )"
59051,"Tram de_( RIERA DE SANT QUINTI )"
59052,"Tram de_( RIERA DE CLARA )"
59053,"Tram de_( RIERA DE CLARA )"
59054,"Tram de_( RIERA DE CLARA )"
59055,"RIERA DE BIURE"
59057,"RIERA DEL PONTARRO O DE LA FONT DE LA TOSCA"
59059,"Tram de_( RIERA DEL PONTARRO O DE LA FONT DE LA TOSCA )"
59060,"Tram de_( RIERA DE BIURE )"
59063,"Tram de_( RIU LLOBREGAT )"
59064,"RIERA DE LA RIBA"
59065,"Tram de_( RIERA DE LA RIBA )"
59067,"Tram de_( RIERA DE LA RIBA )"
59069,"TORRENT DE COMA DE DONA"
59071,"Tram de_( TORRENT DE COMA DE DONA )"
59072,"Tram de_( TORRENT DE COMA DE DONA )"
59073,"Tram de_( RIERA DE LA RIBA )"
59077,"RIERA DE LA PORTELLA"
59078,"Tram de_( RIERA DE LA PORTELLA )"
59080,"Tram de_( RIERA DE LA PORTELLA )"
59081,"TORRENT DE CAL MOLINER"
59083,"REC DE SOIS"
59084,"Tram de_( REC DE SOIS )"
59086,"Tram de_( REC DE SOIS )"
59087,"Tram de_( TORRENT DE CAL MOLINER )"
59088,"Tram de_( RIU LLOBREGAT )"
59098,"TORRENT DE FONT OLLERA"
59099,"Tram de_( TORRENT DE FONT OLLERA )"
59100,"Tram de_( TORRENT DE FONT OLLERA )"
59101,"RIU DEMETGE"
59102,"TORRENT DE LA FONT DELS ESTUDIANS"
59103,"Tram de_( TORRENT DE LA FONT DELS ESTUDIANS )"
59104,"Tram de_( RIU DEMETGE )"
59105,"Tram de_( RIU DEMETGE )"
59109,"RIU MERGANÇOL"
59110,"Tram de_( RIU MERGANÇOL )"
59111,"CLOT DEL VERDAGUER"
59112,"Tram de_( CLOT DEL VERDAGUER )"
59113,"Tram de_( RIU MERGANÇOL )"
59114,"Tram de_( RIU MERGANÇOL )"
59115,"Tram de_( RIU MERGANÇOL )"
59117,"REC DE LA FONT DEL SOFRE"
59118,"Tram de_( REC DE LA FONT DEL SOFRE )"
59119,"Tram de_( REC DE LA FONT DEL SOFRE )"
59120,"TORRENT DE SANT MIQUEL"
59121,"Tram de_( TORRENT DE SANT MIQUEL )"
59122,"Tram de_( RIU MERGANÇOL )"
59123,"RIBERA DE VILADA"
59124,"TORRENT DE LA FONT DEL VIDRIER"
59125,"Tram de_( TORRENT DE LA FONT DEL VIDRIER )"
59128,"RIERA DE CAMP-RUBI"
59129,"Tram de_( RIERA DE CAMP-RUBI )"
59130,"Tram de_( SIN NOMBRE )"
59131,"BARRANC DE SURONELL"
59133,"Tram de_( BARRANC DE SURONELL )"
59134,"Tram de_( BARRANC DE SURONELL )"
59135,"Tram de_( RIERA DE CAMP-RUBI )"
59136,"RIBERA DEL CASTELL"
59137,"Tram de_( RIBERA DEL CASTELL )"
59138,"Tram de_( RIBERA DEL CASTELL )"
59139,"RIBERA DE LA CLUSA"
59140,"Tram de_( RIBERA DE LA CLUSA )"
59141,"Tram de_( RIBERA DEL CASTELL )"
59142,"Tram de_( RIBERA DE VILADA )"
59143,"TORRENT FRED"
59144,"Tram de_( TORRENT FRED )"
59145,"Tram de_( RIU MERGANÇOL )"
59146,"Tram de_( RIU MERGANÇOL )"
59147,"Tram de_( RIU MERGANÇOL )"
59148,"Tram de_( RIU MERGANÇOL )"
59149,"Tram de_( RIU MERGANÇOL )"
59151,"Tram de_( RIU MERGANÇOL )"
59153,"Tram de_( RIU MERGANÇOL )"
59155,"Tram de_( RIU MERGANÇOL )"
59158,"Tram de_( RIU MERGANÇOL )"
59159,"TORRENT DEL JONCAR"
59160,"Tram de_( TORRENT DEL JONCAR )"
59161,"Tram de_( RIU LLOBREGAT )"
59162,"Tram de_( RIU LLOBREGAT )"
59164,"RIU DE PEGUERA"
59165,"TORRENT DE LES CARRIGUES"
59166,"Tram de_( TORRENT DE LES CARRIGUES )"
59168,"Tram de_( TORRENT DE LES CARRIGUES )"
59169,"Tram de_( TORRENT DE LES CARRIGUES )"
59170,"Tram de_( RIU DE PEGUERA )"
59171,"BARRANC DELS GRAUS"
59173,"Tram de_( BARRANC DELS GRAUS )"
59177,"TORRENT DE LA NOU"
59178,"Tram de_( TORRENT DE LA NOU )"
59179,"Tram de_( SIN NOMBRE )"
59180,"Tram de_( SIN NOMBRE )"
59181,"Tram de_( SIN NOMBRE )"
59184,"TORRENT DE FUMANYA"
59186,"Tram de_( TORRENT DE FUMANYA )"
59190,"Tram de_( TORRENT DE FUMANYA )"
59192,"Tram de_( RIU LLOBREGAT )"
59193,"TORRENT DE MALANYEU"
59194,"Tram de_( TORRENT DE MALANYEU )"
59195,"Tram de_( RIU LLOBREGAT )"
59197,"RIU DE SALDES"
59200,"TORRENT DEL PURGATORI"
59203,"TORRENT DEL COLL DE PRADELL"
59205,"Tram de_( TORRENT DEL COLL DE PRADELL )"
59206,"Tram de_( TORRENT DEL COLL DE PRADELL )"
59208,"Tram de_( TORRENT DEL COLL DE PRADELL )"
59210,"Tram de_( TORRENT DEL PURGATORI )"
59211,"Tram de_( TORRENT DEL PURGATORI )"
59213,"Tram de_( RIU DE SALDES )"
59214,"Tram de_( RIU DE SALDES )"
59217,"TORRENT DE VILELLA"
59218,"Tram de_( TORRENT DE VILELLA )"
59220,"Tram de_( TORRENT DE VILELLA )"
59224,"Tram de_( RIU DE SALDES )"
59226,"TORRENT DE LLURIA"
59227,"RIERA DE GRESOLET"
59228,"Tram de_( RIERA DE GRESOLET )"
59229,"Tram de_( RIERA DE GRESOLET )"
59232,"TORRENT DE LES MULLERES"
59235,"Tram de_( TORRENT DE LES MULLERES )"
59237,"Tram de_( RIERA DE GRESOLET )"
59238,"Tram de_( RIERA DE GRESOLET )"
59239,"Tram de_( TORRENT DE LLURIA )"
59242,"TORRENT DE LA FONT D'ENSIJA"
59245,"Tram de_( TORRENT DE LA FONT D'ENSIJA )"
59246,"Tram de_( RIU DE SALDES )"
59252,"Tram de_( RIU LLOBREGAT )"
59254,"TORRENT DE LA FONT DEL CASTELL"
59255,"Tram de_( TORRENT DE LA FONT DEL CASTELL )"
59256,"Tram de_( TORRENT DE LA FONT DEL CASTELL )"
59257,"Tram de_( TORRENT DE LA FONT DEL CASTELL )"
59258,"RIU BASTARENY"
59259,"REC DE ROTLLAN"
59260,"Tram de_( REC DE ROTLLAN )"
59266,"RIU DE GREIXER"
59267,"Tram de_( RIU DE GREIXER )"
59268,"Tram de_( RIU DE GREIXER )"
59278,"Tram de_( RIU BASTARENY )"
59292,"Tram de_( RIU BASTARENY )"
59294,"Tram de_( RIU BASTARENY )"
59295,"TORRENT DE LA MUGA"
59298,"Tram de_( RIU LLOBREGAT )"
59310,"Tram de_( RIU LLOBREGAT )"
59312,"TORRENT DEL CLOT DE L'INFERN"
59313,"Tram de_( TORRENT DEL CLOT DE L'INFERN )"
59315,"Tram de_( RIU LLOBREGAT )"
59316,"Tram de_( RIU LLOBREGAT )"
59319,"Tram de_( RIU LLOBREGAT )"
59320,"RIU REGATELL"
59321,"Tram de_( RIU REGATELL )"
59322,"Tram de_( RIU REGATELL )"
59323,"TORRENT DE VALLFOGONA"
59324,"Tram de_( TORRENT DE VALLFOGONA )"
59325,"Tram de_( TORRENT DE VALLFOGONA )"
59326,"RIU DE L'ARIJA"
59327,"TORRENT DE JUNYENT"
59328,"REC DE LA LLENA"
59329,"Tram de_( TORRENT DE JUNYENT )"
59332,"TORRENT DE SOLLS"
59334,"Tram de_( TORRENT DE SOLLS )"
59335,"Tram de_( TORRENT DE SOLLS )"
59341,"Tram de_( RIU DE L'ARIJA )"
59343,"TORRENT DE LA SOLEIA"
59344,"Tram de_( TORRENT DE LA SOLEIA )"
59345,"Tram de_( TORRENT DE LA SOLEIA )"
59346,"Tram de_( RIU DE L'ARIJA )"
59347,"REC DE BAUMA BLANCA"
59348,"Tram de_( REC DE BAUMA BLANCA )"
59350,"Tram de_( RIU DE L'ARIJA )"
59351,"Tram de_( RIU LLOBREGAT )"
59352,"TORRENT DE LA MOLINA"
59353,"Tram de_( TORRENT DE LA MOLINA )"
59355,"Tram de_( RIU LLOBREGAT )"
59356,"Tram de_( RIU LLOBREGAT )"
59362,"TORRENT DE CA BENETA"
59363,"Tram de_( TORRENT DE CA BENETA )"
59366,"TORRENT DE LA FONT DEL BOIX"
59369,"Tram de_( TORRENT DE LA FONT DEL BOIX )"
59370,"TORRENT DE LES FONTETES"
59371,"Tram de_( TORRENT DE LES FONTETES )"
59372,"Tram de_( TORRENT DE LES FONTETES )"
59373,"RIU BESOS"
59376,"Tram de_( RIU BESOS )"
59377,"Tram de_( SIN NOMBRE )"
59378,"TORRENT DEL CARGOL"
59379,"Tram de_( TORRENT DEL CARGOL )"
59380,"Tram de_( TORRENT DEL CARGOL )"
59381,"Tram de_( RIU BESOS )"
59382,"Tram de_( RIU BESOS )"
59383,"TORRENT DE VALLENÇANA"
59384,"Tram de_( TORRENT DE VALLENÇANA )"
59385,"Tram de_( TORRENT DE VALLENÇANA )"
59386,"Tram de_( RIU BESOS )"
59387,"RIU RIPOLL"
59388,"RIERA DE SANT CUGAT"
59389,"Tram de_( RIERA DE SANT CUGAT )"
59390,"Tram de_( RIERA DE SANT CUGAT )"
59392,"TORRENT DE CAN COLL"
59393,"Tram de_( TORRENT DE CAN COLL )"
59399,"TORRENT DE CAN MAGRANS"
59400,"Tram de_( TORRENT DE CAN MAGRANS )"
59401,"Tram de_( TORRENT DE CAN MAGRANS )"
59408,"TORRENT DE CAN CORNELLERA"
59411,"Tram de_( TORRENT DE CAN CORNELLERA )"
59412,"Tram de_( TORRENT DE CAN CORNELLERA )"
59413,"RIERA DE SANT MEDIR"
59418,"Tram de_( RIERA DE SANT MEDIR )"
59420,"RIU SEC"
59422,"RIU RIERETA"
59424,"Tram de_( RIU RIERETA )"
59425,"Tram de_( RIU SEC )"
59426,"TORRENT DE CAN VINYALS"
59427,"Tram de_( TORRENT DE CAN VINYALS )"
59428,"Tram de_( TORRENT DE CAN VINYALS )"
59429,"TORRENT DE BATZUCA"
59430,"Tram de_( TORRENT DE BATZUCA )"
59431,"Tram de_( TORRENT DE BATZUCA )"
59433,"TORRENT DE CAN SOLA"
59434,"Tram de_( TORRENT DE CAN SOLA )"
59436,"Tram de_( TORRENT DE BATZUCA )"
59437,"TORRENT DE LA GRIPIA"
59438,"Tram de_( TORRENT DE LA GRIPIA )"
59439,"Tram de_( TORRENT DE LA GRIPIA )"
59440,"TORRENT DEL PONT DEL BERARDO"
59441,"Tram de_( TORRENT DEL PONT DEL BERARDO )"
59442,"Tram de_( RIU RIPOLL )"
59443,"RIU TORT"
59444,"Tram de_( RIU TORT )"
59445,"TORRENT DE COLOBRERS"
59446,"Tram de_( TORRENT DE COLOBRERS )"
59447,"Tram de_( TORRENT DE COLOBRERS )"
59448,"Tram de_( RIU RIPOLL )"
59449,"Tram de_( RIU RIPOLL )"
59452,"TORRENT DEL TUDONER"
59453,"Tram de_( TORRENT DEL TUDONER )"
59454,"TORRENT DEL GUINARD"
59455,"Tram de_( TORRENT DEL GUINARD )"
59456,"TORRENT DE MIRALLES"
59457,"Tram de_( TORRENT DE MIRALLES )"
59458,"TORRENT MITGER"
59459,"Tram de_( TORRENT MITGER )"
59460,"Tram de_( RIU RIPOLL )"
59461,"TORRENT DE CANYELLES"
59462,"Tram de_( TORRENT DE CANYELLES )"
59463,"Tram de_( TORRENT DE CANYELLES )"
59464,"Tram de_( SIN NOMBRE )"
59466,"Tram de_( RIU RIPOLL )"
59467,"Tram de_( RIU RIPOLL )"
59468,"Tram de_( RIU RIPOLL )"
59469,"Tram de_( RIU RIPOLL )"
59472,"TORRENT DEL SOT DEL SABATER"
59473,"Tram de_( TORRENT DEL SOT DEL SABATER )"
59476,"TORRENT DEL BORRELL"
59477,"Tram de_( TORRENT DEL BORRELL )"
59478,"Tram de_( TORRENT DEL BORRELL )"
59479,"TORRENT DE SANTA AGNES"
59480,"Tram de_( TORRENT DE SANTA AGNES )"
59481,"TORRENT DEL CASTELLO"
59482,"Tram de_( TORRENT DEL CASTELLO )"
59483,"Tram de_( SIN NOMBRE )"
59484,"Tram de_( RIU RIPOLL )"
59485,"TORRENT DE LA VALL D'HORTA"
59486,"Tram de_( TORRENT DE LA VALL D'HORTA )"
59487,"Tram de_( TORRENT DE LA VALL D'HORTA )"
59488,"TORRENT DE LA FONT DEL LLOR"
59490,"Tram de_( TORRENT DE LA FONT DEL LLOR )"
59491,"Tram de_( TORRENT DE LA VALL D'HORTA )"
59497,"Tram de_( RIU RIPOLL )"
59500,"TORRENT DE SALALLASSERA"
59501,"Tram de_( TORRENT DE SALALLASSERA )"
59504,"TORRENT DEL GALI"
59505,"Tram de_( TORRENT DEL GALI )"
59506,"Tram de_( RIU BESOS )"
59507,"Tram de_( RIU BESOS )"
59508,"RIERA DE POLINYA"
59509,"RIERA SECA"
59510,"Tram de_( RIERA SECA )"
59511,"RIERA DE SANTIGA"
59512,"Tram de_( RIERA DE SANTIGA )"
59516,"Tram de_( RIERA DE POLINYA )"
59518,"RIERA DE CALDES"
59520,"RIERA DE SENTMENAT"
59521,"Tram de_( RIERA DE SENTMENAT )"
59522,"TORRENT DEL COSIDOR"
59523,"Tram de_( TORRENT DEL COSIDOR )"
59524,"Tram de_( TORRENT DEL COSIDOR )"
59525,"Tram de_( TORRENT DEL COSIDOR )"
59526,"TORRENT DE GUANTA"
59527,"Tram de_( TORRENT DE GUANTA )"
59528,"Tram de_( TORRENT DE GUANTA )"
59529,"Tram de_( TORRENT DE GUANTA )"
59531,"TORRENT D'EN BAELL"
59532,"TORRENT DE CAN TURULL"
59533,"Tram de_( TORRENT DE CAN TURULL )"
59534,"Tram de_( TORRENT DE CAN TURULL )"
59535,"Tram de_( TORRENT D'EN BAELL )"
59537,"TORRENT SEC DE LES ARENES"
59538,"Tram de_( TORRENT SEC DE LES ARENES )"
59540,"RIERA DE CODONYS"
59541,"Tram de_( RIERA DE CODONYS )"
59542,"Tram de_( RIERA DE CALDES )"
59543,"Tram de_( RIERA DE CALDES )"
59544,"TORRENT DEL PRAT DE BAIX"
59545,"Tram de_( TORRENT DEL PRAT DE BAIX )"
59546,"Tram de_( RIERA DE CALDES )"
59547,"Tram de_( RIERA DE CALDES )"
59548,"Tram de_( RIERA DE CALDES )"
59549,"Tram de_( RIERA DE CALDES )"
59551,"TORRENT DE SANT SEBASTIA"
59553,"Tram de_( TORRENT DE SANT SEBASTIA )"
59554,"Tram de_( TORRENT DE SANT SEBASTIA )"
59555,"TORRENT DE CAN SALLENT"
59556,"Tram de_( TORRENT DE CAN SALLENT )"
59558,"RIERA DE GALLIFA"
59561,"Tram de_( RIERA DE GALLIFA )"
59562,"SOT DE LA ROCA"
59564,"Tram de_( SOT DE LA ROCA )"
59567,"RIERA DE SANT PONÇ"
59568,"Tram de_( RIERA DE SANT PONÇ )"
59569,"Tram de_( RIU BESOS )"
59570,"TORRENT DE SANT FOST"
59571,"Tram de_( TORRENT DE SANT FOST )"
59572,"Tram de_( SIN NOMBRE )"
59573,"Tram de_( SIN NOMBRE )"
59574,"Tram de_( TORRENT DE SANT FOST )"
59575,"TORRENT DE LA FONT SUNYERA"
59576,"Tram de_( TORRENT DE LA FONT SUNYERA )"
59578,"TORRENT DE CAN GURRI"
59579,"Tram de_( TORRENT DE CAN GURRI )"
59580,"RIERA DE GALLECS"
59581,"Tram de_( RIERA DE GALLECS )"
59582,"Tram de_( RIERA DE GALLECS )"
59583,"Tram de_( RIERA DE GALLECS )"
59584,"RIERA DE TENES"
59586,"TORRENT DE CAN PA-I-AIGUA"
59588,"Tram de_( TORRENT DE CAN PA-I-AIGUA )"
59589,"Tram de_( TORRENT DE CAN PA-I-AIGUA )"
59590,"Tram de_( TORRENT DE CAN PA-I-AIGUA )"
59592,"Tram de_( RIERA DE TENES )"
59593,"TORRENT DE MERDANÇ"
59594,"Tram de_( TORRENT DE MERDANÇ )"
59595,"Tram de_( TORRENT DE MERDANÇ )"
59596,"Tram de_( SIN NOMBRE )"
59597,"Tram de_( SIN NOMBRE )"
59598,"Tram de_( RIERA DE TENES )"
59599,"Tram de_( RIERA DE TENES )"
59601,"Tram de_( RIERA DE TENES )"
59602,"Tram de_( RIERA DE TENES )"
59603,"TORRENT DE LA VALL"
59604,"Tram de_( TORRENT DE LA VALL )"
59605,"Tram de_( RIERA DE TENES )"
59606,"Tram de_( RIERA DE TENES )"
59608,"Tram de_( RIERA DE TENES )"
59609,"TORRENT DEL SORRAL"
59610,"Tram de_( TORRENT DEL SORRAL )"
59611,"Tram de_( TORRENT DEL SORRAL )"
59612,"Tram de_( RIERA DE TENES )"
59613,"TORRENT DE LA FONT DEL TORT"
59614,"Tram de_( TORRENT DE LA FONT DEL TORT )"
59615,"Tram de_( TORRENT DE LA FONT DEL TORT )"
59616,"TORRENT MASPONÇ"
59617,"Tram de_( TORRENT MASPONÇ )"
59618,"Tram de_( TORRENT MASPONÇ )"
59619,"Tram de_( RIERA DE TENES )"
59620,"TORRENT DE LA TORRE"
59621,"Tram de_( TORRENT DE LA TORRE )"
59622,"Tram de_( TORRENT DE LA TORRE )"
59623,"Tram de_( SIN NOMBRE )"
59624,"TORRENT DE CAN CANALS"
59625,"Tram de_( TORRENT DE CAN CANALS )"
59626,"Tram de_( TORRENT DE CAN CANALS )"
59627,"TORRENT DEL VILLAR"
59628,"TORRENT FONDO"
59629,"Tram de_( TORRENT FONDO )"
59630,"Tram de_( TORRENT FONDO )"
59631,"Tram de_( TORRENT DEL VILLAR )"
59633,"TORRENT DE BERTI"
59634,"Tram de_( TORRENT DE BERTI )"
59635,"Tram de_( TORRENT DE BERTI )"
59636,"Tram de_( RIERA DE TENES )"
59637,"Tram de_( RIERA DE TENES )"
59638,"RIU ROSSINYOL"
59639,"Tram de_( RIU ROSSINYOL )"
59641,"SOT DE L'HORRA"
59642,"Tram de_( SOT DE L'HORRA )"
59643,"SOT DE LA VALL"
59644,"Tram de_( SOT DE LA VALL )"
59646,"Tram de_( RIERA DE TENES )"
59647,"Tram de_( RIERA DE TENES )"
59649,"Tram de_( RIERA DE TENES )"
59651,"TORRENT DEL BOSC"
59652,"RIERA DE SANT QUIRZE"
59653,"TORRENT DE LA FONT DEL BOIX"
59654,"Tram de_( TORRENT DE LA FONT DEL BOIX )"
59655,"Tram de_( TORRENT DE LA FONT DEL BOIX )"
59656,"Tram de_( RIERA DE SANT QUIRZE )"
59657,"Tram de_( RIERA DE SANT QUIRZE )"
59658,"TORRENT DE LA TEULERIA"
59659,"Tram de_( TORRENT DE LA TEULERIA )"
59664,"RIERA DE CASTELLCIR"
59667,"Tram de_( RIERA DE CASTELLCIR )"
59670,"TORRENT DE SAUVA NEGRA O DE SANTA MARIA"
59673,"Tram de_( TORRENT DE SAUVA NEGRA O DE SANTA MARIA )"
59675,"Tram de_( TORRENT DEL BOSC )"
59676,"RIU CONGOST"
59677,"RIU MOGENT"
59678,"TORRENT DE LA TORRE"
59679,"Tram de_( TORRENT DE LA TORRE )"
59680,"Tram de_( SIN NOMBRE )"
59683,"RIERA DE VALLROMANES"
59684,"Tram de_( RIERA DE VALLROMANES )"
59685,"TORRENT DE LES FONTANILLES"
59686,"Tram de_( TORRENT DE LES FONTANILLES )"
59687,"Tram de_( TORRENT DE LES FONTANILLES )"
59690,"TORRENT DE CAN MAIMO"
59691,"Tram de_( TORRENT DE CAN MAIMO )"
59692,"RIERA DEL XARAGALL"
59693,"Tram de_( RIERA DEL XARAGALL )"
59694,"Tram de_( RIU MOGENT )"
59695,"Tram de_( RIU MOGENT )"
59696,"TORRENT DE CELLECS"
59697,"Tram de_( TORRENT DE CELLECS )"
59698,"Tram de_( TORRENT DE CELLECS )"
59701,"Tram de_( RIU MOGENT )"
59702,"Tram de_( RIU MOGENT )"
59703,"TORRENT DE CAN SORA"
59704,"Tram de_( TORRENT DE CAN SORA )"
59705,"Tram de_( TORRENT DE CAN SORA )"
59707,"RIERA DE GAUSACS"
59708,"Tram de_( RIERA DE GAUSACS )"
59709,"Tram de_( SIN NOMBRE )"
59710,"Tram de_( SIN NOMBRE )"
59711,"Tram de_( RIERA DE GAUSACS )"
59712,"Tram de_( SIN NOMBRE )"
59715,"TORRENT DEL FOGUERAR"
59716,"Tram de_( TORRENT DEL FOGUERAR )"
59717,"Tram de_( RIU MOGENT )"
59718,"RIERA DE CANOVES"
59721,"Tram de_( RIERA DE CANOVES )"
59743,"Tram de_( RIU MOGENT )"
59744,"Tram de_( RIU MOGENT )"
59746,"Tram de_( RIU MOGENT )"
59747,"Tram de_( RIU MOGENT )"
59749,"TORRENT DE VALLBONA"
59750,"Tram de_( TORRENT DE VALLBONA )"
59761,"RIERA DE VALLSERENA"
59769,"SOT DELS SALARS"
59770,"Tram de_( SOT DELS SALARS )"
59773,"Tram de_( RIERA DE VALLSERENA )"
59788,"Tram de_( RIU CONGOST )"
59789,"RIERA DE CARBONELL"
59790,"Tram de_( RIERA DE CARBONELL )"
59791,"TORRENT DEL REMOGENT"
59795,"Tram de_( RIERA DE CARBONELL )"
59796,"Tram de_( RIU CONGOST )"
59800,"Tram de_( RIU CONGOST )"
59806,"Tram de_( RIU CONGOST )"
59807,"Tram de_( RIU CONGOST )"
59811,"Tram de_( RIU CONGOST )"
59826,"TORRENT CROELLS"
59827,"Tram de_( TORRENT CROELLS )"
59831,"RIERA PICAMENA"
59832,"Tram de_( RIERA PICAMENA )"
59833,"Tram de_( RIERA PICAMENA )"
59847,"SOT DE FONT NEGRE O DE LA MORA"
59848,"Tram de_( SOT DE FONT NEGRE O DE LA MORA )"
59853,"Tram de_( RIERA PICAMENA )"
59855,"RIERA DEL PUJOL"
59856,"Tram de_( RIERA DEL PUJOL )"
59857,"Tram de_( RIERA DEL PUJOL )"
59859,"RIERA DE MARTINET"
59860,"Tram de_( RIERA DE MARTINET )"
59870,"TORRENT DE CODINA MALA"
59871,"Tram de_( TORRENT DE CODINA MALA )"
59875,"BARRANC DE VALL-LLOSSERA"
59877,"Tram de_( BARRANC DE VALL-LLOSSERA )"
59879,"Tram de_( BARRANC DE VALL-LLOSSERA )"
59880,"Tram de_( BARRANC DE VALL-LLOSSERA )"
59881,"TORRENT DE FONT TORDERA"
59882,"Tram de_( TORRENT DE FONT TORDERA )"
59885,"BARRANC DEL PUIG"
59886,"Tram de_( BARRANC DEL PUIG )"
59889,"Tram de_( BARRANC DEL PUIG )"
59893,"Tram de_( SIN NOMBRE )"
59896,"Tram de_( SIN NOMBRE )"
59897,"RIERA D'EN FONT"
59898,"TORRENT DE MONTCERDA"
59899,"Tram de_( TORRENT DE MONTCERDA )"
59900,"Tram de_( RIERA D'EN FONT )"
59904,"RIERA D'ALELLA"
59905,"Tram de_( RIERA D'ALELLA )"
59907,"Tram de_( RIERA D'ALELLA )"
59908,"Tram de_( RIERA D'ALELLA )"
59909,"Tram de_( RIERA D'ALELLA )"
59910,"Tram de_( SIN NOMBRE )"
59911,"Tram de_( SIN NOMBRE )"
59912,"Tram de_( SIN NOMBRE )"
59913,"RIERA DE TEIA"
59914,"Tram de_( RIERA DE TEIA )"
59915,"Tram de_( SIN NOMBRE )"
59917,"Tram de_( SIN NOMBRE )"
59918,"Tram de_( SIN NOMBRE )"
59919,"Tram de_( SIN NOMBRE )"
59920,"Tram de_( SIN NOMBRE )"
59921,"RIERA DE VILASSAR"
59922,"Tram de_( RIERA DE VILASSAR )"
59923,"Tram de_( RIERA DE VILASSAR )"
59924,"Tram de_( RIERA DE VILASSAR )"
59925,"RIERA DE CABRILS"
59926,"Tram de_( RIERA DE CABRILS )"
59931,"Tram de_( SIN NOMBRE )"
59933,"RIERA D'ARGENTONA"
59935,"Tram de_( RIERA D'ARGENTONA )"
59936,"Tram de_( RIERA D'ARGENTONA )"
59939,"Tram de_( RIERA D'ARGENTONA )"
59940,"RIERA DE CLARA"
59941,"Tram de_( RIERA DE CLARA )"
59942,"Tram de_( RIERA DE CLARA )"
59943,"RIERA D'ORRIUS"
59944,"Tram de_( RIERA D'ORRIUS )"
59946,"Tram de_( RIERA D'ORRIUS )"
59947,"RIERA DE DOSRIUS"
59948,"Tram de_( RIERA DE DOSRIUS )"
59950,"RIERA DE CAN RIMBLES"
59952,"Tram de_( RIERA DE CAN RIMBLES )"
59953,"TORRENT DE GUINARDO"
59954,"Tram de_( TORRENT DE GUINARDO )"
59955,"Tram de_( TORRENT DE GUINARDO )"
59956,"Tram de_( TORRENT DE GUINARDO )"
59959,"CANAL DEL MOTOR"
59960,"Tram de_( CANAL DEL MOTOR )"
59962,"Tram de_( RIERA DE CAN RIMBLES )"
59963,"Tram de_( RIERA DE CAN RIMBLES )"
59964,"TORRENT DEL COLL"
59965,"Tram de_( TORRENT DEL COLL )"
59968,"RIERA DE VALLDEIX O DE SANT SIMO"
59969,"RIERA DE CAN SOLER"
59970,"Tram de_( RIERA DE CAN SOLER )"
59971,"Tram de_( RIERA DE CAN SOLER )"
59972,"Tram de_( RIERA DE VALLDEIX O DE SANT SIMO )"
59975,"Tram de_( SIN NOMBRE )"
59976,"Tram de_( SIN NOMBRE )"
59978,"RIERA DE L'AVALL"
59979,"Tram de_( RIERA DE L'AVALL )"
59980,"Tram de_( RIERA DE L'AVALL )"
59981,"TORRENT DE CATA"
59982,"Tram de_( TORRENT DE CATA )"
59983,"Tram de_( TORRENT DE CATA )"
59984,"RIERA DE MONTALT"
59985,"Tram de_( RIERA DE MONTALT )"
59987,"TORRENT DE LA GIRONELLA"
59988,"Tram de_( TORRENT DE LA GIRONELLA )"
59989,"Tram de_( TORRENT DE LA GIRONELLA )"
59990,"Tram de_( SIN NOMBRE )"
59991,"Tram de_( SIN NOMBRE )"
59992,"RIERA DE CALDETES"
59993,"Tram de_( RIERA DE CALDETES )"
59994,"Tram de_( RIERA DE CALDETES )"
59996,"Tram de_( SIN NOMBRE )"
59997,"RIAL LLARG"
59998,"Tram de_( RIAL LLARG )"
59999,"Tram de_( RIAL LLARG )"
60000,"RIERA D'ARENYS"
60002,"Tram de_( RIERA D'ARENYS )"
60003,"Tram de_( RIERA D'ARENYS )"
60004,"Tram de_( RIERA D'ARENYS )"
60006,"Tram de_( RIERA D'ARENYS )"
60007,"Tram de_( RIERA D'ARENYS )"
60008,"RIERA DE SOBIRANS"
60009,"Tram de_( RIERA DE SOBIRANS )"
60010,"RIAL DE CAN MORA"
60011,"Tram de_( RIAL DE CAN MORA )"
60012,"Tram de_( RIAL DE CAN MORA )"
60013,"Tram de_( RIERA DE SOBIRANS )"
60015,"Tram de_( SIN NOMBRE )"
60016,"RIAL D'EN CATA"
60017,"Tram de_( RIAL D'EN CATA )"
60018,"TORRENT DE LES TEIXONERES"
60019,"Tram de_( TORRENT DE LES TEIXONERES )"
60020,"Tram de_( SIN NOMBRE )"
60021,"Tram de_( TORRENT DE LES TEIXONERES )"
60024,"TORRENT DE LA MURTRA"
60025,"Tram de_( TORRENT DE LA MURTRA )"
60026,"RIERA DE SANT POL"
60028,"RIERA DE VALLALTA"
60029,"RIERA DE SALLENT"
60030,"Tram de_( RIERA DE SALLENT )"
60033,"TORRENT DE LA CASA VELLA"
60034,"Tram de_( TORRENT DE LA CASA VELLA )"
60035,"Tram de_( TORRENT DE LA CASA VELLA )"
60036,"Tram de_( TORRENT DE LA CASA VELLA )"
60041,"TORRENT DE LA ROUREDA"
60042,"RIERA DE CAN VIVES DE LA CORTADA"
60043,"Tram de_( RIERA DE CAN VIVES DE LA CORTADA )"
60044,"Tram de_( SIN NOMBRE )"
60045,"Tram de_( SIN NOMBRE )"
60046,"Tram de_( RIERA DE CAN VIVES DE LA CORTADA )"
60047,"Tram de_( TORRENT DE LA ROUREDA )"
60050,"Tram de_( RIERA DE VALLALTA )"
60051,"Tram de_( RIERA DE VALLALTA )"
60052,"SOT D'ORADELLA"
60053,"Tram de_( SOT D'ORADELLA )"
60054,"Tram de_( RIERA DE VALLALTA )"
60055,"Tram de_( RIERA DE VALLALTA )"
60056,"Tram de_( RIERA DE VALLALTA )"
60057,"RIERA DE SANT ANDREU"
60061,"Tram de_( RIERA DE SANT ANDREU )"
60062,"Tram de_( RIERA DE SANT ANDREU )"
60063,"Tram de_( RIERA DE SANT POL )"
60065,"Tram de_( SIN NOMBRE )"
60066,"Tram de_( SIN NOMBRE )"
60067,"RIERA DE CALELLA"
60068,"Tram de_( RIERA DE CALELLA )"
60069,"Tram de_( RIERA DE CALELLA )"
60070,"Tram de_( RIERA DE CALELLA )"
60071,"RIERANY DELS FRARES"
60072,"Tram de_( RIERANY DELS FRARES )"
60073,"Tram de_( SIN NOMBRE )"
60074,"Tram de_( SIN NOMBRE )"
60075,"RIERA DE PINEDA"
60076,"Tram de_( RIERA DE PINEDA )"
60078,"Tram de_( RIERA DE PINEDA )"
60079,"SOT DE RUPIT"
60080,"SOT DEL SALT"
60081,"Tram de_( SOT DEL SALT )"
60082,"Tram de_( SOT DE RUPIT )"
60083,"Tram de_( SOT DE RUPIT )"
60084,"RIERA DE SANTA SUSANNA"
60086,"Tram de_( RIERA DE SANTA SUSANNA )"
60090,"SOT DE CAN CLAVELL"
60091,"Tram de_( SOT DE CAN CLAVELL )"
60092,"Tram de_( SOT DE CAN CLAVELL )"
60094,"Tram de_( SIN NOMBRE )"
60095,"Tram de_( SIN NOMBRE )"
60096,"RIERA DE PALAFOLLS"
60100,"Tram de_( RIERA DE PALAFOLLS )"
60101,"Tram de_( RIERA DE PALAFOLLS )"
60103,"Tram de_( RIERA DE PALAFOLLS )"
60104,"Tram de_( SIN NOMBRE )"
60108,"RIU TORDERA"
60109,"Tram de_( RIU TORDERA )"
60110,"RIERA DE SANT DANIEL"
60111,"RIERA DE SALOMO"
60112,"Tram de_( RIERA DE SALOMO )"
60113,"Tram de_( RIERA DE SALOMO )"
60114,"Tram de_( RIERA DE SANT DANIEL )"
60115,"Tram de_( RIERA DE SANT DANIEL )"
60116,"TORRENT DEL GALL"
60117,"Tram de_( TORRENT DEL GALL )"
60118,"TORRENT DE MAS MORA"
60119,"Tram de_( TORRENT DE MAS MORA )"
60120,"RIERA DE REIXAC"
60121,"RIERA DE VALLMANYA"
60122,"Tram de_( RIERA DE VALLMANYA )"
60123,"Tram de_( RIERA DE VALLMANYA )"
60124,"Tram de_( RIERA DE VALLMANYA )"
60125,"Tram de_( RIERA DE VALLMANYA )"
60126,"Tram de_( RIERA DE VALLMANYA )"
60127,"Tram de_( RIERA DE VALLMANYA )"
60128,"Tram de_( RIERA DE VALLMANYA )"
60129,"Tram de_( RIERA DE VALLMANYA )"
60130,"Tram de_( RIERA DE REIXAC )"
60131,"RIERA DE VALLDEMARIA"
60132,"Tram de_( RIERA DE VALLDEMARIA )"
60133,"Tram de_( RIERA DE VALLDEMARIA )"
60135,"Tram de_( RIERA DE VALLDEMARIA )"
60136,"Tram de_( RIERA DE VALLDEMARIA )"
60137,"Tram de_( RIERA DE VALLDEMARIA )"
60138,"TORRENT DE VALL-LLOPARDA"
60139,"Tram de_( TORRENT DE VALL-LLOPARDA )"
60140,"Tram de_( TORRENT DE VALL-LLOPARDA )"
60141,"TORRENT DE LES ROQUES LLISES"
60142,"Tram de_( TORRENT DE LES ROQUES LLISES )"
60143,"Tram de_( TORRENT DE LES ROQUES LLISES )"
60144,"Tram de_( TORRENT DE VALL-LLOPARDA )"
60145,"Tram de_( RIU TORDERA )"
60146,"TORRENT DE LA MINA D'OR"
60147,"TORRENT SANT TOU"
60148,"TORRENT DE GORG NEGRE"
60149,"Tram de_( TORRENT DE GORG NEGRE )"
60150,"Tram de_( TORRENT SANT TOU )"
60152,"TORRENT DE MASCARO"
60153,"Tram de_( TORRENT DE MASCARO )"
60154,"Tram de_( TORRENT SANT TOU )"
60155,"Tram de_( TORRENT SANT TOU )"
60156,"TORRENT DE CAN MATES"
60157,"Tram de_( TORRENT DE CAN MATES )"
60158,"Tram de_( TORRENT DE CAN MATES )"
60159,"Tram de_( TORRENT DE LA MINA D'OR )"
60160,"Tram de_( TORRENT DE LA MINA D'OR )"
60161,"Tram de_( TORRENT DE LA MINA D'OR )"
60162,"Tram de_( TORRENT DE LA MINA D'OR )"
60164,"Tram de_( TORRENT DE LA MINA D'OR )"
60165,"Tram de_( RIU TORDERA )"
60166,"BARRANC DE MAS GAVATX"
60167,"Tram de_( BARRANC DE MAS GAVATX )"
60169,"Tram de_( BARRANC DE MAS GAVATX )"
60170,"Tram de_( BARRANC DE MAS GAVATX )"
60171,"Tram de_( RIU TORDERA )"
60172,"BARRANC DE CA N'OLLER"
60173,"Tram de_( BARRANC DE CA N'OLLER )"
60174,"Tram de_( BARRANC DE CA N'OLLER )"
60175,"Tram de_( BARRANC DE CA N'OLLER )"
60176,"Tram de_( BARRANC DE CA N'OLLER )"
60177,"Tram de_( BARRANC DE CA N'OLLER )"
60178,"Tram de_( BARRANC DE CA N'OLLER )"
60179,"RIERA DE TERRA NEGRA"
60180,"REC DE CAN PLANES"
60181,"Tram de_( REC DE CAN PLANES )"
60182,"Tram de_( REC DE CAN PLANES )"
60183,"Tram de_( REC DE CAN PLANES )"
60184,"Tram de_( RIERA DE TERRA NEGRA )"
60185,"RIERA DE SANTA COLOMA"
60186,"Tram de_( RIERA DE SANTA COLOMA )"
60188,"Tram de_( RIERA DE SANTA COLOMA )"
60189,"Tram de_( SIN NOMBRE )"
60190,"Tram de_( RIERA DE SANTA COLOMA )"
60193,"Tram de_( RIERA DE SANTA COLOMA )"
60194,"RIERA DE MAÇANES"
60195,"TORRENT DE CAL NAN"
60196,"Tram de_( TORRENT DE CAL NAN )"
60197,"Tram de_( TORRENT DE CAL NAN )"
60198,"RIERA DE LA CASANOVA"
60199,"Tram de_( RIERA DE LA CASANOVA )"
60200,"Tram de_( RIERA DE LA CASANOVA )"
60201,"Tram de_( SIN NOMBRE )"
60202,"RIERA DE L'ESPARRA"
60203,"Tram de_( RIERA DE L'ESPARRA )"
60204,"Tram de_( SIN NOMBRE )"
60205,"Tram de_( RIERA DE L'ESPARRA )"
60207,"Tram de_( RIERA DE MAÇANES )"
60208,"Tram de_( RIERA DE MAÇANES )"
60209,"Tram de_( RIERA DE MAÇANES )"
60210,"Tram de_( SIN NOMBRE )"
60211,"Tram de_( SIN NOMBRE )"
60212,"Tram de_( SIN NOMBRE )"
60213,"TORRENT DE MOLLET"
60218,"Tram de_( TORRENT DE MOLLET )"
60219,"Tram de_( TORRENT DE MOLLET )"
60220,"Tram de_( SIN NOMBRE )"
60221,"Tram de_( TORRENT DE MOLLET )"
60222,"SOT DE L'INFERN"
60223,"Tram de_( SOT DE L'INFERN )"
60224,"Tram de_( RIERA DE SANTA COLOMA )"
60225,"RIERA DE SANTA MARIA"
60226,"Tram de_( RIERA DE SANTA MARIA )"
60227,"TORRENT DE TORDEROLA"
60228,"Tram de_( TORRENT DE TORDEROLA )"
60229,"Tram de_( TORRENT DE TORDEROLA )"
60230,"Tram de_( SIN NOMBRE )"
60233,"Tram de_( TORRENT DE TORDEROLA )"
60234,"RIERA DE PINS"
60235,"RIERA DE CABANYES"
60236,"Tram de_( RIERA DE CABANYES )"
60237,"Tram de_( RIERA DE CABANYES )"
60238,"Tram de_( RIERA DE CABANYES )"
60239,"Tram de_( RIERA DE CABANYES )"
60240,"TORRENT DEL PANTA DE MAS CABANYES"
60241,"Tram de_( TORRENT DEL PANTA DE MAS CABANYES )"
60242,"Tram de_( SIN NOMBRE )"
60243,"REC DEL PRAT DE VEDELLA"
60244,"Tram de_( REC DEL PRAT DE VEDELLA )"
60245,"REC DEL SENYOR NARCIS"
60246,"Tram de_( REC DEL SENYOR NARCIS )"
60247,"Tram de_( REC DEL SENYOR NARCIS )"
60248,"RIERA DE RERAPINS"
60249,"Tram de_( RIERA DE RERAPINS )"
60250,"Tram de_( RIERA DE PINS )"
60251,"RIERA RECLAR"
60253,"BARRANC CORNELLA"
60254,"Tram de_( BARRANC CORNELLA )"
60255,"BARRANC DE LA TORRE"
60256,"CASTELL LLOBET"
60257,"Tram de_( CASTELL LLOBET )"
60258,"Tram de_( BARRANC DE LA TORRE )"
60259,"Tram de_( BARRANC DE LA TORRE )"
60261,"Tram de_( BARRANC DE LA TORRE )"
60263,"Tram de_( RIERA RECLAR )"
60264,"RIERA DE CAN NOGUERA"
60266,"Tram de_( RIERA DE CAN NOGUERA )"
60267,"Tram de_( RIERA DE CAN NOGUERA )"
60268,"Tram de_( RIERA DE CAN NOGUERA )"
60269,"Tram de_( RIERA DE CAN NOGUERA )"
60271,"RIERA DE VALLCANERA"
60272,"RIERA DE LA BELLADONA"
60273,"REC DE LA FONT DEL FRARE"
60274,"Tram de_( REC DE LA FONT DEL FRARE )"
60275,"Tram de_( SIN NOMBRE )"
60276,"Tram de_( RIERA DE LA BELLADONA )"
60277,"REC DEL JONQUET"
60278,"Tram de_( REC DEL JONQUET )"
60279,"Tram de_( RIERA DE VALLCANERA )"
60281,"REC DEL FORN DEL VIDRE"
60282,"Tram de_( REC DEL FORN DEL VIDRE )"
60283,"Tram de_( RIERA DE VALLCANERA )"
60284,"Tram de_( RIERA DE VALLCANERA )"
60285,"Tram de_( RIERA DE SANTA MARIA )"
60288,"RIERA DE MALAVELLA"
60289,"Tram de_( RIERA DE MALAVELLA )"
60290,"Tram de_( RIERA DE MALAVELLA )"
60291,"TORRENT DE CAN PLA"
60292,"Tram de_( TORRENT DE CAN PLA )"
60293,"Tram de_( RIERA DE SANTA MARIA )"
60294,"Tram de_( RIERA DE SANTA MARIA )"
60295,"Tram de_( RIERA DE SANTA MARIA )"
60296,"TORRENT DE L'ESPARRA"
60297,"BARRANC DE CAN COLOMER"
60298,"Tram de_( BARRANC DE CAN COLOMER )"
60299,"Tram de_( SIN NOMBRE )"
60300,"BARRANC DE CAN COLOMER"
60301,"Tram de_( BARRANC DE CAN COLOMER )"
60302,"Tram de_( TORRENT DE L'ESPARRA )"
60303,"Tram de_( TORRENT DE L'ESPARRA )"
60304,"Tram de_( TORRENT DE L'ESPARRA )"
60305,"SOT DE LA PEDROSA"
60306,"Tram de_( SOT DE LA PEDROSA )"
60312,"TORRENT DE VILARRASA"
60313,"Tram de_( TORRENT DE VILARRASA )"
60315,"Tram de_( TORRENT DE VILARRASA )"
60317,"Tram de_( TORRENT DE VILARRASA )"
60318,"Tram de_( TORRENT DE VILARRASA )"
60320,"Tram de_( TORRENT DE VILARRASA )"
60321,"Tram de_( TORRENT DE VILARRASA )"
60322,"Tram de_( TORRENT DE VILARRASA )"
60323,"Tram de_( TORRENT DE VILARRASA )"
60324,"Tram de_( SIN NOMBRE )"
60325,"RIU D'ESPLET"
60326,"Tram de_( RIU D'ESPLET )"
60327,"Tram de_( RIU D'ESPLET )"
60328,"TORRENT DE FABREGUES"
60329,"Tram de_( TORRENT DE FABREGUES )"
60330,"Tram de_( RIU D'ESPLET )"
60331,"Tram de_( RIU D'ESPLET )"
60332,"Tram de_( RIU D'ESPLET )"
60333,"Tram de_( RIERA DE SANTA COLOMA )"
60334,"BARRANC DE LES GATOSES"
60335,"Tram de_( BARRANC DE LES GATOSES )"
60336,"Tram de_( RIERA DE SANTA COLOMA )"
60337,"RIERA DE CANADELL"
60338,"Tram de_( RIERA DE CANADELL )"
60339,"RIERA DE CASTANYET"
60340,"Tram de_( RIERA DE CASTANYET )"
60341,"Tram de_( RIERA DE CASTANYET )"
60342,"Tram de_( RIERA DE CASTANYET )"
60343,"Tram de_( RIERA DE CASTANYET )"
60344,"Tram de_( RIERA DE CASTANYET )"
60345,"Tram de_( SIN NOMBRE )"
60346,"Tram de_( SIN NOMBRE )"
60347,"Tram de_( SIN NOMBRE )"
60348,"Tram de_( RIERA DE CASTANYET )"
60349,"Tram de_( RIERA DE CASTANYET )"
60350,"Tram de_( RIERA DE CASTANYET )"
60351,"SOT DEL PRIMAL"
60352,"Tram de_( SOT DEL PRIMAL )"
60353,"Tram de_( SOT DEL PRIMAL )"
60354,"Tram de_( RIERA DE CANADELL )"
60355,"Tram de_( RIERA DE CANADELL )"
60356,"Tram de_( RIERA DE SANTA COLOMA )"
60357,"Tram de_( RIERA DE SANTA COLOMA )"
60358,"Tram de_( RIERA DE SANTA COLOMA )"
60359,"Tram de_( RIERA DE SANTA COLOMA )"
60360,"Tram de_( RIERA DE SANTA COLOMA )"
60361,"SOT DE PENYACANS"
60362,"Tram de_( SOT DE PENYACANS )"
60363,"Tram de_( RIERA DE SANTA COLOMA )"
60364,"Tram de_( RIERA DE SANTA COLOMA )"
60365,"Tram de_( RIERA DE SANTA COLOMA )"
60366,"SOT DE CAN GAVALDA"
60367,"Tram de_( SOT DE CAN GAVALDA )"
60368,"Tram de_( SIN NOMBRE )"
60369,"Tram de_( SOT DE CAN GAVALDA )"
60371,"Tram de_( RIERA DE SANTA COLOMA )"
60372,"SOT DE LA CENDROSA"
60373,"Tram de_( SOT DE LA CENDROSA )"
60374,"Tram de_( SIN NOMBRE )"
60375,"Tram de_( SOT DE LA CENDROSA )"
60376,"Tram de_( RIERA DE SANTA COLOMA )"
60377,"RIERA DE JOANET"
60378,"SOT DE MAS MOLL"
60379,"Tram de_( SOT DE MAS MOLL )"
60384,"Tram de_( RIERA DE JOANET )"
60385,"Tram de_( SIN NOMBRE )"
60386,"Tram de_( RIERA DE JOANET )"
60387,"Tram de_( SIN NOMBRE )"
60388,"Tram de_( RIERA DE JOANET )"
60389,"Tram de_( RIERA DE JOANET )"
60390,"RIERA DE VALLORS"
60391,"Tram de_( RIERA DE VALLORS )"
60393,"TORRENT DE VALLCROSA"
60394,"TORRENT DE SANTA MARGARIDA"
60395,"Tram de_( TORRENT DE SANTA MARGARIDA )"
60396,"Tram de_( TORRENT DE SANTA MARGARIDA )"
60397,"Tram de_( TORRENT DE VALLCROSA )"
60398,"BASSA DELA VINYETS"
60399,"Tram de_( BASSA DELA VINYETS )"
60401,"TORRENT DELS ABEURADORS"
60402,"Tram de_( TORRENT DELS ABEURADORS )"
60403,"Tram de_( TORRENT DELS ABEURADORS )"
60404,"Tram de_( TORRENT DE VALLCROSA )"
60405,"Tram de_( TORRENT DE VALLCROSA )"
60406,"Tram de_( TORRENT DE VALLCROSA )"
60407,"TORRENT DE LA TEULERIA O DEL FERRO"
60408,"Tram de_( TORRENT DE LA TEULERIA O DEL FERRO )"
60409,"Tram de_( TORRENT DE LA TEULERIA O DEL FERRO )"
60412,"TORRENT DE SANT JACINT"
60413,"Tram de_( TORRENT DE SANT JACINT )"
60414,"Tram de_( RIU TORDERA )"
60415,"TORRENT DE CAN SEGRE"
60416,"Tram de_( TORRENT DE CAN SEGRE )"
60417,"Tram de_( TORRENT DE CAN SEGRE )"
60418,"Tram de_( TORRENT DE CAN SEGRE )"
60421,"RIERA DE ARBUCIES"
60422,"Tram de_( RIERA DE ARBUCIES )"
60423,"Tram de_( RIERA DE ARBUCIES )"
60424,"RIERA DE BUIXALLEU"
60425,"Tram de_( RIERA DE BUIXALLEU )"
60426,"Tram de_( RIERA DE ARBUCIES )"
60427,"Tram de_( RIERA DE ARBUCIES )"
60430,"Tram de_( RIERA DE ARBUCIES )"
60431,"Tram de_( RIERA DE ARBUCIES )"
60432,"Tram de_( RIERA DE ARBUCIES )"
60434,"RIERA DE RUIDECOS O DE LA PINEDA"
60435,"Tram de_( RIERA DE RUIDECOS O DE LA PINEDA )"
60437,"SOT DE RAMILANS"
60438,"Tram de_( SOT DE RAMILANS )"
60439,"Tram de_( SOT DE RAMILANS )"
60440,"Tram de_( RIERA DE RUIDECOS O DE LA PINEDA )"
60442,"Tram de_( RIERA DE RUIDECOS O DE LA PINEDA )"
60443,"Tram de_( RIERA DE RUIDECOS O DE LA PINEDA )"
60444,"SOT DE LA GALTERA"
60445,"Tram de_( SOT DE LA GALTERA )"
60446,"Tram de_( SOT DE LA GALTERA )"
60447,"RIERA DE PONT GRAN"
60448,"Tram de_( RIERA DE PONT GRAN )"
60449,"Tram de_( RIERA DE PONT GRAN )"
60450,"Tram de_( RIERA DE PONT GRAN )"
60451,"SOT DE LA GENETA"
60452,"Tram de_( SOT DE LA GENETA )"
60453,"Tram de_( SOT DE LA GENETA )"
60459,"SOT DE L'ESCALA"
60460,"Tram de_( SOT DE L'ESCALA )"
60462,"RIERA XICA"
60463,"Tram de_( RIERA XICA )"
60464,"Tram de_( RIERA XICA )"
60465,"Tram de_( RIERA XICA )"
60466,"Tram de_( SIN NOMBRE )"
60467,"Tram de_( SIN NOMBRE )"
60468,"Tram de_( SIN NOMBRE )"
60469,"Tram de_( RIERA XICA )"
60471,"Tram de_( RIERA DE ARBUCIES )"
60480,"Tram de_( RIERA DE ARBUCIES )"
60485,"SOT DE CAN DORCA"
60487,"Tram de_( SOT DE CAN DORCA )"
60488,"Tram de_( SOT DE CAN DORCA )"
60489,"Tram de_( SOT DE CAN DORCA )"
60491,"SOT DE FERRERS"
60492,"Tram de_( SOT DE FERRERS )"
60495,"Tram de_( RIERA DE ARBUCIES )"
60500,"SOT DEL CROUS"
60501,"Tram de_( SOT DEL CROUS )"
60506,"RIERA DE RAMIO"
60507,"Tram de_( RIERA DE RAMIO )"
60508,"TORRENT DE CAN MASSO"
60509,"Tram de_( TORRENT DE CAN MASSO )"
60510,"Tram de_( RIERA DE RAMIO )"
60512,"Tram de_( RIERA DE RAMIO )"
60513,"Tram de_( RIERA DE RAMIO )"
60514,"Tram de_( RIERA DE RAMIO )"
60515,"Tram de_( RIERA DE RAMIO )"
60516,"REC DE GASERANS"
60517,"Tram de_( REC DE GASERANS )"
60518,"Tram de_( REC DE GASERANS )"
60519,"Tram de_( RIU TORDERA )"
60520,"Tram de_( RIU TORDERA )"
60523,"Tram de_( RIU TORDERA )"
60524,"RIERA DE RIPIAIX"
60525,"Tram de_( RIERA DE RIPIAIX )"
60528,"RIERA DE BREDA"
60529,"Tram de_( RIERA DE BREDA )"
60530,"Tram de_( RIERA DE BREDA )"
60532,"SOT DE LES OLIVARETES"
60533,"Tram de_( SOT DE LES OLIVARETES )"
60544,"Tram de_( RIERA DE BREDA )"
60546,"Tram de_( RIERA DE RIPIAIX )"
60547,"SOT DE CAMAFOSCA"
60548,"Tram de_( SOT DE CAMAFOSCA )"
60549,"RIERA DE FUIROSOS"
60550,"Tram de_( RIERA DE FUIROSOS )"
60551,"Tram de_( RIERA DE FUIROSOS )"
60552,"Tram de_( RIERA DE FUIROSOS )"
60553,"Tram de_( RIERA DE FUIROSOS )"
60554,"Tram de_( RIERA DE FUIROSOS )"
60555,"Tram de_( SIN NOMBRE )"
60557,"SOT DE FRESSER"
60558,"Tram de_( SOT DE FRESSER )"
60559,"Tram de_( SOT DE FRESSER )"
60562,"Tram de_( RIERA DE FUIROSOS )"
60563,"Tram de_( RIERA DE FUIROSOS )"
60564,"Tram de_( RIERA DE FUIROSOS )"
60565,"Tram de_( RIERA DE FUIROSOS )"
60566,"Tram de_( RIU TORDERA )"
60567,"Tram de_( RIU TORDERA )"
60568,"Tram de_( SIN NOMBRE )"
60569,"TORRENT DEL BOSC"
60570,"Tram de_( TORRENT DEL BOSC )"
60571,"Tram de_( TORRENT DEL BOSC )"
60574,"RIERA DE BERENGUER"
60575,"Tram de_( RIERA DE BERENGUER )"
60580,"Tram de_( RIU TORDERA )"
60581,"Tram de_( RIU TORDERA )"
60583,"RIERA DE GUALBA"
60585,"TORRENT DE CAN CAMBO"
60586,"Tram de_( TORRENT DE CAN CAMBO )"
60589,"TORRENT DE CAN SIVINA"
60590,"Tram de_( TORRENT DE CAN SIVINA )"
60592,"Tram de_( RIERA DE GUALBA )"
60593,"Tram de_( RIERA DE GUALBA )"
60594,"Tram de_( RIERA DE GUALBA )"
60595,"Tram de_( RIERA DE GUALBA )"
60596,"RIERA DE SANTA FE"
60604,"RIERA DE MONTNEGRE"
60605,"Tram de_( RIERA DE MONTNEGRE )"
60606,"Tram de_( RIERA DE MONTNEGRE )"
60607,"SOT DE CAN CASES"
60608,"Tram de_( SOT DE CAN CASES )"
60609,"Tram de_( SOT DE CAN CASES )"
60610,"Tram de_( RIERA DE MONTNEGRE )"
60611,"TORRENT DE CAN XIC"
60612,"Tram de_( TORRENT DE CAN XIC )"
60615,"TORRENT DE TELLADA"
60616,"Tram de_( TORRENT DE TELLADA )"
60618,"RIERA DE PERTEGAS"
60619,"Tram de_( RIERA DE PERTEGAS )"
60622,"RIERA DE CAMPINS"
60623,"Tram de_( RIERA DE CAMPINS )"
60624,"SOT DE SANT GUILLEN"
60639,"TORRENT DE BOCS"
60640,"Tram de_( TORRENT DE BOCS )"
60641,"RIERA D'OLZINELLES"
60642,"Tram de_( RIERA D'OLZINELLES )"
60643,"SOT DE L'ARANYANT"
60644,"Tram de_( SOT DE L'ARANYANT )"
60645,"Tram de_( RIERA D'OLZINELLES )"
60646,"Tram de_( RIERA D'OLZINELLES )"
60647,"Tram de_( RIERA D'OLZINELLES )"
60648,"RIERA DE VALLGORGUINA"
60649,"RIERA DE TRENTAPASSES"
60650,"RIERA DE TAPIOLES"
60651,"Tram de_( RIERA DE TAPIOLES )"
60652,"Tram de_( RIERA DE TAPIOLES )"
60653,"TORRENT DE CAN BOSC"
60655,"Tram de_( TORRENT DE CAN BOSC )"
60660,"Tram de_( RIERA DE TRENTAPASSES )"
60661,"Tram de_( RIERA DE VALLGORGUINA )"
60662,"Tram de_( RIERA DE VALLGORGUINA )"
60663,"RIERA DE CAN GRAS"
60667,"TORRENT DE LA FONT DE LA SITJA"
60668,"Tram de_( TORRENT DE LA FONT DE LA SITJA )"
60670,"RIERA DE COLLSACREU"
60671,"Tram de_( RIERA DE COLLSACREU )"
60672,"Tram de_( RIERA DE COLLSACREU )"
60673,"Tram de_( RIERA DE CAN GRAS )"
60674,"Tram de_( RIERA DE CAN GRAS )"
60675,"Tram de_( RIERA DE VALLGORGUINA )"
60676,"Tram de_( SIN NOMBRE )"
60677,"SOT DE CAN QUADRES"
60678,"Tram de_( SOT DE CAN QUADRES )"
60680,"SOT DEL BARQUERO"
60681,"Tram de_( SOT DEL BARQUERO )"
60707,"RIERA DE BASCONA"
60710,"Tram de_( RIERA DE BASCONA )"
60711,"RIU MAJOR"
60713,"RIERA DE LA CASTANYA"
60716,"SOT DE ROCACORBA"
60717,"Tram de_( SOT DE ROCACORBA )"
60718,"Tram de_( SOT DE ROCACORBA )"
60722,"SOT DEL BASSAU"
60725,"Tram de_( RIERA DE LA CASTANYA )"
60738,"SOT DEL PEDREGUER RODO"
60739,"Tram de_( SOT DEL PEDREGUER RODO )"
60740,"TORRENT DE CAN RABASSA"
60741,"Tram de_( TORRENT DE CAN RABASSA )"
60742,"Tram de_( TORRENT DE CAN RABASSA )"
60743,"TORRENT DE VERNES"
60744,"Tram de_( TORRENT DE VERNES )"
60747,"RIERA DE PASSAPERA"
60748,"TORRENT DELS TRES TURONS"
60749,"Tram de_( TORRENT DELS TRES TURONS )"
60750,"Tram de_( RIERA DE PASSAPERA )"
60751,"RIERA DE LLORET"
60752,"Tram de_( RIERA DE LLORET )"
60753,"Tram de_( RIERA DE LLORET )"
60754,"Tram de_( RIERA DE LLORET )"
60755,"RIERA CAN SOTA"
60757,"Tram de_( RIERA CAN SOTA )"
60759,"Tram de_( RIERA CAN SOTA )"
60760,"Tram de_( RIERA DE LLORET )"
60761,"Tram de_( RIERA DE LLORET )"
60762,"TORRENT DE MONTBARBAT"
60763,"Tram de_( TORRENT DE MONTBARBAT )"
60764,"RIERA DE CAN LLORANES"
60765,"Tram de_( RIERA DE CAN LLORANES )"
60766,"TORRENT DE CANYELLES"
60767,"Tram de_( TORRENT DE CANYELLES )"
60768,"Tram de_( SIN NOMBRE )"
60769,"Tram de_( TORRENT DE CANYELLES )"
60771,"Tram de_( SIN NOMBRE )"
60772,"Tram de_( SIN NOMBRE )"
60773,"RIERA DE TOSSA"
60774,"Tram de_( RIERA DE TOSSA )"
60775,"Tram de_( RIERA DE TOSSA )"
60776,"Tram de_( RIERA DE TOSSA )"
60777,"TORRENT DE MONTLLORT"
60778,"Tram de_( TORRENT DE MONTLLORT )"
60780,"Tram de_( RIERA DE TOSSA )"
60782,"Tram de_( RIERA DE TOSSA )"
60783,"TORRENT DE VALLSAIES"
60784,"Tram de_( TORRENT DE VALLSAIES )"
60785,"Tram de_( TORRENT DE VALLSAIES )"
60786,"CANAL DE CAN SAMADA"
60787,"Tram de_( CANAL DE CAN SAMADA )"
60788,"Tram de_( CANAL DE CAN SAMADA )"
60790,"Tram de_( TORRENT DE VALLSAIES )"
60794,"TORRENT DE LES POMERES"
60795,"Tram de_( TORRENT DE LES POMERES )"
60796,"TORRENT D'AIGUAFINA"
60797,"Tram de_( TORRENT D'AIGUAFINA )"
60798,"Tram de_( RIERA DE TOSSA )"
60801,"CLOT DEL PONT RODO"
60802,"Tram de_( CLOT DEL PONT RODO )"
60803,"Tram de_( SIN NOMBRE )"
60804,"Tram de_( CLOT DEL PONT RODO )"
60806,"TORRENT DE POLA"
60807,"Tram de_( TORRENT DE POLA )"
60809,"Tram de_( SIN NOMBRE )"
60811,"Tram de_( SIN NOMBRE )"
60812,"TORRENT DE CANYET"
60813,"Tram de_( TORRENT DE CANYET )"
60814,"Tram de_( TORRENT DE CANYET )"
60815,"Tram de_( SIN NOMBRE )"
60816,"RIERA DE LES COMES"
60818,"Tram de_( RIERA DE LES COMES )"
60820,"RIU RIDAURA"
60822,"Tram de_( RIU RIDAURA )"
60823,"Tram de_( RIU RIDAURA )"
60824,"TORRENT DE LA COMA"
60825,"Tram de_( TORRENT DE LA COMA )"
60826,"Tram de_( TORRENT DE LA COMA )"
60828,"Tram de_( RIU RIDAURA )"
60829,"Tram de_( SIN NOMBRE )"
60830,"Tram de_( RIU RIDAURA )"
60832,"Tram de_( RIU RIDAURA )"
60833,"RIERA DEL VILAR"
60834,"Tram de_( RIERA DEL VILAR )"
60836,"Tram de_( RIU RIDAURA )"
60837,"RIERA DE MALVET"
60839,"Tram de_( RIERA DE MALVET )"
60840,"RIERA DE SOLIUS"
60841,"RIERA DEL MAR DE SANTS"
60842,"Tram de_( RIERA DEL MAR DE SANTS )"
60843,"Tram de_( RIERA DE SOLIUS )"
60844,"Tram de_( RIERA DE SOLIUS )"
60845,"Tram de_( RIERA DE SOLIUS )"
60846,"RIERA DE BELL-LLOC"
60847,"Tram de_( RIERA DE BELL-LLOC )"
60848,"RIERA DE LA FONT PICANT"
60849,"Tram de_( RIERA DE LA FONT PICANT )"
60850,"RIERA SALENYS"
60851,"Tram de_( RIERA SALENYS )"
60852,"Tram de_( RIERA SALENYS )"
60853,"Tram de_( RIERA SALENYS )"
60854,"Tram de_( RIU RIDAURA )"
60855,"Tram de_( RIU RIDAURA )"
60856,"Tram de_( RIU RIDAURA )"
60857,"Tram de_( RIU RIDAURA )"
60859,"Tram de_( RIU RIDAURA )"
60860,"Tram de_( RIU RIDAURA )"
60861,"Tram de_( RIU RIDAURA )"
60863,"Tram de_( RIU RIDAURA )"
60864,"Tram de_( RIU RIDAURA )"
60865,"RIERA DE VERDERES"
60866,"Tram de_( RIERA DE VERDERES )"
60867,"RIERA DE SANT BALDIRI"
60868,"Tram de_( RIERA DE SANT BALDIRI )"
60869,"Tram de_( RIERA DE SANT BALDIRI )"
60870,"RIERA DE FENALS"
60871,"Tram de_( RIERA DE FENALS )"
60872,"Tram de_( RIERA DE FENALS )"
60873,"Tram de_( SIN NOMBRE )"
60874,"Tram de_( SIN NOMBRE )"
60878,"RIERA DEL TINAR"
60879,"Tram de_( RIERA DEL TINAR )"
60880,"Tram de_( RIERA DEL TINAR )"
60881,"RIERA DELS MOLINS"
60883,"Tram de_( RIERA DELS MOLINS )"
60884,"Tram de_( RIERA DELS MOLINS )"
60885,"Tram de_( SIN NOMBRE )"
60887,"RIERA D'EN ROTLLAN"
60888,"Tram de_( RIERA D'EN ROTLLAN )"
60889,"TORRENT DEL COMAL"
60890,"Tram de_( TORRENT DEL COMAL )"
60893,"RIERA DE MAS RIERA"
60894,"Tram de_( RIERA DE MAS RIERA )"
60895,"Tram de_( RIERA DE MAS RIERA )"
60896,"RIERA DE MAS CASES"
60897,"Tram de_( RIERA DE MAS CASES )"
60898,"Tram de_( RIERA DE MAS CASES )"
60899,"Tram de_( SIN NOMBRE )"
60900,"Tram de_( RIERA DE MAS CASES )"
60901,"Tram de_( RIERA DE MAS CASES )"
60902,"Tram de_( RIERA DE MAS CASES )"
60903,"Tram de_( RIERA DE MAS CASES )"
60907,"RIERA D MAS BLANQUET"
60910,"Tram de_( RIERA D MAS BLANQUET )"
60911,"Tram de_( SIN NOMBRE )"
60912,"Tram de_( RIERA D MAS BLANQUET )"
60915,"RIERA D'AUBI"
60916,"RIERA DE BELL-LLOC"
60917,"Tram de_( RIERA DE BELL-LLOC )"
60919,"RIERA DE VALL-LLOBREGA"
60920,"Tram de_( RIERA DE VALL-LLOBREGA )"
60921,"Tram de_( RIERA DE VALL-LLOBREGA )"
60922,"Tram de_( RIERA DE VALL-LLOBREGA )"
60923,"Tram de_( RIERA D'AUBI )"
60924,"RIERA D'AUBI"
60925,"Tram de_( RIERA D'AUBI )"
60927,"RIERA DE MAS BURJACS"
60928,"Tram de_( RIERA DE MAS BURJACS )"
60929,"Tram de_( RIERA DE MAS BURJACS )"
60931,"Tram de_( RIERA D'AUBI )"
60932,"Tram de_( RIERA D'AUBI )"
60933,"Tram de_( SIN NOMBRE )"
60934,"RIERA DE MAS BATLLIA"
60935,"Tram de_( RIERA DE MAS BATLLIA )"
60936,"Tram de_( RIERA DE MAS BATLLIA )"
60941,"Tram de_( SIN NOMBRE )"
60942,"RIU DARO"
60943,"RIERA GROSSA"
60944,"RIERA PETITA"
60946,"Tram de_( RIERA PETITA )"
60947,"RIERA DE TORRENT"
60948,"RIERA BONIDA"
60949,"Tram de_( RIERA BONIDA )"
60951,"Tram de_( RIERA DE TORRENT )"
60952,"Tram de_( RIERA DE TORRENT )"
60953,"RIERA D'ESCLANYA"
60954,"RIERA DE SALTSESEUGUES"
60955,"Tram de_( RIERA DE SALTSESEUGUES )"
60956,"RIERA DE LES BRUGUERES"
60957,"Tram de_( RIERA DE LES BRUGUERES )"
60958,"Tram de_( RIERA DE LES BRUGUERES )"
60959,"Tram de_( RIERA D'ESCLANYA )"
60960,"Tram de_( RIERA GROSSA )"
60961,"Tram de_( RIERA GROSSA )"
60962,"Tram de_( SIN NOMBRE )"
60963,"Tram de_( RIERA GROSSA )"
60964,"Tram de_( SIN NOMBRE )"
60965,"Tram de_( RIERA GROSSA )"
60967,"RIERA DE PERATALLADA"
60968,"RIERA DEL PLA O RIERA VELLA"
60969,"Tram de_( RIERA DEL PLA O RIERA VELLA )"
60970,"Tram de_( RIERA DE PERATALLADA )"
60971,"RIERA D'EN TORRO"
60972,"RIERA D'EN SERRA"
60973,"Tram de_( RIERA D'EN SERRA )"
60974,"Tram de_( RIERA D'EN TORRO )"
60975,"Tram de_( RIERA D'EN TORRO )"
60976,"RIERA D'EN VIDAL"
60977,"Tram de_( RIERA D'EN VIDAL )"
60980,"RIERA DE L'ESQUERRANA O MOLI D'EN CAIXA"
60984,"RIERA D'EN LLISQUET"
60986,"Tram de_( RIERA D'EN LLISQUET )"
60987,"Tram de_( RIERA DE L'ESQUERRANA O MOLI D'EN CAIXA )"
60991,"RIERA RISSEC"
60992,"RIERA RODONELL"
60993,"Tram de_( RIERA RODONELL )"
60996,"Tram de_( RIERA RISSEC )"
60997,"TORRENT DE LA CANAL"
60998,"Tram de_( TORRENT DE LA CANAL )"
60999,"Tram de_( TORRENT DE LA CANAL )"
61000,"Tram de_( SIN NOMBRE )"
61001,"Tram de_( SIN NOMBRE )"
61002,"TORRENT DE LES OLLES"
61003,"Tram de_( TORRENT DE LES OLLES )"
61004,"TORRENT DE SANT PERE"
61005,"Tram de_( TORRENT DE SANT PERE )"
61006,"Tram de_( RIERA RISSEC )"
61008,"Tram de_( RIERA RISSEC )"
61009,"Tram de_( RIERA RISSEC )"
61010,"Tram de_( RIERA RISSEC )"
61011,"Tram de_( RIERA RISSEC )"
61012,"Tram de_( RIERA RISSEC )"
61015,"Tram de_( RIERA RISSEC )"
61018,"Tram de_( RIERA RISSEC )"
61022,"Tram de_( RIU DARO )"
61023,"RIERA DEL VILAR"
61024,"Tram de_( RIERA DEL VILAR )"
61025,"Tram de_( RIERA DEL VILAR )"
61026,"RIERA DE LA MARQUESA"
61027,"Tram de_( RIERA DE LA MARQUESA )"
61028,"Tram de_( RIERA DE LA MARQUESA )"
61031,"RIERA D'EN PLAJA"
61032,"Tram de_( RIERA D'EN PLAJA )"
61033,"Tram de_( RIERA D'EN PLAJA )"
61034,"RIERA DE XARTELL"
61035,"Tram de_( RIERA DE XARTELL )"
61036,"Tram de_( RIERA DEL VILAR )"
61037,"Tram de_( SIN NOMBRE )"
61038,"Tram de_( RIERA DEL VILAR )"
61039,"TORRENT CAN BANCELLES"
61040,"TORRENT FORN DEL VIDRE"
61041,"Tram de_( TORRENT FORN DEL VIDRE )"
61042,"Tram de_( TORRENT CAN BANCELLES )"
61044,"Tram de_( RIERA DEL VILAR )"
61045,"Tram de_( RIERA DEL VILAR )"
61047,"Tram de_( RIU DARO )"
61048,"Tram de_( RIU DARO )"
61049,"RIERA DE PASTELLS"
61050,"Tram de_( RIERA DE PASTELLS )"
61052,"Tram de_( RIERA DE PASTELLS )"
61053,"RIERA DE MOLINES"
61054,"Tram de_( RIERA DE MOLINES )"
61055,"Tram de_( RIERA DE PASTELLS )"
61056,"Tram de_( RIERA DE PASTELLS )"
61057,"Tram de_( RIERA DE PASTELLS )"
61058,"Tram de_( RIU DARO )"
61059,"Tram de_( RIU DARO )"
61060,"RIERA DE CANTAGALLS"
61061,"Tram de_( RIERA DE CANTAGALLS )"
61062,"Tram de_( SIN NOMBRE )"
61063,"Tram de_( SIN NOMBRE )"
61064,"Tram de_( RIU DARO )"
61065,"Tram de_( RIU DARO )"
61066,"TORRENT DE MOROLLES"
61067,"Tram de_( TORRENT DE MOROLLES )"
61069,"Tram de_( RIU DARO )"
61070,"Tram de_( RIU DARO )"
61071,"RIERA DE CAN VILADEMARC"
61072,"Tram de_( RIERA DE CAN VILADEMARC )"
61073,"Tram de_( RIERA DE CAN VILADEMARC )"
61074,"RIERA BOSCANAL"
61075,"Tram de_( RIERA BOSCANAL )"
61076,"Tram de_( SIN NOMBRE )"
61077,"Tram de_( RIERA BOSCANAL )"
61078,"Tram de_( RIERA BOSCANAL )"
61079,"Tram de_( RIU DARO )"
61080,"Tram de_( RIU DARO )"
61081,"RIERA DE SANTA AGATA"
61082,"Tram de_( RIERA DE SANTA AGATA )"
61083,"RIU RILORT"
61084,"Tram de_( RIU RILORT )"
61085,"Tram de_( RIU DARO )"
61086,"Tram de_( RIU DARO )"
61087,"Tram de_( RIU DARO )"
61088,"Tram de_( SIN NOMBRE )"
61089,"Tram de_( RIU DARO )"
61090,"Tram de_( RIU DARO )"
61091,"RIU TER"
61092,"Tram de_( RIU TER )"
61094,"REC MADRAL"
61095,"Tram de_( REC MADRAL )"
61096,"Tram de_( REC MADRAL )"
61099,"RIERA DE VALL"
61100,"Tram de_( RIERA DE VALL )"
61102,"TORRENT DE VILOPRIU"
61105,"Tram de_( TORRENT DE VILOPRIU )"
61106,"RIERA DE RAMEMA"
61109,"Tram de_( RIERA DE RAMEMA )"
61110,"RIERA DE LLAMPAIES"
61111,"Tram de_( RIERA DE LLAMPAIES )"
61113,"Tram de_( RIU TER )"
61114,"Tram de_( RIU TER )"
61115,"RIERA DE RIFOS"
61117,"Tram de_( RIERA DE RIFOS )"
61118,"RIERA DE PUHOL"
61119,"Tram de_( RIERA DE PUHOL )"
61120,"Tram de_( RIERA DE PUHOL )"
61121,"Tram de_( SIN NOMBRE )"
61122,"Tram de_( RIERA DE RIFOS )"
61123,"Tram de_( RIERA DE RIFOS )"
61124,"RIERA DE PEDRINYA"
61125,"Tram de_( RIERA DE PEDRINYA )"
61126,"REC DE CINYANA"
61127,"Tram de_( REC DE CINYANA )"
61128,"Tram de_( REC DE CINYANA )"
61130,"Tram de_( REC DE CINYANA )"
61132,"Tram de_( REC DE CINYANA )"
61136,"Tram de_( REC DE CINYANA )"
61137,"Tram de_( REC DE CINYANA )"
61138,"Tram de_( REC DE CINYANA )"
61139,"Tram de_( REC DE CINYANA )"
61140,"Tram de_( REC DE CINYANA )"
61144,"Tram de_( RIU TER )"
61146,"RIERA DE PALAGRET"
61149,"TORRENT DE VALLBOC"
61151,"Tram de_( TORRENT DE VALLBOC )"
61153,"Tram de_( RIERA DE PALAGRET )"
61155,"Tram de_( RIERA DE PALAGRET )"
61156,"Tram de_( RIERA DE PALAGRET )"
61157,"Tram de_( RIERA DE PALAGRET )"
61158,"RIERA DE VILERS"
61159,"Tram de_( RIERA DE VILERS )"
61160,"Tram de_( RIERA DE VILERS )"
61161,"RIERA DE BEVIA"
61162,"Tram de_( RIERA DE BEVIA )"
61164,"Tram de_( RIERA DE VILERS )"
61171,"REC DE L'EIXART"
61172,"Tram de_( REC DE L'EIXART )"
61173,"Tram de_( REC DE L'EIXART )"
61175,"RIERA DE LA FARGA"
61177,"Tram de_( RIERA DE LA FARGA )"
61179,"Tram de_( RIERA DE LA FARGA )"
61180,"TORRENT DE VILAFRESER"
61181,"Tram de_( TORRENT DE VILAFRESER )"
61182,"Tram de_( RIERA DE LA FARGA )"
61183,"Tram de_( RIERA DE LA FARGA )"
61187,"TORRENT DE LA FERRIOLA"
61188,"Tram de_( TORRENT DE LA FERRIOLA )"
61190,"Tram de_( RIERA DE LA FARGA )"
61191,"Tram de_( RIERA DE LA FARGA )"
61192,"Tram de_( RIERA DE LA FARGA )"
61193,"RIU TERRI"
61194,"TORRENT DE RIUDELLOTS"
61195,"Tram de_( TORRENT DE RIUDELLOTS )"
61196,"TORRENT DE MARMANYA"
61197,"Tram de_( TORRENT DE MARMANYA )"
61199,"Tram de_( RIU TERRI )"
61200,"Tram de_( RIU TERRI )"
61201,"Tram de_( RIU TERRI )"
61203,"RIU REVARDIT"
61204,"Tram de_( RIU REVARDIT )"
61205,"Tram de_( RIU REVARDIT )"
61206,"Tram de_( RIU REVARDIT )"
61207,"Tram de_( RIU REVARDIT )"
61208,"Tram de_( RIU REVARDIT )"
61209,"Tram de_( RIU REVARDIT )"
61210,"Tram de_( RIU REVARDIT )"
61211,"Tram de_( RIU REVARDIT )"
61212,"TORRENT COMANELL"
61213,"Tram de_( TORRENT COMANELL )"
61214,"RIU GARRUMBERT"
61215,"Tram de_( RIU GARRUMBERT )"
61219,"RIU REMENÇA"
61220,"Tram de_( RIU REMENÇA )"
61225,"RIU MATAMORS"
61227,"Tram de_( RIU MATAMORS )"
61228,"Tram de_( RIU MATAMORS )"
61229,"RIERA DEL VILAR"
61232,"REC DE LA FONT PUDOSA"
61233,"Tram de_( REC DE LA FONT PUDOSA )"
61234,"Tram de_( REC DE LA FONT PUDOSA )"
61235,"Tram de_( RIERA DEL VILAR )"
61236,"TORRENT VERMELL"
61237,"Tram de_( TORRENT VERMELL )"
61238,"Tram de_( RIU TER )"
61239,"TORRENT DE CAN VILAR"
61240,"Tram de_( TORRENT DE CAN VILAR )"
61241,"Tram de_( RIU TER )"
61242,"RIERA DE LA GARRIGA"
61244,"Tram de_( RIERA DE LA GARRIGA )"
61245,"Tram de_( RIU TER )"
61250,"TORRENT DE SARRIA"
61251,"Tram de_( TORRENT DE SARRIA )"
61252,"Tram de_( TORRENT DE SARRIA )"
61253,"TORRENT DE RIUDELLEQUES"
61254,"Tram de_( TORRENT DE RIUDELLEQUES )"
61255,"TORRENT DE CAN COMES"
61256,"Tram de_( TORRENT DE CAN COMES )"
61257,"RIEROL DE RIMAU"
61258,"Tram de_( RIEROL DE RIMAU )"
61259,"Tram de_( RIEROL DE RIMAU )"
61260,"Tram de_( TORRENT DE RIUDELLEQUES )"
61261,"RIU ONYAR"
61262,"RIU GALLIGANTS"
61263,"Tram de_( RIU GALLIGANTS )"
61264,"RIERA DE SANT MIQUEL"
61266,"Tram de_( RIERA DE SANT MIQUEL )"
61267,"Tram de_( RIU GALLIGANTS )"
61268,"Tram de_( RIU GALLIGANTS )"
61269,"Tram de_( RIU ONYAR )"
61271,"Tram de_( RIU ONYAR )"
61272,"RIERAT"
61273,"Tram de_( RIERAT )"
61274,"Tram de_( RIU ONYAR )"
61275,"RIERA DEL CEIRE"
61276,"Tram de_( RIERA DEL CEIRE )"
61277,"Tram de_( RIERA DEL CEIRE )"
61278,"Tram de_( RIERA DEL CEIRE )"
61279,"Tram de_( SIN NOMBRE )"
61280,"Tram de_( RIERA DEL CEIRE )"
61281,"Tram de_( SIN NOMBRE )"
61282,"Tram de_( SIN NOMBRE )"
61283,"Tram de_( RIERA DEL CEIRE )"
61284,"Tram de_( RIERA DEL CEIRE )"
61285,"Tram de_( RIERA DEL CEIRE )"
61286,"Tram de_( SIN NOMBRE )"
61287,"Tram de_( RIU ONYAR )"
61288,"Tram de_( RIU ONYAR )"
61290,"Tram de_( RIU ONYAR )"
61291,"RIERA DEL CORB"
61293,"RIERA DE BUGANTO"
61294,"TORRENT DE LA RABASSA"
61295,"Tram de_( TORRENT DE LA RABASSA )"
61296,"Tram de_( RIERA DE BUGANTO )"
61298,"RIERA DE PERE VILA"
61299,"Tram de_( RIERA DE PERE VILA )"
61300,"Tram de_( SIN NOMBRE )"
61301,"Tram de_( RIERA DE BUGANTO )"
61302,"RIERA DE CAL NINO"
61303,"Tram de_( RIERA DE CAL NINO )"
61304,"Tram de_( SIN NOMBRE )"
61305,"Tram de_( RIERA DE CAL NINO )"
61306,"Tram de_( RIERA DE BUGANTO )"
61307,"Tram de_( SIN NOMBRE )"
61308,"Tram de_( RIERA DE BUGANTO )"
61309,"RIU BUGANTO"
61310,"Tram de_( RIU BUGANTO )"
61311,"Tram de_( RIERA DEL CORB )"
61312,"Tram de_( RIERA DEL CORB )"
61313,"Tram de_( RIERA DEL CORB )"
61314,"Tram de_( RIERA DEL CORB )"
61316,"Tram de_( RIU ONYAR )"
61317,"Tram de_( RIU ONYAR )"
61318,"RIERA DE GOTARRA"
61320,"RIERA DE BENAULA"
61321,"BARRANC DE CAN SOLA"
61322,"Tram de_( BARRANC DE CAN SOLA )"
61323,"BARRANC DE CAN BOIX"
61324,"Tram de_( BARRANC DE CAN BOIX )"
61326,"Tram de_( RIERA DE BENAULA )"
61327,"Tram de_( RIERA DE BENAULA )"
61328,"Tram de_( RIERA DE BENAULA )"
61331,"TORRENT DE CAN VIDAL"
61332,"Tram de_( TORRENT DE CAN VIDAL )"
61333,"Tram de_( SIN NOMBRE )"
61334,"Tram de_( SIN NOMBRE )"
61335,"Tram de_( TORRENT DE CAN VIDAL )"
61336,"Tram de_( RIERA DE BENAULA )"
61337,"Tram de_( RIERA DE BENAULA )"
61343,"RIERA VERNEDA"
61345,"Tram de_( RIERA VERNEDA )"
61348,"RIERA D'EN MERCADER"
61349,"Tram de_( RIERA D'EN MERCADER )"
61350,"RIERA VILALLONGA"
61351,"Tram de_( RIERA VILALLONGA )"
61352,"Tram de_( RIERA VILALLONGA )"
61353,"Tram de_( SIN NOMBRE )"
61354,"Tram de_( SIN NOMBRE )"
61355,"Tram de_( RIERA VERNEDA )"
61356,"Tram de_( RIERA VERNEDA )"
61357,"Tram de_( RIERA VERNEDA )"
61358,"Tram de_( RIERA VERNEDA )"
61359,"Tram de_( RIERA VERNEDA )"
61360,"Tram de_( RIERA VERNEDA )"
61361,"Tram de_( RIERA VERNEDA )"
61364,"RIERA DE BANYALOQUES"
61365,"Tram de_( RIERA DE BANYALOQUES )"
61366,"RIERA DE RESCLOSA"
61367,"Tram de_( RIERA DE RESCLOSA )"
61368,"Tram de_( RIERA DE RESCLOSA )"
61369,"Tram de_( SIN NOMBRE )"
61370,"Tram de_( SIN NOMBRE )"
61372,"Tram de_( RIERA DE GOTARRA )"
61374,"Tram de_( RIERA DE GOTARRA )"
61375,"Tram de_( SIN NOMBRE )"
61376,"Tram de_( RIERA DE GOTARRA )"
61378,"TORRENT DEL GATOSAR"
61379,"Tram de_( TORRENT DEL GATOSAR )"
61380,"TORRENT DE L'ALZINAR"
61381,"Tram de_( TORRENT DE L'ALZINAR )"
61382,"RIERA DE SANT LLORENÇ"
61383,"Tram de_( RIERA DE SANT LLORENÇ )"
61385,"RIERA DE RIUDEVILA"
61386,"Tram de_( RIERA DE RIUDEVILA )"
61388,"RIU DE BAGASTRA"
61389,"Tram de_( RIU DE BAGASTRA )"
61390,"Tram de_( SIN NOMBRE )"
61391,"Tram de_( RIU DE BAGASTRA )"
61392,"Tram de_( RIU DE BAGASTRA )"
61393,"TORRENT DE CAN TARINET"
61395,"Tram de_( TORRENT DE CAN TARINET )"
61397,"RIERA DE GREVALOSA"
61398,"Tram de_( RIERA DE GREVALOSA )"
61399,"Tram de_( RIERA DE GREVALOSA )"
61400,"Tram de_( RIU ONYAR )"
61404,"Tram de_( RIU ONYAR )"
61405,"RIERA DE SANT MARTI"
61406,"Tram de_( RIERA DE SANT MARTI )"
61407,"TORRENT DE CAN PLA"
61408,"Tram de_( TORRENT DE CAN PLA )"
61410,"SOT DE CAL XACA"
61412,"Tram de_( SOT DE CAL XACA )"
61413,"Tram de_( SIN NOMBRE )"
61415,"BARRANC DE RIEROLA"
61416,"Tram de_( BARRANC DE RIEROLA )"
61417,"Tram de_( RIERA DE SANT MARTI )"
61418,"Tram de_( RIU ONYAR )"
61419,"Tram de_( SIN NOMBRE )"
61420,"Tram de_( RIU ONYAR )"
61421,"TORRENT DE SANT MARTI"
61422,"Tram de_( TORRENT DE SANT MARTI )"
61423,"RIU ONYAR"
61424,"Tram de_( RIU ONYAR )"
61425,"Tram de_( SIN NOMBRE )"
61426,"Tram de_( RIU ONYAR )"
61427,"Tram de_( TORRENT DE SANT MARTI )"
61429,"Tram de_( TORRENT DE SANT MARTI )"
61430,"Tram de_( SIN NOMBRE )"
61434,"RIERA DE MASROCS"
61435,"Tram de_( RIERA DE MASROCS )"
61438,"Tram de_( RIERA DE MASROCS )"
61439,"Tram de_( RIERA DE MASROCS )"
61440,"Tram de_( SIN NOMBRE )"
61441,"Tram de_( RIERA DE MASROCS )"
61442,"Tram de_( RIERA DE MASROCS )"
61443,"Tram de_( RIERA DE MASROCS )"
61444,"Tram de_( RIERA DE MASROCS )"
61448,"TORRENT DE GARREP"
61449,"Tram de_( TORRENT DE GARREP )"
61452,"Tram de_( TORRENT DE GARREP )"
61453,"Tram de_( TORRENT DE GARREP )"
61454,"Tram de_( TORRENT DE GARREP )"
61455,"Tram de_( TORRENT DE GARREP )"
61456,"RIERA DE LLEMENA"
61458,"Tram de_( RIERA DE LLEMENA )"
61459,"Tram de_( RIERA DE LLEMENA )"
61460,"Tram de_( RIERA DE LLEMENA )"
61461,"Tram de_( RIERA DE LLEMENA )"
61462,"Tram de_( RIERA DE LLEMENA )"
61463,"Tram de_( RIERA DE LLEMENA )"
61464,"Tram de_( RIERA DE LLEMENA )"
61467,"Tram de_( RIERA DE LLEMENA )"
61468,"Tram de_( RIERA DE LLEMENA )"
61469,"RIERA DE ROCACORBA O DE CANET"
61471,"RIU RISSEC"
61472,"Tram de_( RIU RISSEC )"
61473,"Tram de_( RIU RISSEC )"
61476,"Tram de_( RIERA DE ROCACORBA O DE CANET )"
61477,"Tram de_( RIERA DE ROCACORBA O DE CANET )"
61478,"Tram de_( RIERA DE ROCACORBA O DE CANET )"
61479,"Tram de_( RIERA DE ROCACORBA O DE CANET )"
61480,"Tram de_( RIERA DE LLEMENA )"
61481,"Tram de_( RIERA DE LLEMENA )"
61482,"Tram de_( RIERA DE LLEMENA )"
61483,"Tram de_( RIERA DE LLEMENA )"
61484,"Tram de_( RIERA DE LLEMENA )"
61485,"Tram de_( RIERA DE LLEMENA )"
61486,"Tram de_( RIERA DE LLEMENA )"
61487,"Tram de_( RIERA DE LLEMENA )"
61489,"Tram de_( RIERA DE LLEMENA )"
61490,"Tram de_( RIERA DE LLEMENA )"
61491,"Tram de_( RIERA DE LLEMENA )"
61492,"RIERA DE LES BASSES"
61493,"Tram de_( RIERA DE LES BASSES )"
61494,"Tram de_( RIERA DE LES BASSES )"
61495,"Tram de_( RIERA DE LES BASSES )"
61496,"Tram de_( RIERA DE LES BASSES )"
61497,"RIERA DE GRANOLLERS"
61498,"Tram de_( RIERA DE GRANOLLERS )"
61500,"Tram de_( RIERA DE GRANOLLERS )"
61501,"Tram de_( RIERA DE GRANOLLERS )"
61502,"Tram de_( RIERA DE GRANOLLERS )"
61505,"TORRENT DE BELLMIRALL"
61506,"Tram de_( TORRENT DE BELLMIRALL )"
61507,"Tram de_( RIERA DE LLEMENA )"
61508,"Tram de_( RIERA DE LLEMENA )"
61510,"Tram de_( RIERA DE LLEMENA )"
61512,"TORRENT DE CA N'ESTEVE"
61513,"Tram de_( TORRENT DE CA N'ESTEVE )"
61514,"Tram de_( RIERA DE LLEMENA )"
61515,"TORRENT DELS BULLIDORS"
61516,"Tram de_( TORRENT DELS BULLIDORS )"
61517,"Tram de_( RIERA DE LLEMENA )"
61519,"TORRENT MAL"
61520,"TORRENT DELS AGUSTINS"
61521,"Tram de_( TORRENT DELS AGUSTINS )"
61522,"Tram de_( TORRENT MAL )"
61525,"Tram de_( RIERA DE LLEMENA )"
61526,"Tram de_( RIERA DE LLEMENA )"
61527,"Tram de_( RIERA DE LLEMENA )"
61528,"Tram de_( RIERA DE LLEMENA )"
61530,"Tram de_( RIERA DE LLEMENA )"
61532,"Tram de_( RIERA DE LLEMENA )"
61533,"RIERA D'EN MUÇ"
61534,"Tram de_( RIERA D'EN MUÇ )"
61536,"Tram de_( RIU TER )"
61537,"Tram de_( SIN NOMBRE )"
61538,"TORRENT DE LA VILAPLANA"
61539,"Tram de_( TORRENT DE LA VILAPLANA )"
61540,"Tram de_( SIN NOMBRE )"
61541,"TORRENT DE MAS RIBES"
61542,"Tram de_( TORRENT DE MAS RIBES )"
61543,"Tram de_( TORRENT DE MAS RIBES )"
61544,"Tram de_( RIU TER )"
61545,"Tram de_( RIU TER )"
61546,"TORRENT DE CAN BORA"
61547,"Tram de_( TORRENT DE CAN BORA )"
61548,"TORRENT DEL BAC"
61549,"Tram de_( TORRENT DEL BAC )"
61550,"Tram de_( TORRENT DEL BAC )"
61551,"Tram de_( TORRENT DEL BAC )"
61552,"Tram de_( TORRENT DE CAN BORA )"
61553,"TORRENT DE CAN COMTE"
61554,"Tram de_( TORRENT DE CAN COMTE )"
61556,"TORRENT D'EN RIBERA"
61557,"Tram de_( TORRENT D'EN RIBERA )"
61558,"Tram de_( SIN NOMBRE )"
61559,"Tram de_( SIN NOMBRE )"
61560,"RIERA DE SANT CLIMENT"
61561,"TORRENT DE LA FONT DEL MANY"
61562,"Tram de_( TORRENT DE LA FONT DEL MANY )"
61563,"Tram de_( TORRENT DE LA FONT DEL MANY )"
61565,"Tram de_( RIERA DE SANT CLIMENT )"
61566,"Tram de_( RIERA DE SANT CLIMENT )"
61567,"Tram de_( RIERA DE SANT CLIMENT )"
61568,"Tram de_( RIERA DE SANT CLIMENT )"
61570,"TORRENT DE LA CANOVA"
61571,"Tram de_( TORRENT DE LA CANOVA )"
61572,"Tram de_( TORRENT DE LA CANOVA )"
61573,"TORRENT DE BASCARA"
61574,"Tram de_( TORRENT DE BASCARA )"
61575,"Tram de_( TORRENT DE BASCARA )"
61576,"Tram de_( TORRENT DE LA CANOVA )"
61577,"Tram de_( RIU TER )"
61578,"RIERA DE SANT PERE"
61579,"Tram de_( RIERA DE SANT PERE )"
61580,"Tram de_( RIERA DE SANT PERE )"
61581,"Tram de_( RIERA DE SANT PERE )"
61582,"Tram de_( RIERA DE SANT PERE )"
61583,"Tram de_( RIERA DE SANT PERE )"
61584,"Tram de_( RIERA DE SANT PERE )"
61585,"Tram de_( RIERA DE SANT PERE )"
61586,"Tram de_( RIU TER )"
61587,"Tram de_( RIU TER )"
61588,"Tram de_( RIU TER )"
61589,"Tram de_( RIU TER )"
61590,"RIERA DE SANT AMANÇ"
61591,"Tram de_( RIERA DE SANT AMANÇ )"
61593,"Tram de_( RIERA DE SANT AMANÇ )"
61594,"Tram de_( RIERA DE SANT AMANÇ )"
61596,"Tram de_( RIERA DE SANT AMANÇ )"
61597,"SOT DE CAN FALGUERA"
61598,"Tram de_( SOT DE CAN FALGUERA )"
61599,"Tram de_( SOT DE CAN FALGUERA )"
61600,"Tram de_( RIU TER )"
61601,"RIERA D'OSOR"
61602,"Tram de_( RIERA D'OSOR )"
61603,"Tram de_( RIERA D'OSOR )"
61604,"Tram de_( RIERA D'OSOR )"
61605,"Tram de_( RIERA D'OSOR )"
61606,"Tram de_( SIN NOMBRE )"
61607,"SOT DE LA GREVOLOSA"
61608,"Tram de_( SOT DE LA GREVOLOSA )"
61609,"Tram de_( SOT DE LA GREVOLOSA )"
61610,"Tram de_( SIN NOMBRE )"
61611,"Tram de_( SIN NOMBRE )"
61612,"Tram de_( SIN NOMBRE )"
61613,"Tram de_( SIN NOMBRE )"
61614,"Tram de_( RIERA D'OSOR )"
61615,"Tram de_( RIERA D'OSOR )"
61618,"SOT D'AIGUASFREDA"
61619,"Tram de_( SOT D'AIGUASFREDA )"
61620,"Tram de_( SOT D'AIGUASFREDA )"
61621,"Tram de_( RIERA D'OSOR )"
61623,"SOT DE LA NOGUEROLA"
61625,"Tram de_( SOT DE LA NOGUEROLA )"
61626,"Tram de_( SOT DE LA NOGUEROLA )"
61627,"Tram de_( SOT DE LA NOGUEROLA )"
61628,"Tram de_( SOT DE LA NOGUEROLA )"
61630,"Tram de_( RIERA D'OSOR )"
61633,"Tram de_( RIERA D'OSOR )"
61634,"Tram de_( RIERA D'OSOR )"
61635,"Tram de_( RIERA D'OSOR )"
61636,"Tram de_( RIERA D'OSOR )"
61637,"Tram de_( RIERA D'OSOR )"
61638,"Tram de_( RIERA D'OSOR )"
61639,"Tram de_( RIERA D'OSOR )"
61640,"RIERA DE MAS CLAVER"
61641,"Tram de_( RIERA DE MAS CLAVER )"
61642,"Tram de_( RIERA D'OSOR )"
61643,"Tram de_( RIERA D'OSOR )"
61644,"Tram de_( RIERA D'OSOR )"
61645,"TORRENT DE LA FONT DEL GAVATX"
61646,"Tram de_( TORRENT DE LA FONT DEL GAVATX )"
61647,"Tram de_( TORRENT DE LA FONT DEL GAVATX )"
61648,"Tram de_( TORRENT DE LA FONT DEL GAVATX )"
61649,"Tram de_( TORRENT DE LA FONT DEL GAVATX )"
61650,"Tram de_( TORRENT DE LA FONT DEL GAVATX )"
61651,"Tram de_( RIERA D'OSOR )"
61652,"Tram de_( RIERA D'OSOR )"
61654,"RIERA GRANDE"
61656,"SOT DE LA BARRACA"
61657,"Tram de_( SOT DE LA BARRACA )"
61658,"Tram de_( RIERA GRANDE )"
61659,"RIERA DEL MOLI ROQUER"
61660,"BARRANC DEL SALT DEL BOU"
61661,"Tram de_( BARRANC DEL SALT DEL BOU )"
61662,"Tram de_( RIERA DEL MOLI ROQUER )"
61663,"RIERA DE LA CAU"
61664,"Tram de_( RIERA DE LA CAU )"
61665,"TORRENT DE LA MUNTANYA"
61666,"Tram de_( TORRENT DE LA MUNTANYA )"
61667,"RIERA DE FONT PICANT"
61668,"Tram de_( RIERA DE FONT PICANT )"
61669,"Tram de_( RIERA DE FONT PICANT )"
61670,"RIERA DE LA FONT VELLA"
61671,"Tram de_( RIERA DE FONT PICANT )"
61673,"Tram de_( RIU TER )"
61674,"TORRENT DE SALES"
61675,"Tram de_( TORRENT DE SALES )"
61676,"Tram de_( RIU TER )"
61677,"Tram de_( RIU TER )"
61678,"TORRENT DE RAJOLET"
61679,"Tram de_( TORRENT DE RAJOLET )"
61680,"Tram de_( TORRENT DE RAJOLET )"
61681,"RIU BRUGUENT"
61682,"Tram de_( RIU BRUGUENT )"
61683,"Tram de_( RIU BRUGUENT )"
61684,"Tram de_( RIU BRUGUENT )"
61685,"TORRENT DE ROCA-SALVA"
61686,"Tram de_( TORRENT DE ROCA-SALVA )"
61687,"Tram de_( TORRENT DE ROCA-SALVA )"
61689,"Tram de_( RIU BRUGUENT )"
61691,"Tram de_( RIU BRUGUENT )"
61692,"Tram de_( RIU BRUGUENT )"
61693,"Tram de_( RIU BRUGUENT )"
61694,"Tram de_( RIU BRUGUENT )"
61696,"Tram de_( RIU BRUGUENT )"
61697,"Tram de_( SIN NOMBRE )"
61701,"Tram de_( RIU BRUGUENT )"
61703,"TORRENT DEL SIUBES"
61705,"Tram de_( TORRENT DEL SIUBES )"
61710,"Tram de_( RIU BRUGUENT )"
61711,"Tram de_( RIU BRUGUENT )"
61712,"TORRENT DE FONT-ROJA"
61713,"Tram de_( TORRENT DE FONT-ROJA )"
61716,"TORRENT DE LLAMECA"
61717,"Tram de_( TORRENT DE LLAMECA )"
61718,"RIERA DE COGOLLS"
61720,"TORRENT DE COGOLLS"
61721,"Tram de_( TORRENT DE COGOLLS )"
61722,"Tram de_( TORRENT DE COGOLLS )"
61725,"Tram de_( RIERA DE COGOLLS )"
61726,"Tram de_( RIERA DE COGOLLS )"
61727,"Tram de_( RIERA DE COGOLLS )"
61728,"Tram de_( RIERA DE COGOLLS )"
61729,"Tram de_( RIERA DE COGOLLS )"
61730,"TORRENT DE LA VILA"
61731,"Tram de_( TORRENT DE LA VILA )"
61733,"Tram de_( RIU BRUGUENT )"
61734,"Tram de_( RIU BRUGUENT )"
61735,"Tram de_( RIU BRUGUENT )"
61736,"REC DE ROCALBA"
61737,"Tram de_( REC DE ROCALBA )"
61738,"TORRENT DEL BASTONS"
61740,"Tram de_( TORRENT DEL BASTONS )"
61741,"Tram de_( TORRENT DEL BASTONS )"
61742,"Tram de_( TORRENT DEL BASTONS )"
61745,"Tram de_( TORRENT DEL BASTONS )"
61746,"RIERA DE LA FABREGA"
61747,"Tram de_( RIERA DE LA FABREGA )"
61748,"Tram de_( RIU BRUGUENT )"
61749,"Tram de_( RIU BRUGUENT )"
61750,"Tram de_( RIU BRUGUENT )"
61753,"RIERA DE SANT ISCLE"
61757,"Tram de_( RIERA DE SANT ISCLE )"
61760,"Tram de_( RIERA DE SANT ISCLE )"
61764,"Tram de_( RIU TER )"
61765,"TORRENT DEL GORNERS"
61766,"Tram de_( TORRENT DEL GORNERS )"
61767,"Tram de_( TORRENT DEL GORNERS )"
61770,"Tram de_( RIU TER )"
61771,"SOT DE LA TRIOLA"
61772,"Tram de_( SOT DE LA TRIOLA )"
61773,"Tram de_( RIU TER )"
61774,"Tram de_( RIU TER )"
61775,"Tram de_( RIU TER )"
61778,"Tram de_( RIU TER )"
61780,"SOT DE L'ENCONTORN"
61781,"Tram de_( SOT DE L'ENCONTORN )"
61782,"TORRENT DE SANT MARTI"
61783,"Tram de_( TORRENT DE SANT MARTI )"
61784,"Tram de_( TORRENT DE SANT MARTI )"
61785,"RIERA DE L'OM"
61786,"Tram de_( RIERA DE L'OM )"
61787,"Tram de_( RIERA DE L'OM )"
61788,"Tram de_( RIERA DE L'OM )"
61789,"Tram de_( RIERA DE L'OM )"
61790,"Tram de_( RIERA DE L'OM )"
61791,"Tram de_( RIERA DE L'OM )"
61796,"TORRENT DE LA LLUCA"
61798,"TORRENT MAL"
61799,"Tram de_( TORRENT MAL )"
61802,"TORRENT DE PINOS"
61803,"Tram de_( TORRENT DE PINOS )"
61804,"TORRENT DE LES VILES"
61805,"Tram de_( TORRENT DE LES VILES )"
61806,"Tram de_( TORRENT DE LES VILES )"
61807,"TORRENT DEL COLLELL"
61809,"TORRENT DE LA SERRA"
61810,"Tram de_( TORRENT DE LA SERRA )"
61811,"TORRENT DE L'ALOU"
61812,"Tram de_( TORRENT DE L'ALOU )"
61813,"Tram de_( TORRENT DEL COLLELL )"
61814,"Tram de_( TORRENT DE LA LLUCA )"
61815,"Tram de_( TORRENT DE LA LLUCA )"
61816,"TORRENT DE BENEGRE"
61817,"Tram de_( TORRENT DE BENEGRE )"
61823,"Tram de_( RIU TER )"
61827,"Tram de_( RIU TER )"
61828,"SOT DE SERRALLONGA"
61829,"Tram de_( SOT DE SERRALLONGA )"
61830,"Tram de_( SOT DE SERRALLONGA )"
61831,"Tram de_( RIU TER )"
61832,"Tram de_( RIU TER )"
61833,"RIERA DE QUEROS"
61834,"SOT DE L'ALBADIA"
61835,"Tram de_( SOT DE L'ALBADIA )"
61838,"Tram de_( RIERA DE QUEROS )"
61840,"Tram de_( RIU TER )"
61841,"TORRENT DE LES PIPES"
61843,"Tram de_( TORRENT DE LES PIPES )"
61844,"SOT DEL TEIX"
61845,"Tram de_( SOT DEL TEIX )"
61848,"RIU PREGON"
61850,"TORRENT DE COMA FERRERA"
61851,"Tram de_( TORRENT DE COMA FERRERA )"
61852,"Tram de_( RIU PREGON )"
61853,"Tram de_( RIU PREGON )"
61854,"Tram de_( RIU PREGON )"
61855,"Tram de_( RIU PREGON )"
61856,"TORRENT DE L'AIGUARDENT"
61857,"Tram de_( TORRENT DE L'AIGUARDENT )"
61858,"Tram de_( TORRENT DE L'AIGUARDENT )"
61861,"RIERA MAJOR"
61862,"TORRENT DE SACODINA"
61863,"Tram de_( TORRENT DE SACODINA )"
61864,"Tram de_( TORRENT DE SACODINA )"
61867,"Tram de_( RIERA MAJOR )"
61869,"SOT DELS VIMETERS"
61870,"Tram de_( SOT DELS VIMETERS )"
61872,"RIERA DE CASTANYEDELL"
61873,"Tram de_( RIERA DE CASTANYEDELL )"
61874,"Tram de_( RIERA DE CASTANYEDELL )"
61876,"SOT DE LES BASSES"
61877,"Tram de_( SOT DE LES BASSES )"
61878,"Tram de_( RIERA DE CASTANYEDELL )"
61879,"RIERA DE TORRENTS"
61881,"Tram de_( RIERA DE TORRENTS )"
61882,"Tram de_( RIERA DE TORRENTS )"
61884,"TORRENT DE LA FONT D'EN MARTI"
61886,"Tram de_( TORRENT DE LA FONT D'EN MARTI )"
61888,"Tram de_( RIERA MAJOR )"
61889,"RIERA DE CAN FAIRE"
61890,"Tram de_( RIERA DE CAN FAIRE )"
61892,"Tram de_( RIERA DE CAN FAIRE )"
61893,"TORRENT DE CAN DODES"
61894,"Tram de_( TORRENT DE CAN DODES )"
61900,"Tram de_( TORRENT DE CAN DODES )"
61901,"Tram de_( RIERA MAJOR )"
61905,"RIERA D'ESPINELVES"
61906,"Tram de_( RIERA D'ESPINELVES )"
61907,"Tram de_( RIERA D'ESPINELVES )"
61908,"Tram de_( RIERA D'ESPINELVES )"
61912,"SOT DE CUBELLS"
61913,"Tram de_( SOT DE CUBELLS )"
61914,"Tram de_( RIERA D'ESPINELVES )"
61915,"Tram de_( RIERA D'ESPINELVES )"
61916,"Tram de_( RIERA D'ESPINELVES )"
61917,"SOT DE CAN GALL"
61919,"Tram de_( SOT DE CAN GALL )"
61920,"Tram de_( SOT DE CAN GALL )"
61921,"Tram de_( RIERA MAJOR )"
61922,"TORRENT DE LA VERNEDA"
61923,"Tram de_( TORRENT DE LA VERNEDA )"
61925,"SOT DEL PLA DE BRUGUEROLA"
61926,"Tram de_( SOT DEL PLA DE BRUGUEROLA )"
61927,"RIERA DE LES CORTS"
61928,"Tram de_( RIERA DE LES CORTS )"
61930,"Tram de_( RIERA DE LES CORTS )"
61934,"Tram de_( RIERA MAJOR )"
61935,"Tram de_( RIERA MAJOR )"
61936,"TORRENT DEL VILAR"
61937,"Tram de_( TORRENT DEL VILAR )"
61940,"TORRENT DEL VILAR"
61942,"Tram de_( TORRENT DEL VILAR )"
61943,"Tram de_( TORRENT DEL VILAR )"
61944,"SOT DE SALLENT"
61945,"Tram de_( SOT DE SALLENT )"
61946,"Tram de_( SOT DE SALLENT )"
61947,"Tram de_( SOT DE SALLENT )"
61949,"Tram de_( RIERA MAJOR )"
61952,"TORRENT FONT POMERETA"
61953,"Tram de_( TORRENT FONT POMERETA )"
61959,"Tram de_( RIERA MAJOR )"
61960,"Tram de_( RIERA MAJOR )"
61961,"Tram de_( RIERA MAJOR )"
61962,"Tram de_( RIERA MAJOR )"
61968,"Tram de_( RIU TER )"
61971,"TORRENT DE LES FAGEDES"
61972,"Tram de_( TORRENT DE LES FAGEDES )"
61973,"Tram de_( TORRENT DE LES FAGEDES )"
61974,"TORRENT DELS ROMANINS"
61975,"Tram de_( TORRENT DELS ROMANINS )"
61977,"TORRENT DE LA POLLEDA"
61978,"Tram de_( TORRENT DE LA POLLEDA )"
61979,"Tram de_( TORRENT DE LES FAGEDES )"
61980,"TORRENT SEC"
61981,"Tram de_( TORRENT SEC )"
61983,"Tram de_( RIU TER )"
61984,"Tram de_( RIU TER )"
61985,"Tram de_( RIU TER )"
61989,"TORRENT DE LA FONT DE LA VENA"
61990,"Tram de_( TORRENT DE LA FONT DE LA VENA )"
61996,"TORRENT DE BALA"
61999,"Tram de_( TORRENT DE BALA )"
62001,"Tram de_( RIU TER )"
62002,"Tram de_( RIU TER )"
62003,"Tram de_( RIU TER )"
62004,"TORRENT DE LES CONQUES"
62009,"Tram de_( TORRENT DE LES CONQUES )"
62010,"RIERA DE SANT L'HORTA MARTI"
62012,"RIERA DE LES GORGUES"
62013,"Tram de_( RIERA DE LES GORGUES )"
62015,"Tram de_( RIERA DE LES GORGUES )"
62018,"TORRENT DE LA PARRA"
62019,"Tram de_( TORRENT DE LA PARRA )"
62020,"Tram de_( TORRENT DE LA PARRA )"
62021,"TORRENT DE FILABORRES"
62022,"Tram de_( TORRENT DE FILABORRES )"
62023,"Tram de_( RIERA DE LES GORGUES )"
62024,"TORRENT DE LA ROTLLADA"
62025,"RIERA DE SANT JULIA"
62027,"Tram de_( RIERA DE SANT JULIA )"
62028,"Tram de_( RIERA DE SANT JULIA )"
62029,"Tram de_( TORRENT DE LA ROTLLADA )"
62031,"TORRENT DEL PUIG"
62032,"Tram de_( TORRENT DEL PUIG )"
62034,"Tram de_( TORRENT DEL PUIG )"
62035,"TORRENT DE LA FONT DE L'OM"
62036,"Tram de_( TORRENT DE LA FONT DE L'OM )"
62037,"Tram de_( TORRENT DE LA FONT DE L'OM )"
62038,"Tram de_( RIERA DE SANT L'HORTA MARTI )"
62042,"REC DE LA SALA"
62043,"Tram de_( REC DE LA SALA )"
62047,"TORRENT DE FABREGA"
62048,"Tram de_( TORRENT DE FABREGA )"
62049,"Tram de_( TORRENT DE FABREGA )"
62050,"Tram de_( RIU TER )"
62051,"TORRENT DE L'INFERN"
62052,"Tram de_( TORRENT DE L'INFERN )"
62062,"TORRENT DE LLAFRENCA O DE CASES NOVES"
62063,"Tram de_( TORRENT DE LLAFRENCA O DE CASES NOVES )"
62064,"RIERA DE TAVERNOLES"
62065,"Tram de_( RIERA DE TAVERNOLES )"
62066,"Tram de_( RIERA DE TAVERNOLES )"
62067,"Tram de_( RIERA DE TAVERNOLES )"
62068,"Tram de_( RIU TER )"
62069,"RIU GURRI"
62070,"TORRENT DE FOLGUEROLES"
62071,"Tram de_( TORRENT DE FOLGUEROLES )"
62072,"Tram de_( TORRENT DE FOLGUEROLES )"
62073,"TORRENT DEL CEMENTERI"
62074,"Tram de_( TORRENT DEL CEMENTERI )"
62075,"Tram de_( TORRENT DE FOLGUEROLES )"
62076,"Tram de_( TORRENT DE FOLGUEROLES )"
62077,"REC DE L'AIGUOL"
62078,"Tram de_( REC DE L'AIGUOL )"
62079,"Tram de_( REC DE L'AIGUOL )"
62080,"RIERA DE REMINTOL"
62081,"Tram de_( RIERA DE REMINTOL )"
62086,"Tram de_( RIERA DE REMINTOL )"
62088,"Tram de_( RIERA DE REMINTOL )"
62089,"Tram de_( RIERA DE REMINTOL )"
62093,"Tram de_( RIERA DE REMINTOL )"
62094,"Tram de_( RIERA DE REMINTOL )"
62096,"Tram de_( RIERA DE REMINTOL )"
62097,"Tram de_( RIERA DE REMINTOL )"
62098,"Tram de_( RIU GURRI )"
62099,"TORRENT DE SANT MARTI O RIERA DE SANT JULIA"
62100,"TORRENT DE LA SERRA"
62101,"Tram de_( TORRENT DE LA SERRA )"
62102,"Tram de_( TORRENT DE SANT MARTI O RIERA DE SANT JULIA )"
62104,"Tram de_( TORRENT DE SANT MARTI O RIERA DE SANT JULIA )"
62106,"SOT DELS BALBS"
62107,"Tram de_( SOT DELS BALBS )"
62108,"Tram de_( TORRENT DE SANT MARTI O RIERA DE SANT JULIA )"
62109,"Tram de_( TORRENT DE SANT MARTI O RIERA DE SANT JULIA )"
62110,"REC DE FONTANELLES"
62111,"Tram de_( REC DE FONTANELLES )"
62112,"Tram de_( REC DE FONTANELLES )"
62113,"RIU MEDER"
62114,"Tram de_( RIU MEDER )"
62115,"RIERA DE SANT JOAN DE GALI"
62116,"Tram de_( RIERA DE SANT JOAN DE GALI )"
62117,"Tram de_( RIERA DE SANT JOAN DE GALI )"
62118,"Tram de_( RIERA DE SANT JOAN DE GALI )"
62121,"RIERA DE LA FONT SALADA"
62123,"Tram de_( RIERA DE LA FONT SALADA )"
62135,"RIERA DE MUNTANYOLA"
62142,"Tram de_( RIERA DE MUNTANYOLA )"
62143,"Tram de_( RIERA DE MUNTANYOLA )"
62145,"RIERA DE TARRADELLES"
62147,"Tram de_( RIERA DE TARRADELLES )"
62149,"TORRENT DEL SOLER"
62150,"Tram de_( TORRENT DEL SOLER )"
62153,"Tram de_( RIU MEDER )"
62154,"Tram de_( RIU MEDER )"
62155,"Tram de_( RIU MEDER )"
62156,"Tram de_( RIU MEDER )"
62157,"Tram de_( RIU MEDER )"
62160,"TORRENT DEL BARO"
62161,"Tram de_( TORRENT DEL BARO )"
62162,"TORRENT DE SANT JAUME"
62164,"Tram de_( TORRENT DE SANT JAUME )"
62165,"Tram de_( TORRENT DE SANT JAUME )"
62167,"RIERA DE VILALLEONS"
62168,"Tram de_( RIERA DE VILALLEONS )"
62169,"TORRENT DE SANTA EUGENIA"
62170,"Tram de_( TORRENT DE SANTA EUGENIA )"
62171,"Tram de_( RIERA DE VILALLEONS )"
62172,"TORRENT DE ROCA FARIGOLA"
62173,"Tram de_( TORRENT DE ROCA FARIGOLA )"
62174,"Tram de_( RIERA DE VILALLEONS )"
62175,"TORRENT DE SANT CUGAT O RIERA DE TONA"
62176,"Tram de_( TORRENT DE SANT CUGAT O RIERA DE TONA )"
62178,"RIERA DE MUNTER"
62180,"Tram de_( RIERA DE MUNTER )"
62181,"Tram de_( RIERA DE MUNTER )"
62182,"Tram de_( RIERA DE MUNTER )"
62183,"TORRENT DE SEGALERS"
62184,"Tram de_( TORRENT DE SEGALERS )"
62185,"Tram de_( TORRENT DE SANT CUGAT O RIERA DE TONA )"
62190,"RIERA MANSA"
62193,"Tram de_( RIERA MANSA )"
62195,"TORRENT DE L'ALBEREDA"
62196,"Tram de_( TORRENT DE L'ALBEREDA )"
62197,"Tram de_( TORRENT DE L'ALBEREDA )"
62200,"TORRENTERA DE GASALA"
62201,"Tram de_( TORRENTERA DE GASALA )"
62202,"Tram de_( RIU GURRI )"
62204,"TORRENT DE LES PLANES"
62205,"Tram de_( TORRENT DE LES PLANES )"
62206,"Tram de_( TORRENT DE LES PLANES )"
62207,"Tram de_( TORRENT DE LES PLANES )"
62208,"Tram de_( RIU GURRI )"
62209,"Tram de_( RIU GURRI )"
62210,"Tram de_( RIU GURRI )"
62211,"Tram de_( RIU GURRI )"
62212,"SOT DELS AIGOLS"
62213,"Tram de_( SOT DELS AIGOLS )"
62216,"REC DE CASADAVALL"
62217,"Tram de_( REC DE CASADAVALL )"
62219,"Tram de_( RIU TER )"
62223,"RIERA DE SORREIGS"
62224,"Tram de_( RIERA DE SORREIGS )"
62225,"TORRENT DE CAN SAGARMANTA"
62226,"Tram de_( TORRENT DE CAN SAGARMANTA )"
62228,"Tram de_( RIERA DE SORREIGS )"
62231,"REC DE LA TUTA O DE LA TURA"
62232,"Tram de_( REC DE LA TUTA O DE LA TURA )"
62244,"Tram de_( RIERA DE SORREIGS )"
62245,"REC DEL PURGATORI"
62246,"Tram de_( REC DEL PURGATORI )"
62247,"Tram de_( RIERA DE SORREIGS )"
62249,"TORRENT DE PRATS"
62251,"Tram de_( TORRENT DE PRATS )"
62254,"Tram de_( RIERA DE SORREIGS )"
62256,"TORRENT DEL CORRAL"
62257,"Tram de_( TORRENT DEL CORRAL )"
62258,"Tram de_( RIU TER )"
62263,"Tram de_( RIU TER )"
62265,"RIERA DE TALAMANCA"
62268,"Tram de_( RIERA DE TALAMANCA )"
62269,"Tram de_( RIERA DE TALAMANCA )"
62270,"Tram de_( RIERA DE TALAMANCA )"
62279,"RIU GES"
62280,"Tram de_( RIU GES )"
62283,"TORRENT DE L'ANIJOL"
62284,"Tram de_( TORRENT DE L'ANIJOL )"
62285,"TORRENT DE LA GUSPINERA"
62286,"Tram de_( TORRENT DE LA GUSPINERA )"
62287,"Tram de_( TORRENT DE L'ANIJOL )"
62288,"TORRENT DEL PUJOL"
62289,"Tram de_( TORRENT DEL PUJOL )"
62290,"Tram de_( TORRENT DEL PUJOL )"
62291,"RIU FORNES"
62292,"Tram de_( RIU FORNES )"
62299,"Tram de_( RIU FORNES )"
62303,"TORRENT DE SERRAMALA"
62304,"Tram de_( TORRENT DE SERRAMALA )"
62305,"Tram de_( RIU FORNES )"
62306,"TORRENT DE LA COMA DEL COLL"
62308,"Tram de_( TORRENT DE LA COMA DEL COLL )"
62310,"Tram de_( RIU FORNES )"
62311,"TORRENT DEL CANTINELL"
62312,"Tram de_( TORRENT DEL CANTINELL )"
62313,"Tram de_( RIU FORNES )"
62314,"Tram de_( RIU FORNES )"
62315,"Tram de_( RIU FORNES )"
62316,"Tram de_( RIU FORNES )"
62318,"Tram de_( RIU FORNES )"
62321,"Tram de_( RIU GES )"
62322,"Tram de_( RIU GES )"
62323,"Tram de_( RIU GES )"
62324,"Tram de_( RIU GES )"
62325,"Tram de_( RIU GES )"
62326,"Tram de_( RIU GES )"
62329,"Tram de_( RIU GES )"
62331,"RIEROL DE VILA VELLA"
62332,"Tram de_( RIEROL DE VILA VELLA )"
62333,"Tram de_( RIEROL DE VILA VELLA )"
62334,"RIERA DE SANT BARTOMEU"
62335,"Tram de_( RIERA DE SANT BARTOMEU )"
62336,"TORRENT DELS AIGOLS"
62337,"Tram de_( TORRENT DELS AIGOLS )"
62338,"Tram de_( RIERA DE SANT BARTOMEU )"
62341,"Tram de_( RIERA DE SANT BARTOMEU )"
62342,"RIEROL DE TORRENTS"
62343,"Tram de_( RIEROL DE TORRENTS )"
62344,"Tram de_( RIU GES )"
62345,"Tram de_( SIN NOMBRE )"
62346,"RIERA DEL TOLL"
62347,"Tram de_( RIERA DEL TOLL )"
62349,"RIERA DE SIURET"
62350,"Tram de_( RIERA DE SIURET )"
62352,"TORRENT DE COLLFRED"
62353,"Tram de_( TORRENT DE COLLFRED )"
62357,"Tram de_( RIU TER )"
62363,"TORRENT DE LA FONT ANTIGA"
62364,"Tram de_( TORRENT DE LA FONT ANTIGA )"
62365,"Tram de_( TORRENT DE LA FONT ANTIGA )"
62367,"TORRENT DE LA ROMPUDA"
62368,"Tram de_( TORRENT DE LA ROMPUDA )"
62369,"TORRENT DE SADERRA"
62370,"Tram de_( TORRENT DE SADERRA )"
62373,"TORRENT DE BOSQUETELL"
62374,"Tram de_( TORRENT DE BOSQUETELL )"
62381,"TORRENT DEL NOGUER"
62382,"Tram de_( TORRENT DEL NOGUER )"
62383,"Tram de_( TORRENT DEL NOGUER )"
62384,"RIERA DE LES DOUS"
62385,"RIERA DE CLARELLA"
62386,"Tram de_( RIERA DE CLARELLA )"
62388,"Tram de_( RIERA DE CLARELLA )"
62389,"Tram de_( RIERA DE LES DOUS )"
62390,"Tram de_( RIERA DE LES DOUS )"
62391,"Tram de_( RIERA DE LES DOUS )"
62393,"RIERA DE CUSSONS"
62394,"Tram de_( RIERA DE CUSSONS )"
62398,"Tram de_( RIERA DE CUSSONS )"
62399,"Tram de_( RIERA DE CUSSONS )"
62401,"REC DE LA FONT DE MORES"
62402,"Tram de_( REC DE LA FONT DE MORES )"
62403,"RIERA DE LA SOLANA"
62404,"Tram de_( RIERA DE LA SOLANA )"
62405,"RIERA DELS FERRERS"
62406,"Tram de_( RIERA DELS FERRERS )"
62407,"Tram de_( RIERA DELS FERRERS )"
62408,"Tram de_( RIERA DELS FERRERS )"
62409,"Tram de_( RIU TER )"
62410,"RIERA DE SORA"
62411,"Tram de_( RIERA DE SORA )"
62412,"Tram de_( RIERA DE SORA )"
62413,"Tram de_( RIERA DE SORA )"
62415,"REC DEL PLA D'EN BUTXACA"
62416,"Tram de_( REC DEL PLA D'EN BUTXACA )"
62418,"REC DE LA FEIXA D'EN TUBAU"
62420,"Tram de_( REC DE LA FEIXA D'EN TUBAU )"
62421,"Tram de_( RIERA DE SORA )"
62425,"Tram de_( RIERA DE SORA )"
62426,"Tram de_( RIERA DE SORA )"
62427,"Tram de_( SIN NOMBRE )"
62428,"REC DE MATAMOSSES"
62429,"Tram de_( REC DE MATAMOSSES )"
62430,"REC DE TREMOLOSA"
62431,"Tram de_( REC DE TREMOLOSA )"
62432,"REC DEL MASOT"
62433,"Tram de_( REC DEL MASOT )"
62434,"Tram de_( REC DEL MASOT )"
62435,"Tram de_( REC DE MATAMOSSES )"
62436,"Tram de_( RIU TER )"
62438,"Tram de_( RIU TER )"
62441,"RIERA DE VALLFOGONA"
62442,"Tram de_( RIERA DE VALLFOGONA )"
62443,"RIERA DE LLAES"
62444,"Tram de_( RIERA DE LLAES )"
62447,"RIERA DE MILANY"
62448,"Tram de_( RIERA DE MILANY )"
62449,"Tram de_( RIERA DE VALLFOGONA )"
62450,"Tram de_( RIERA DE VALLFOGONA )"
62451,"TORRENT DE LA CAU"
62452,"Tram de_( TORRENT DE LA CAU )"
62453,"Tram de_( RIERA DE VALLFOGONA )"
62455,"Tram de_( RIERA DE VALLFOGONA )"
62456,"Tram de_( RIERA DE VALLFOGONA )"
62463,"Tram de_( RIERA DE VALLFOGONA )"
62465,"Tram de_( RIERA DE VALLFOGONA )"
62466,"Tram de_( RIERA DE VALLFOGONA )"
62468,"TORRENT DE LA BALMA"
62469,"Tram de_( TORRENT DE LA BALMA )"
62472,"Tram de_( RIERA DE VALLFOGONA )"
62473,"Tram de_( RIERA DE VALLFOGONA )"
62474,"Tram de_( RIERA DE VALLFOGONA )"
62475,"Tram de_( RIERA DE VALLFOGONA )"
62476,"TORRENT DEL PORTUS"
62477,"Tram de_( TORRENT DEL PORTUS )"
62478,"Tram de_( RIU TER )"
62479,"Tram de_( RIU TER )"
62480,"RIERA DE L'OM"
62482,"Tram de_( RIERA DE L'OM )"
62483,"Tram de_( RIU TER )"
62484,"Tram de_( RIU TER )"
62485,"TORRENT DEL PONCET"
62486,"Tram de_( TORRENT DEL PONCET )"
62487,"Tram de_( RIU TER )"
62488,"Tram de_( RIU TER )"
62489,"Tram de_( RIU TER )"
62490,"RIERA DE LES LLOSSES"
62491,"Tram de_( RIERA DE LES LLOSSES )"
62496,"RIERA DE BUFATALS"
62497,"Tram de_( RIERA DE BUFATALS )"
62498,"Tram de_( RIERA DE BUFATALS )"
62499,"Tram de_( RIERA DE BUFATALS )"
62500,"Tram de_( RIERA DE BUFATALS )"
62501,"Tram de_( RIERA DE LES LLOSSES )"
62504,"TORRENT DEL GRAU"
62505,"Tram de_( TORRENT DEL GRAU )"
62506,"Tram de_( RIERA DE LES LLOSSES )"
62508,"RIBERA DEL MAS"
62509,"Tram de_( RIBERA DEL MAS )"
62510,"Tram de_( RIBERA DEL MAS )"
62511,"Tram de_( RIBERA DEL MAS )"
62515,"Tram de_( RIERA DE LES LLOSSES )"
62517,"Tram de_( RIERA DE LES LLOSSES )"
62518,"TORRENT DEL SOLA"
62519,"Tram de_( TORRENT DEL SOLA )"
62522,"RIU FRESER"
62523,"Tram de_( RIU FRESER )"
62524,"Tram de_( RIU FRESER )"
62525,"Tram de_( RIU FRESER )"
62530,"TORRENT DE CAN MAIOLS"
62531,"Tram de_( TORRENT DE CAN MAIOLS )"
62534,"RIU MERDAS"
62536,"Tram de_( RIU MERDAS )"
62537,"Tram de_( RIU MERDAS )"
62541,"TORRENT D'ESTIULA"
62543,"Tram de_( TORRENT D'ESTIULA )"
62547,"TORRENT DE GRATS"
62548,"REC DEL COLL"
62549,"Tram de_( REC DEL COLL )"
62550,"Tram de_( TORRENT DE GRATS )"
62551,"TORRENT DE LA BUGADA"
62552,"Tram de_( TORRENT DE LA BUGADA )"
62553,"Tram de_( RIU MERDAS )"
62554,"Tram de_( RIU MERDAS )"
62562,"RIERA DEL GARFULL"
62564,"Tram de_( RIERA DEL GARFULL )"
62565,"TORRENT DE SOLANLLONG"
62566,"Tram de_( TORRENT DE SOLANLLONG )"
62567,"Tram de_( RIU FRESER )"
62570,"Tram de_( RIU FRESER )"
62571,"Tram de_( RIU FRESER )"
62572,"Tram de_( RIU FRESER )"
62573,"Tram de_( RIU FRESER )"
62575,"Tram de_( RIU FRESER )"
62576,"TORRENT ROIG"
62578,"Tram de_( TORRENT ROIG )"
62579,"Tram de_( RIU FRESER )"
62580,"Tram de_( RIU FRESER )"
62581,"RIERA DE BRUGUERA"
62582,"Tram de_( RIERA DE BRUGUERA )"
62583,"Tram de_( RIU FRESER )"
62586,"TORRENT DE LA FONT-ROJA"
62587,"Tram de_( TORRENT DE LA FONT-ROJA )"
62590,"Tram de_( RIU FRESER )"
62591,"Tram de_( RIU FRESER )"
62592,"TORRENT DE LA MAÇANA"
62593,"Tram de_( TORRENT DE LA MAÇANA )"
62594,"TORRENT DE CA LA XECA"
62595,"Tram de_( TORRENT DE CA LA XECA )"
62596,"RIU RIGARD"
62597,"Tram de_( RIU RIGARD )"
62599,"Tram de_( RIU RIGARD )"
62603,"TORRENT DE LA GALLINERA"
62605,"Tram de_( TORRENT DE LA GALLINERA )"
62606,"TORRENT D'ASPRE"
62607,"Tram de_( TORRENT D'ASPRE )"
62610,"RIU TORRENTERA"
62612,"Tram de_( RIU TORRENTERA )"
62613,"Tram de_( RIU RIGARD )"
62615,"Tram de_( RIU RIGARD )"
62620,"Tram de_( RIU RIGARD )"
62621,"Tram de_( RIU RIGARD )"
62622,"TORRENT DE L'ARÇA"
62623,"Tram de_( TORRENT DE L'ARÇA )"
62624,"Tram de_( TORRENT DE L'ARÇA )"
62625,"TORRENT DEL PALOS O TORRENT DEL CORTALET"
62626,"Tram de_( TORRENT DEL PALOS O TORRENT DEL CORTALET )"
62627,"TORRENT LLARG"
62628,"Tram de_( TORRENT LLARG )"
62629,"TORRENT DEL PRAT DE MITGES"
62630,"Tram de_( TORRENT DEL PRAT DE MITGES )"
62632,"TORRENT DE LES COMES"
62633,"Tram de_( TORRENT DE LES COMES )"
62634,"Tram de_( RIU RIGARD )"
62635,"TORRENT DE PLA DE RUS"
62636,"Tram de_( TORRENT DE PLA DE RUS )"
62637,"Tram de_( TORRENT DE PLA DE RUS )"
62639,"BARRANC DEL PEDRO"
62640,"Tram de_( BARRANC DEL PEDRO )"
62643,"RIU SEGADELL"
62647,"Tram de_( RIU SEGADELL )"
62648,"TORRENT DE LES LLONGUES"
62649,"Tram de_( RIU SEGADELL )"
62651,"Tram de_( RIU SEGADELL )"
62654,"TORRENT DE VILARO"
62655,"Tram de_( TORRENT DE VILARO )"
62658,"Tram de_( RIU SEGADELL )"
62659,"TORRENT DE BURGIL"
62660,"Tram de_( TORRENT DE BURGIL )"
62661,"CLOT DE LA MOSQUETOSA"
62662,"Tram de_( CLOT DE LA MOSQUETOSA )"
62663,"Tram de_( CLOT DE LA MOSQUETOSA )"
62664,"Tram de_( CLOT DE LA MOSQUETOSA )"
62665,"TORRENT DE LES CORTS"
62666,"Tram de_( TORRENT DE LES CORTS )"
62667,"Tram de_( TORRENT DE LES CORTS )"
62669,"CLOT DE PORTOLES"
62670,"Tram de_( CLOT DE PORTOLES )"
62673,"Tram de_( RIU FRESER )"
62676,"TORRENT DE SERRABONA"
62678,"Tram de_( TORRENT DE SERRABONA )"
62686,"Tram de_( RIU FRESER )"
62687,"Tram de_( RIU FRESER )"
62688,"Tram de_( RIU FRESER )"
62691,"RIU DE NURIA"
62693,"Tram de_( RIU DE NURIA )"
62703,"Tram de_( RIU FRESER )"
62704,"Tram de_( RIU FRESER )"
62705,"Tram de_( RIU FRESER )"
62707,"Tram de_( RIU FRESER )"
62709,"TORRENT DE BOGADE"
62710,"Tram de_( TORRENT DE BOGADE )"
62711,"Tram de_( TORRENT DE BOGADE )"
62712,"TORRENT DE LA COMA DE VACA"
62714,"Tram de_( TORRENT DE LA COMA DE VACA )"
62716,"Tram de_( RIU FRESER )"
62718,"Tram de_( RIU FRESER )"
62721,"RIERA DE LES CARBONERES"
62722,"Tram de_( RIERA DE LES CARBONERES )"
62724,"Tram de_( RIU TER )"
62727,"Tram de_( RIU TER )"
62728,"Tram de_( RIU TER )"
62729,"REC DE RODONELLA"
62730,"Tram de_( REC DE RODONELLA )"
62731,"TORRENT DE RIBAMALA"
62733,"Tram de_( TORRENT DE RIBAMALA )"
62734,"Tram de_( TORRENT DE RIBAMALA )"
62735,"Tram de_( TORRENT DE RIBAMALA )"
62736,"Tram de_( RIU TER )"
62737,"Tram de_( RIU TER )"
62738,"Tram de_( RIU TER )"
62740,"TORRENT DE LA PUDOR"
62741,"Tram de_( TORRENT DE LA PUDOR )"
62742,"RIERA D'OGASSA"
62743,"Tram de_( RIERA D'OGASSA )"
62744,"Tram de_( RIERA D'OGASSA )"
62745,"Tram de_( RIERA D'OGASSA )"
62746,"Tram de_( RIERA D'OGASSA )"
62753,"TORRENT DE PLANSESAIGÜES"
62754,"Tram de_( TORRENT DE PLANSESAIGÜES )"
62756,"BARRANC DE LA CLOTADA LLARGA"
62757,"Tram de_( BARRANC DE LA CLOTADA LLARGA )"
62758,"Tram de_( BARRANC DE LA CLOTADA LLARGA )"
62760,"TORRENT DE SENTIGOSA"
62761,"Tram de_( TORRENT DE SENTIGOSA )"
62764,"Tram de_( RIU TER )"
62765,"RIERA DE MALATOSCA"
62766,"Tram de_( RIERA DE MALATOSCA )"
62767,"TORRENT DE LA FONT GRAN"
62768,"Tram de_( TORRENT DE LA FONT GRAN )"
62769,"Tram de_( SIN NOMBRE )"
62770,"Tram de_( TORRENT DE LA FONT GRAN )"
62771,"Tram de_( RIERA DE MALATOSCA )"
62772,"Tram de_( RIERA DE MALATOSCA )"
62778,"TORRENT DEL COLL DE PAL"
62780,"Tram de_( TORRENT DEL COLL DE PAL )"
62781,"Tram de_( TORRENT DEL COLL DE PAL )"
62782,"TORRENT DE L'AVETAR"
62784,"Tram de_( TORRENT DE L'AVETAR )"
62785,"Tram de_( TORRENT DEL COLL DE PAL )"
62786,"REC DEL BURGARES"
62787,"Tram de_( REC DEL BURGARES )"
62788,"Tram de_( TORRENT DEL COLL DE PAL )"
62790,"Tram de_( TORRENT DEL COLL DE PAL )"
62792,"TORRENT DEL VEDELLAR"
62793,"Tram de_( TORRENT DEL VEDELLAR )"
62795,"Tram de_( RIU TER )"
62797,"Tram de_( RIU TER )"
62802,"Tram de_( RIU TER )"
62803,"TORRENT DE MIRALLES"
62804,"Tram de_( TORRENT DE MIRALLES )"
62809,"TORRENT DE LA MOLINA"
62810,"Tram de_( TORRENT DE LA MOLINA )"
62811,"Tram de_( TORRENT DE LA MOLINA )"
62814,"RIU RITORT"
62815,"Tram de_( RIU RITORT )"
62816,"RIU RITORTELL"
62817,"Tram de_( RIU RITORTELL )"
62823,"TORRENT DE LA BOIXEDA"
62825,"Tram de_( TORRENT DE LA BOIXEDA )"
62830,"TORRENT DE LA GINESTOSA"
62831,"Tram de_( TORRENT DE LA GINESTOSA )"
62836,"Tram de_( RIU RITORT )"
62841,"Tram de_( RIU RITORT )"
62845,"TORRENT DE LA CASASSA"
62846,"Tram de_( TORRENT DE LA CASASSA )"
62847,"Tram de_( TORRENT DE LA CASASSA )"
62856,"RIBERA FAITUS"
62857,"Tram de_( RIBERA FAITUS )"
62858,"Tram de_( RIBERA FAITUS )"
62859,"TORRENT DEL RODA"
62861,"TORRENT DE PALLEROLS"
62862,"Tram de_( TORRENT DE PALLEROLS )"
62863,"Tram de_( TORRENT DEL RODA )"
62867,"RIERA D'ABELLA"
62868,"TORRENT NEGRE"
62869,"Tram de_( TORRENT NEGRE )"
62871,"Tram de_( RIERA D'ABELLA )"
62875,"TORRENT GRAN"
62876,"Tram de_( TORRENT GRAN )"
62877,"Tram de_( RIU TER )"
62878,"TORRENT DE LA PLANELLA"
62879,"Tram de_( TORRENT DE LA PLANELLA )"
62880,"RIBERA DE TREGURA"
62881,"Tram de_( RIBERA DE TREGURA )"
62882,"Tram de_( RIBERA DE TREGURA )"
62885,"Tram de_( RIBERA DE TREGURA )"
62886,"Tram de_( RIBERA DE TREGURA )"
62887,"Tram de_( RIBERA DE TREGURA )"
62889,"Tram de_( RIBERA DE TREGURA )"
62890,"TORRENT DE MEIANELL"
62893,"RIBERA DE FONTLLETERA"
62896,"Tram de_( RIBERA DE FONTLLETERA )"
62897,"Tram de_( TORRENT DE MEIANELL )"
62902,"RIBERA DEL CATLLAR"
62904,"CLOT DE LA JACETA"
62905,"Tram de_( CLOT DE LA JACETA )"
62906,"Tram de_( RIBERA DEL CATLLAR )"
62907,"CLOT DE LES BORREGUES"
62911,"Tram de_( RIU TER )"
62914,"Tram de_( RIU TER )"
62915,"TORRENT DE VALL-LLOBRE"
62916,"Tram de_( TORRENT DE VALL-LLOBRE )"
62918,"CLOT DE LA FONT DE FRA JOAN"
62919,"Tram de_( CLOT DE LA FONT DE FRA JOAN )"
62920,"Tram de_( TORRENT DE VALL-LLOBRE )"
62923,"TORRENT DE LA LLOSA"
62926,"Tram de_( TORRENT DE LA LLOSA )"
62931,"Tram de_( RIU TER )"
62933,"TORRENT DE LA COMA DE L'ORRI"
62934,"Tram de_( TORRENT DE LA COMA DE L'ORRI )"
62935,"Tram de_( TORRENT DE LA COMA DE L'ORRI )"
62936,"Tram de_( TORRENT DE LA COMA DE L'ORRI )"
62937,"Tram de_( TORRENT DE LA COMA DE L'ORRI )"
62938,"Tram de_( TORRENT DE LA COMA DE L'ORRI )"
62939,"Tram de_( TORRENT DE LA COMA DE L'ORRI )"
62941,"Tram de_( RIU TER )"
62942,"Tram de_( RIU TER )"
62943,"RIERA DE MORENS"
62945,"Tram de_( RIERA DE MORENS )"
62946,"REC VELL"
62947,"Tram de_( REC VELL )"
62948,"Tram de_( REC VELL )"
62949,"Tram de_( SIN NOMBRE )"
62952,"CORREC DE CALA PEDROSA"
62953,"Tram de_( CORREC DE CALA PEDROSA )"
62958,"Tram de_( SIN NOMBRE )"
62959,"Tram de_( SIN NOMBRE )"
62960,"Tram de_( SIN NOMBRE )"
62961,"Tram de_( SIN NOMBRE )"
62962,"CORREC DE COMA LLOBERA"
62963,"REC DEL MOLI"
62964,"Tram de_( REC DEL MOLI )"
62965,"Tram de_( REC DEL MOLI )"
62966,"Tram de_( SIN NOMBRE )"
62967,"Tram de_( SIN NOMBRE )"
62968,"Tram de_( SIN NOMBRE )"
62969,"REC DE CINYANA"
62970,"Tram de_( REC DE CINYANA )"
62971,"Tram de_( SIN NOMBRE )"
62972,"Tram de_( SIN NOMBRE )"
62973,"Tram de_( SIN NOMBRE )"
62974,"Tram de_( SIN NOMBRE )"
62975,"Tram de_( CORREC DE COMA LLOBERA )"
62976,"Tram de_( CORREC DE COMA LLOBERA )"
62978,"RIERA DE LA MUNTANYA"
62980,"TORRENT DEL FERRER VELL"
62981,"Tram de_( TORRENT DEL FERRER VELL )"
62982,"REC MADRAL"
62983,"Tram de_( REC MADRAL )"
62984,"Tram de_( REC MADRAL )"
62985,"Tram de_( RIERA DE LA MUNTANYA )"
62986,"Tram de_( SIN NOMBRE )"
62987,"Tram de_( SIN NOMBRE )"
62990,"RIU FLUVIA"
62991,"Tram de_( SIN NOMBRE )"
62992,"Tram de_( SIN NOMBRE )"
62994,"RIU REGATIM"
62995,"REC DE LA FONT VELLA"
62996,"Tram de_( RIU REGATIM )"
62999,"TORRENT DEL MAS"
63000,"Tram de_( TORRENT DEL MAS )"
63003,"TORRENT DE LA REGUERA"
63004,"Tram de_( TORRENT DE LA REGUERA )"
63005,"RIERA DE CAUDET"
63007,"Tram de_( RIERA DE CAUDET )"
63008,"Tram de_( RIU FLUVIA )"
63009,"TORRENT DE LA GAVATXA"
63010,"Tram de_( TORRENT DE LA GAVATXA )"
63011,"Tram de_( TORRENT DE LA GAVATXA )"
63014,"Tram de_( RIU FLUVIA )"
63015,"TORRENT DE VALLMAJOR"
63016,"Tram de_( TORRENT DE VALLMAJOR )"
63017,"Tram de_( RIU FLUVIA )"
63019,"Tram de_( RIU FLUVIA )"
63020,"Tram de_( RIU FLUVIA )"
63024,"TORRENT D'ESTROP"
63025,"Tram de_( TORRENT D'ESTROP )"
63027,"Tram de_( RIU FLUVIA )"
63030,"REC DE SANT MIQUEL"
63032,"Tram de_( REC DE SANT MIQUEL )"
63034,"Tram de_( RIU FLUVIA )"
63035,"Tram de_( SIN NOMBRE )"
63036,"RIERA DE SANTA ANNA"
63037,"Tram de_( RIERA DE SANTA ANNA )"
63038,"Tram de_( RIERA DE SANTA ANNA )"
63039,"Tram de_( SIN NOMBRE )"
63040,"REC DE LA POR"
63041,"Tram de_( REC DE LA POR )"
63045,"REC DE LA CASINYOLA"
63046,"Tram de_( REC DE LA CASINYOLA )"
63047,"Tram de_( REC DE LA CASINYOLA )"
63048,"Tram de_( REC DE LA CASINYOLA )"
63049,"Tram de_( RIU FLUVIA )"
63054,"REC DEL RAMIROL"
63055,"Tram de_( REC DEL RAMIROL )"
63056,"REC DE LA FONTSANTA"
63058,"Tram de_( REC DE LA FONTSANTA )"
63059,"Tram de_( SIN NOMBRE )"
63060,"Tram de_( SIN NOMBRE )"
63061,"Tram de_( RIU FLUVIA )"
63062,"Tram de_( RIU FLUVIA )"
63064,"RIERA DE SANT JAUME"
63068,"Tram de_( RIERA DE SANT JAUME )"
63069,"REC DE CAN MIGRANYA"
63070,"Tram de_( REC DE CAN MIGRANYA )"
63071,"RIERA DE CAN TORBANY"
63072,"Tram de_( RIERA DE CAN TORBANY )"
63074,"Tram de_( RIERA DE SANT JAUME )"
63075,"Tram de_( RIERA DE SANT JAUME )"
63076,"Tram de_( RIERA DE SANT JAUME )"
63077,"Tram de_( RIERA DE SANT JAUME )"
63078,"Tram de_( RIERA DE SANT JAUME )"
63079,"Tram de_( RIERA DE SANT JAUME )"
63080,"CLOT DEL CANAL"
63081,"Tram de_( CLOT DEL CANAL )"
63082,"REC DE RIERONS"
63083,"Tram de_( REC DE RIERONS )"
63084,"Tram de_( RIU FLUVIA )"
63086,"TORRENT DE LA FERRIOLA"
63087,"Tram de_( TORRENT DE LA FERRIOLA )"
63088,"Tram de_( RIU FLUVIA )"
63089,"Tram de_( SIN NOMBRE )"
63094,"RIU SER"
63095,"RIU SERINYA"
63096,"Tram de_( RIU SERINYA )"
63097,"Tram de_( RIU SER )"
63098,"Tram de_( RIU SER )"
63099,"RIERA DE RODEJA"
63101,"Tram de_( RIERA DE RODEJA )"
63102,"Tram de_( RIERA DE RODEJA )"
63103,"Tram de_( RIERA DE RODEJA )"
63104,"TORRENT DE CAN GINESTAR"
63105,"Tram de_( TORRENT DE CAN GINESTAR )"
63106,"RIU RIUTORT"
63107,"Tram de_( RIU RIUTORT )"
63108,"Tram de_( RIU RIUTORT )"
63109,"Tram de_( RIU RIUTORT )"
63111,"Tram de_( RIU RIUTORT )"
63113,"REC DE LA CANOVA"
63114,"Tram de_( REC DE LA CANOVA )"
63115,"RIERA DE SANT MIQUEL"
63116,"TORRENT DE L'ARN"
63117,"TORRENT DE LA CASANOVA"
63119,"Tram de_( TORRENT DE LA CASANOVA )"
63120,"Tram de_( TORRENT DE L'ARN )"
63123,"Tram de_( RIERA DE SANT MIQUEL )"
63124,"RIERA CORRAL DE FALGONS"
63125,"Tram de_( RIERA CORRAL DE FALGONS )"
63130,"Tram de_( RIU RIUTORT )"
63131,"Tram de_( RIU RIUTORT )"
63132,"Tram de_( RIU RIUTORT )"
63133,"RIU MERDANÇA"
63134,"Tram de_( RIU MERDANÇA )"
63135,"RIERA DE BRUGUEROLES"
63136,"Tram de_( RIERA DE BRUGUEROLES )"
63137,"Tram de_( RIERA DE BRUGUEROLES )"
63138,"Tram de_( SIN NOMBRE )"
63139,"RIERA DE MIERES"
63140,"REC DE SANT PERE"
63141,"Tram de_( REC DE SANT PERE )"
63142,"Tram de_( REC DE SANT PERE )"
63143,"Tram de_( RIERA DE MIERES )"
63144,"Tram de_( RIERA DE MIERES )"
63145,"Tram de_( RIERA DE MIERES )"
63146,"Tram de_( RIU SER )"
63147,"Tram de_( RIU SER )"
63148,"RIERA DE SAMARIU"
63149,"Tram de_( RIERA DE SAMARIU )"
63153,"TORRENT DE CAN BOSQUET"
63154,"Tram de_( TORRENT DE CAN BOSQUET )"
63155,"Tram de_( TORRENT DE CAN BOSQUET )"
63156,"Tram de_( TORRENT DE CAN BOSQUET )"
63157,"Tram de_( TORRENT DE CAN BOSQUET )"
63158,"Tram de_( TORRENT DE CAN BOSQUET )"
63159,"Tram de_( TORRENT DE CAN BOSQUET )"
63160,"RIERA DELS ARCS"
63161,"Tram de_( RIERA DELS ARCS )"
63162,"TORRENT DE PUJOLARS"
63163,"TORRENT DE ROCANEGRA"
63164,"Tram de_( TORRENT DE ROCANEGRA )"
63165,"Tram de_( TORRENT DE ROCANEGRA )"
63166,"Tram de_( TORRENT DE PUJOLARS )"
63167,"Tram de_( RIU SER )"
63168,"RIERA DE MAIA"
63169,"RIERA DE BRUGUERS"
63170,"Tram de_( RIERA DE BRUGUERS )"
63171,"Tram de_( SIN NOMBRE )"
63172,"Tram de_( RIERA DE BRUGUERS )"
63173,"RIERA DE SEGUERO"
63174,"Tram de_( RIERA DE SEGUERO )"
63176,"TORRENT DELS ROSSOLALLS"
63177,"Tram de_( TORRENT DELS ROSSOLALLS )"
63178,"CLOT DE LA FONT NOVA"
63179,"Tram de_( CLOT DE LA FONT NOVA )"
63180,"Tram de_( RIERA DE MAIA )"
63181,"Tram de_( SIN NOMBRE )"
63184,"RIERA DE JUNYELL"
63185,"Tram de_( RIERA DE JUNYELL )"
63186,"Tram de_( RIERA DE JUNYELL )"
63187,"Tram de_( RIERA DE JUNYELL )"
63188,"Tram de_( RIERA DE JUNYELL )"
63192,"RIERA DE CAPELLADA"
63193,"RIERA DE PALERA"
63194,"Tram de_( RIERA DE PALERA )"
63195,"Tram de_( RIERA DE CAPELLADA )"
63197,"Tram de_( RIERA DE CAPELLADA )"
63198,"Tram de_( RIERA DE CAPELLADA )"
63199,"Tram de_( RIU FLUVIA )"
63200,"Tram de_( RIU FLUVIA )"
63202,"Tram de_( RIU FLUVIA )"
63203,"Tram de_( RIU FLUVIA )"
63204,"RIERA DE BORRO"
63208,"TORRENT D'ESPINAU"
63209,"Tram de_( TORRENT D'ESPINAU )"
63210,"Tram de_( RIERA DE BORRO )"
63211,"Tram de_( RIERA DE BORRO )"
63212,"TORRENT DE COMA-DE-ROURE"
63213,"Tram de_( TORRENT DE COMA-DE-ROURE )"
63214,"Tram de_( RIERA DE BORRO )"
63215,"Tram de_( RIERA DE BORRO )"
63216,"Tram de_( RIERA DE BORRO )"
63217,"Tram de_( RIERA DE BORRO )"
63219,"Tram de_( RIERA DE BORRO )"
63224,"TORRENT DE LLIURONA"
63225,"Tram de_( TORRENT DE LLIURONA )"
63226,"CLOT DELS SOCARRATS"
63227,"Tram de_( CLOT DELS SOCARRATS )"
63228,"Tram de_( RIERA DE BORRO )"
63229,"Tram de_( RIERA DE BORRO )"
63230,"TORRENT DE RIUFRED"
63231,"Tram de_( TORRENT DE RIUFRED )"
63232,"Tram de_( TORRENT DE RIUFRED )"
63233,"Tram de_( TORRENT DE RIUFRED )"
63234,"Tram de_( TORRENT DE RIUFRED )"
63235,"Tram de_( RIU FLUVIA )"
63236,"RIERA DE SALES"
63237,"Tram de_( RIERA DE SALES )"
63238,"TORRENT DE JUIAS"
63239,"Tram de_( TORRENT DE JUIAS )"
63240,"Tram de_( TORRENT DE JUIAS )"
63241,"TORRENT DEL VINYOT"
63242,"Tram de_( TORRENT DEL VINYOT )"
63243,"Tram de_( RIU FLUVIA )"
63244,"TORRENT DE LA MIANA"
63246,"Tram de_( TORRENT DE LA MIANA )"
63247,"RIU LLIERCA O RIERA D'OIX"
63248,"TORRENT DE CASTELLAR"
63249,"Tram de_( TORRENT DE CASTELLAR )"
63250,"Tram de_( TORRENT DE CASTELLAR )"
63251,"Tram de_( RIU LLIERCA O RIERA D'OIX )"
63252,"Tram de_( RIU LLIERCA O RIERA D'OIX )"
63253,"CLOT DE L'INFERN"
63254,"Tram de_( CLOT DE L'INFERN )"
63255,"Tram de_( CLOT DE L'INFERN )"
63258,"TORRENT DE L'ESTANYOL"
63259,"Tram de_( TORRENT DE L'ESTANYOL )"
63260,"Tram de_( TORRENT DE L'ESTANYOL )"
63261,"Tram de_( TORRENT DE L'ESTANYOL )"
63262,"Tram de_( TORRENT DE L'ESTANYOL )"
63264,"TORRENT DE LA QUINTANA"
63265,"Tram de_( TORRENT DE LA QUINTANA )"
63266,"TORRENT DELS LLORERS"
63267,"Tram de_( TORRENT DELS LLORERS )"
63268,"Tram de_( TORRENT DELS LLORERS )"
63269,"Tram de_( TORRENT DELS LLORERS )"
63271,"Tram de_( RIU LLIERCA O RIERA D'OIX )"
63272,"RIERA DE SANT ANIOL"
63273,"Tram de_( RIERA DE SANT ANIOL )"
63274,"TORRENT DE TUMANY"
63275,"Tram de_( TORRENT DE TUMANY )"
63276,"Tram de_( TORRENT DE TUMANY )"
63277,"Tram de_( RIERA DE SANT ANIOL )"
63278,"RIERA DE LA COMELLA"
63279,"Tram de_( RIERA DE LA COMELLA )"
63281,"Tram de_( RIERA DE LA COMELLA )"
63282,"Tram de_( RIERA DE SANT ANIOL )"
63283,"TORRENT DE RIBELLES"
63284,"Tram de_( TORRENT DE RIBELLES )"
63285,"Tram de_( RIERA DE SANT ANIOL )"
63286,"TORRENT DE LES FALGUERES"
63287,"Tram de_( TORRENT DE LES FALGUERES )"
63289,"Tram de_( RIU LLIERCA O RIERA D'OIX )"
63290,"Tram de_( RIU LLIERCA O RIERA D'OIX )"
63291,"Tram de_( RIU LLIERCA O RIERA D'OIX )"
63292,"RIERA DE BEGET"
63293,"Tram de_( RIERA DE BEGET )"
63294,"Tram de_( RIERA DE BEGET )"
63297,"Tram de_( RIERA DE BEGET )"
63298,"TORRENT DE LES VALLS"
63299,"Tram de_( TORRENT DE LES VALLS )"
63300,"Tram de_( TORRENT DE LES VALLS )"
63301,"Tram de_( TORRENT DE LES VALLS )"
63303,"TORRENT DEL BARRANCOT"
63304,"Tram de_( TORRENT DEL BARRANCOT )"
63305,"Tram de_( RIERA DE BEGET )"
63306,"TORRENT DE BELLESTIL"
63307,"Tram de_( TORRENT DE BELLESTIL )"
63308,"RIERA DE SALARSA"
63309,"CLOT DE LA VILA"
63310,"Tram de_( CLOT DE LA VILA )"
63311,"TORRENT DEL SALOMO"
63312,"Tram de_( TORRENT DEL SALOMO )"
63319,"TORRENT DE LA QUERA"
63320,"Tram de_( TORRENT DE LA QUERA )"
63321,"Tram de_( RIERA DE SALARSA )"
63322,"Tram de_( RIERA DE SALARSA )"
63325,"CLOT DE LA BEINA"
63326,"Tram de_( CLOT DE LA BEINA )"
63327,"Tram de_( RIERA DE BEGET )"
63328,"TORRENT DELS TRULLS"
63329,"Tram de_( TORRENT DELS TRULLS )"
63332,"RIERA DE ROCABRUNA"
63335,"Tram de_( RIERA DE ROCABRUNA )"
63338,"TORRENT DE CAN MARÇAL"
63339,"Tram de_( TORRENT DE CAN MARÇAL )"
63341,"TORRENT DE LES FERRERES"
63342,"Tram de_( TORRENT DE LES FERRERES )"
63344,"TORRENT D'AIGUABELLA"
63345,"Tram de_( TORRENT D'AIGUABELLA )"
63349,"Tram de_( RIU LLIERCA O RIERA D'OIX )"
63350,"Tram de_( RIU LLIERCA O RIERA D'OIX )"
63351,"Tram de_( RIU LLIERCA O RIERA D'OIX )"
63352,"Tram de_( RIU LLIERCA O RIERA D'OIX )"
63353,"Tram de_( RIU LLIERCA O RIERA D'OIX )"
63354,"Tram de_( RIU LLIERCA O RIERA D'OIX )"
63355,"Tram de_( RIU LLIERCA O RIERA D'OIX )"
63356,"Tram de_( RIU LLIERCA O RIERA D'OIX )"
63357,"Tram de_( RIU LLIERCA O RIERA D'OIX )"
63358,"Tram de_( RIU LLIERCA O RIERA D'OIX )"
63359,"Tram de_( RIU LLIERCA O RIERA D'OIX )"
63362,"CLOT DE L'HOSTAL"
63363,"Tram de_( CLOT DE L'HOSTAL )"
63364,"TORRENT DE LA GAVARRERA"
63365,"Tram de_( TORRENT DE LA GAVARRERA )"
63375,"TORRENT DE CA N'ILLA"
63376,"Tram de_( TORRENT DE CA N'ILLA )"
63377,"TORRENT DE LLIURELLA"
63378,"Tram de_( TORRENT DE LLIURELLA )"
63379,"Tram de_( RIU FLUVIA )"
63380,"Tram de_( RIU FLUVIA )"
63381,"Tram de_( RIU FLUVIA )"
63382,"RIU TURONELL"
63384,"Tram de_( RIU TURONELL )"
63385,"Tram de_( RIU TURONELL )"
63386,"Tram de_( RIU TURONELL )"
63387,"Tram de_( RIU TURONELL )"
63388,"Tram de_( RIU TURONELL )"
63389,"Tram de_( RIU TURONELL )"
63390,"Tram de_( RIU TURONELL )"
63391,"RIERA DE CARRERA O DE CASTELLAR"
63392,"RIERA DE SANT EUDALD"
63394,"Tram de_( RIERA DE SANT EUDALD )"
63395,"Tram de_( SIN NOMBRE )"
63396,"RIERA O TORRENT DE CAMPORIOL"
63397,"Tram de_( RIERA O TORRENT DE CAMPORIOL )"
63398,"Tram de_( RIERA DE SANT EUDALD )"
63402,"TORRENT DE CASTELLAR"
63403,"Tram de_( TORRENT DE CASTELLAR )"
63404,"Tram de_( RIERA DE CARRERA O DE CASTELLAR )"
63405,"Tram de_( RIERA DE CARRERA O DE CASTELLAR )"
63407,"Tram de_( RIERA DE CARRERA O DE CASTELLAR )"
63408,"Tram de_( RIERA DE CARRERA O DE CASTELLAR )"
63409,"Tram de_( RIERA DE CARRERA O DE CASTELLAR )"
63411,"Tram de_( RIU FLUVIA )"
63412,"Tram de_( RIU FLUVIA )"
63413,"RIERA DE BIANYA"
63414,"Tram de_( RIERA DE BIANYA )"
63415,"RIERA DE RIUDAURA"
63416,"Tram de_( RIERA DE RIUDAURA )"
63417,"Tram de_( RIERA DE RIUDAURA )"
63418,"Tram de_( RIERA DE RIUDAURA )"
63422,"Tram de_( RIERA DE RIUDAURA )"
63423,"TORRENT DE LA PLANA"
63424,"Tram de_( TORRENT DE LA PLANA )"
63425,"Tram de_( RIERA DE RIUDAURA )"
63426,"Tram de_( RIERA DE BIANYA )"
63427,"Tram de_( RIERA DE BIANYA )"
63428,"TORRENT DE CAPSEC"
63429,"Tram de_( TORRENT DE CAPSEC )"
63434,"RIERA DE SANTA MARGARIDA"
63435,"Tram de_( RIERA DE SANTA MARGARIDA )"
63436,"Tram de_( RIERA DE SANTA MARGARIDA )"
63437,"Tram de_( RIERA DE SANTA MARGARIDA )"
63438,"Tram de_( RIERA DE SANTA MARGARIDA )"
63439,"Tram de_( RIERA DE BIANYA )"
63440,"RIERA DE SANTA LLUCIA DE PUIGMAL"
63443,"Tram de_( RIERA DE SANTA LLUCIA DE PUIGMAL )"
63444,"Tram de_( RIERA DE SANTA LLUCIA DE PUIGMAL )"
63445,"Tram de_( RIERA DE SANTA LLUCIA DE PUIGMAL )"
63448,"Tram de_( RIERA DE BIANYA )"
63449,"Tram de_( RIERA DE BIANYA )"
63450,"Tram de_( RIERA DE BIANYA )"
63451,"Tram de_( RIERA DE BIANYA )"
63452,"RIERA DE SANT SALVADOR"
63453,"Tram de_( RIERA DE SANT SALVADOR )"
63454,"Tram de_( SIN NOMBRE )"
63455,"Tram de_( RIERA DE SANT SALVADOR )"
63456,"Tram de_( RIERA DE SANT SALVADOR )"
63457,"Tram de_( RIERA DE SANT SALVADOR )"
63458,"RIERA DE SANT PONÇ"
63459,"Tram de_( RIERA DE SANT PONÇ )"
63460,"Tram de_( RIERA DE SANT PONÇ )"
63461,"Tram de_( RIERA DE SANT PONÇ )"
63462,"Tram de_( RIERA DE SANT PONÇ )"
63464,"Tram de_( RIU FLUVIA )"
63465,"Tram de_( RIU FLUVIA )"
63466,"Tram de_( RIU FLUVIA )"
63467,"Tram de_( RIU FLUVIA )"
63468,"TORRENT DEL TIRAFAVES"
63469,"Tram de_( TORRENT DEL TIRAFAVES )"
63470,"Tram de_( SIN NOMBRE )"
63471,"Tram de_( SIN NOMBRE )"
63472,"Tram de_( SIN NOMBRE )"
63473,"Tram de_( TORRENT DEL TIRAFAVES )"
63474,"REC DEL TINOSELL"
63475,"Tram de_( REC DEL TINOSELL )"
63476,"Tram de_( REC DEL TINOSELL )"
63477,"TORRENT DE SANT SEBASDTIA"
63478,"Tram de_( TORRENT DE SANT SEBASDTIA )"
63479,"Tram de_( TORRENT DE SANT SEBASDTIA )"
63480,"RIU GURN"
63482,"Tram de_( RIU GURN )"
63484,"RIERA DE SALLENT"
63486,"TORRENT DEL GINEBRAR"
63487,"Tram de_( TORRENT DEL GINEBRAR )"
63489,"Tram de_( RIERA DE SALLENT )"
63490,"Tram de_( SIN NOMBRE )"
63492,"TORRENT DE SANTA MAGDALENA"
63493,"Tram de_( TORRENT DE SANTA MAGDALENA )"
63494,"Tram de_( TORRENT DE SANTA MAGDALENA )"
63497,"Tram de_( TORRENT DE SANTA MAGDALENA )"
63498,"Tram de_( RIU FLUVIA )"
63499,"Tram de_( SIN NOMBRE )"
63501,"Tram de_( RIU FLUVIA )"
63502,"RIERA DE JOANETES"
63504,"Tram de_( RIERA DE JOANETES )"
63505,"Tram de_( RIERA DE JOANETES )"
63507,"Tram de_( RIERA DE JOANETES )"
63508,"Tram de_( RIERA DE JOANETES )"
63509,"Tram de_( RIERA DE JOANETES )"
63510,"Tram de_( RIERA DE JOANETES )"
63511,"RIERA DE RIDAURA"
63512,"Tram de_( RIERA DE RIDAURA )"
63513,"Tram de_( RIERA DE RIDAURA )"
63514,"Tram de_( RIERA DE RIDAURA )"
63515,"Tram de_( RIERA DE RIDAURA )"
63516,"Tram de_( RIU FLUVIA )"
63517,"Tram de_( SIN NOMBRE )"
63518,"Tram de_( RIU FLUVIA )"
63520,"TORRENT DE LA BATLLIA"
63522,"Tram de_( TORRENT DE LA BATLLIA )"
63523,"Tram de_( SIN NOMBRE )"
63524,"Tram de_( RIU FLUVIA )"
63526,"TORRENT DE LA CODINA"
63527,"Tram de_( TORRENT DE LA CODINA )"
63528,"TORRENT DE LA FAJA"
63529,"Tram de_( TORRENT DE LA FAJA )"
63530,"Tram de_( TORRENT DE LA FAJA )"
63531,"TORRENT DEL PUIG"
63532,"TORRENT D'ARTIGAMALA"
63533,"Tram de_( TORRENT D'ARTIGAMALA )"
63534,"Tram de_( TORRENT D'ARTIGAMALA )"
63537,"TORRENT DE LA SERRA"
63538,"Tram de_( TORRENT DE LA SERRA )"
63539,"Tram de_( TORRENT DEL PUIG )"
63541,"REC DEL MOLI D'EN DORRA"
63542,"REC DE LA FONT"
63543,"Tram de_( REC DE LA FONT )"
63545,"Tram de_( REC DE LA FONT )"
63546,"Tram de_( REC DEL MOLI D'EN DORRA )"
63547,"RIU MUGA"
63551,"RIU MANOL"
63554,"RIERA D'ALGUEMA"
63555,"Tram de_( RIERA D'ALGUEMA )"
63557,"Tram de_( RIERA D'ALGUEMA )"
63558,"Tram de_( RIERA D'ALGUEMA )"
63560,"Tram de_( RIERA D'ALGUEMA )"
63561,"Tram de_( RIERA D'ALGUEMA )"
63566,"Tram de_( RIERA D'ALGUEMA )"
63567,"Tram de_( RIERA D'ALGUEMA )"
63569,"TORRENT DE LA TRIA"
63570,"Tram de_( TORRENT DE LA TRIA )"
63571,"Tram de_( RIERA D'ALGUEMA )"
63572,"Tram de_( RIERA D'ALGUEMA )"
63573,"REC DE LES COSTES"
63575,"Tram de_( REC DE LES COSTES )"
63577,"RIU RISSEC"
63578,"Tram de_( RIU RISSEC )"
63579,"TORRENT DE COMA FORCADA"
63580,"Tram de_( TORRENT DE COMA FORCADA )"
63581,"REC DEL MALPAS"
63582,"Tram de_( REC DEL MALPAS )"
63585,"TORRENT DEL RISECC"
63586,"TORRENT DE LA PENYA"
63587,"Tram de_( TORRENT DE LA PENYA )"
63588,"Tram de_( SIN NOMBRE )"
63589,"Tram de_( TORRENT DEL RISECC )"
63590,"RIERA DE MAS RODELLA"
63591,"Tram de_( RIERA DE MAS RODELLA )"
63594,"Tram de_( RIU MANOL )"
63595,"RIERA DE LA CODINA"
63597,"RIERA DE VILARIG"
63598,"RIERA DE MAS CAMPS"
63599,"Tram de_( RIERA DE MAS CAMPS )"
63600,"Tram de_( RIERA DE MAS CAMPS )"
63601,"Tram de_( RIERA DE VILARIG )"
63602,"Tram de_( RIERA DE VILARIG )"
63604,"Tram de_( RIERA DE LA CODINA )"
63605,"Tram de_( RIERA DE LA CODINA )"
63606,"Tram de_( RIU MANOL )"
63609,"Tram de_( RIU MANOL )"
63613,"Tram de_( RIU MANOL )"
63614,"Tram de_( RIU MANOL )"
63615,"Tram de_( RIU MANOL )"
63616,"Tram de_( RIU MANOL )"
63617,"RIERA DE MONTALAT"
63618,"Tram de_( RIERA DE MONTALAT )"
63619,"Tram de_( RIERA DE MONTALAT )"
63620,"Tram de_( RIERA DE MONTALAT )"
63621,"Tram de_( RIERA DE MONTALAT )"
63622,"Tram de_( SIN NOMBRE )"
63623,"Tram de_( SIN NOMBRE )"
63624,"Tram de_( RIU MANOL )"
63626,"TORRENT DE LA CIRERA"
63627,"Tram de_( TORRENT DE LA CIRERA )"
63628,"Tram de_( RIU MANOL )"
63629,"Tram de_( RIU MANOL )"
63630,"Tram de_( RIU MUGA )"
63631,"Tram de_( SIN NOMBRE )"
63632,"REC DEL CAMI VELL"
63633,"Tram de_( REC DEL CAMI VELL )"
63634,"RIU LLOBREGAT"
63636,"RIBERA D'ANYET"
63637,"RIU ORLINA"
63639,"Tram de_( RIU ORLINA )"
63640,"Tram de_( SIN NOMBRE )"
63641,"RIU REGUERADA"
63642,"Tram de_( RIU REGUERADA )"
63644,"Tram de_( RIU REGUERADA )"
63651,"Tram de_( RIU REGUERADA )"
63655,"REC DEL SITJAR"
63656,"Tram de_( REC DEL SITJAR )"
63657,"REC DE GONTA"
63664,"RIERA DELS CASTANYERS"
63668,"Tram de_( RIERA DELS CASTANYERS )"
63669,"Tram de_( RIERA DELS CASTANYERS )"
63670,"Tram de_( RIERA DELS CASTANYERS )"
63675,"Tram de_( RIU ORLINA )"
63680,"REC DEL PUIG D'ESTELA"
63682,"REC DE VALLFREDA"
63683,"Tram de_( REC DE VALLFREDA )"
63684,"Tram de_( REC DEL PUIG D'ESTELA )"
63685,"Tram de_( REC DEL PUIG D'ESTELA )"
63688,"RIU CORREC"
63689,"Tram de_( RIU CORREC )"
63692,"CORREC DE TRASSERRA"
63694,"Tram de_( CORREC DE TRASSERRA )"
63698,"RIU RUDESQUERS"
63699,"Tram de_( RIU RUDESQUERS )"
63700,"Tram de_( RIBERA D'ANYET )"
63701,"CORREC DELS VERNASSOS"
63702,"Tram de_( CORREC DELS VERNASSOS )"
63703,"Tram de_( CORREC DELS VERNASSOS )"
63704,"Tram de_( RIBERA D'ANYET )"
63705,"Tram de_( RIBERA D'ANYET )"
63706,"Tram de_( RIBERA D'ANYET )"
63707,"Tram de_( RIBERA D'ANYET )"
63708,"Tram de_( RIBERA D'ANYET )"
63709,"Tram de_( RIBERA D'ANYET )"
63710,"CORREC DE LA VERMOSA"
63711,"Tram de_( CORREC DE LA VERMOSA )"
63713,"CORREC DE JAÇA VELLA"
63714,"Tram de_( CORREC DE JAÇA VELLA )"
63720,"TORRENT DE COLL PREGON"
63721,"Tram de_( TORRENT DE COLL PREGON )"
63722,"Tram de_( TORRENT DE COLL PREGON )"
63723,"Tram de_( TORRENT DE COLL PREGON )"
63724,"CORREC DE LA FONT DE PRIMAVERA"
63725,"Tram de_( CORREC DE LA FONT DE PRIMAVERA )"
63726,"RIBERA DE VILARNADAL"
63727,"Tram de_( RIBERA DE VILARNADAL )"
63728,"RIBERA DE TORRELLES"
63731,"CORREC DEL VIELL"
63732,"Tram de_( CORREC DEL VIELL )"
63733,"Tram de_( CORREC DEL VIELL )"
63734,"Tram de_( RIBERA DE TORRELLES )"
63735,"Tram de_( SIN NOMBRE )"
63736,"RIU RICARDELL"
63737,"Tram de_( RIU RICARDELL )"
63738,"Tram de_( RIU RICARDELL )"
63739,"Tram de_( RIU RICARDELL )"
63740,"Tram de_( RIU RICARDELL )"
63741,"Tram de_( RIU RICARDELL )"
63745,"Tram de_( RIU RICARDELL )"
63748,"Tram de_( RIU RICARDELL )"
63750,"RIU RIBERA"
63752,"Tram de_( RIU RIBERA )"
63753,"Tram de_( RIU RIBERA )"
63754,"Tram de_( RIU RIBERA )"
63759,"BARRANC DE LES TORTORES"
63760,"Tram de_( BARRANC DE LES TORTORES )"
63762,"RIU RIBERETA"
63763,"Tram de_( RIU RIBERETA )"
63765,"Tram de_( RIU LLOBREGAT )"
63767,"RIU DE LA GUILLA"
63768,"RIERA DEL GOU"
63769,"Tram de_( RIERA DEL GOU )"
63772,"Tram de_( RIU DE LA GUILLA )"
63773,"Tram de_( SIN NOMBRE )"
63774,"Tram de_( RIU DE LA GUILLA )"
63776,"Tram de_( RIU LLOBREGAT )"
63777,"CORREC DE COMUNERA"
63778,"Tram de_( CORREC DE COMUNERA )"
63779,"Tram de_( CORREC DE COMUNERA )"
63780,"Tram de_( RIU LLOBREGAT )"
63782,"CORREC DEL FORN"
63783,"Tram de_( CORREC DEL FORN )"
63784,"CORREC DE SANTA LLUCIA"
63785,"Tram de_( CORREC DE SANTA LLUCIA )"
63786,"Tram de_( CORREC DE SANTA LLUCIA )"
63787,"Tram de_( RIU LLOBREGAT )"
63788,"Tram de_( RIU LLOBREGAT )"
63789,"CORREC DE LA CANALETA"
63790,"Tram de_( CORREC DE LA CANALETA )"
63791,"TORRENT DE QUEROLS"
63792,"Tram de_( TORRENT DE QUEROLS )"
63793,"Tram de_( TORRENT DE QUEROLS )"
63794,"CORREC DE LES VINYES"
63795,"Tram de_( CORREC DE LES VINYES )"
63797,"CORREC DE SANT JULIA"
63798,"Tram de_( CORREC DE SANT JULIA )"
63799,"Tram de_( CORREC DE SANT JULIA )"
63800,"Tram de_( RIU LLOBREGAT )"
63801,"CORREC DEL FORN DEL VIDRE"
63802,"Tram de_( CORREC DEL FORN DEL VIDRE )"
63805,"Tram de_( RIU LLOBREGAT )"
63806,"Tram de_( SIN NOMBRE )"
63807,"Tram de_( RIU LLOBREGAT )"
63808,"Tram de_( SIN NOMBRE )"
63809,"CORREC DEL FITO"
63810,"CORREC DEL BOU BLANC"
63811,"Tram de_( CORREC DEL BOU BLANC )"
63812,"Tram de_( RIU MUGA )"
63813,"Tram de_( RIU MUGA )"
63814,"Tram de_( RIU MUGA )"
63815,"Tram de_( RIU MUGA )"
63816,"CORREC DE MAS LLOPARD"
63817,"Tram de_( CORREC DE MAS LLOPARD )"
63818,"TORRENT DEL MAS CARRERES"
63819,"Tram de_( TORRENT DEL MAS CARRERES )"
63820,"Tram de_( RIU MUGA )"
63824,"Tram de_( RIU MUGA )"
63826,"Tram de_( RIU MUGA )"
63827,"Tram de_( RIU MUGA )"
63828,"TORRENT DE CANEMARS"
63830,"Tram de_( TORRENT DE CANEMARS )"
63831,"Tram de_( TORRENT DE CANEMARS )"
63832,"Tram de_( RIU MUGA )"
63833,"RIU D'ARMERA"
63836,"Tram de_( RIU D'ARMERA )"
63838,"RIU RINADAL"
63839,"CLOT DE CAN SUNYER"
63840,"Tram de_( CLOT DE CAN SUNYER )"
63842,"RIERA DE MAS CASTELL"
63843,"Tram de_( RIERA DE MAS CASTELL )"
63844,"Tram de_( RIU RINADAL )"
63845,"Tram de_( RIU RINADAL )"
63847,"Tram de_( RIU D'ARMERA )"
63848,"Tram de_( RIU D'ARMERA )"
63849,"RIERA DE FRAUSSA"
63850,"RIERA D'ARDENYA"
63851,"Tram de_( RIERA D'ARDENYA )"
63853,"Tram de_( RIERA DE FRAUSSA )"
63854,"Tram de_( RIERA DE FRAUSSA )"
63862,"RIERA DELS HORTS"
63863,"Tram de_( RIERA DELS HORTS )"
63865,"Tram de_( RIERA DELS HORTS )"
63866,"Tram de_( RIERA DELS HORTS )"
63867,"Tram de_( RIERA DELS HORTS )"
63868,"CLOT DEL BALLO"
63869,"Tram de_( CLOT DEL BALLO )"
63870,"CLOT DEL CROS"
63871,"Tram de_( CLOT DEL CROS )"
63872,"Tram de_( CLOT DEL CROS )"
63873,"Tram de_( RIU D'ARMERA )"
63874,"Tram de_( RIU MUGA )"
63875,"Tram de_( RIU MUGA )"
63877,"RIU RIMAL"
63882,"CLOT DEL BAC CONVERSA"
63883,"Tram de_( CLOT DEL BAC CONVERSA )"
63884,"Tram de_( CLOT DEL BAC CONVERSA )"
63885,"Tram de_( RIU RIMAL )"
63887,"Tram de_( RIU MUGA )"
63888,"Tram de_( RIU MUGA )"
63890,"Tram de_( RIU MUGA )"
63893,"Tram de_( RIU MUGA )"
63894,"Tram de_( RIU MUGA )"
63895,"Tram de_( RIU MUGA )"
63896,"Tram de_( RIU MUGA )"
63897,"CLOT DE LA BORA"
63898,"Tram de_( CLOT DE LA BORA )"
63899,"Tram de_( CLOT DE LA BORA )"
63900,"Tram de_( RIU MUGA )"
63901,"Tram de_( RIU MUGA )"
63903,"Tram de_( RIU MUGA )"
63904,"Tram de_( RIU MUGA )"
63905,"Tram de_( RIU MUGA )"
63907,"Tram de_( RIU MUGA )"
63908,"RIERA D'EN PARADA"
63909,"Tram de_( RIERA D'EN PARADA )"
63910,"Tram de_( RIERA D'EN PARADA )"
63911,"Tram de_( RIERA D'EN PARADA )"
63912,"Tram de_( RIERA D'EN PARADA )"
63913,"Tram de_( RIERA D'EN PARADA )"
63916,"Tram de_( RIU MUGA )"
63917,"TORRENT DE FERREROS"
63918,"Tram de_( TORRENT DE FERREROS )"
63919,"Tram de_( RIU MUGA )"
63920,"CLOT DEL TAQUINELL"
63921,"Tram de_( CLOT DEL TAQUINELL )"
63926,"RIU MAJOR"
63927,"Tram de_( RIU MAJOR )"
63928,"Tram de_( RIU MAJOR )"
63929,"Tram de_( SIN NOMBRE )"
63934,"REC D'EN MATES"
63935,"REC DE QUERALBS"
63936,"Tram de_( REC DE QUERALBS )"
63937,"Tram de_( REC D'EN MATES )"
63939,"REC DE LES CLOSES"
63940,"REC DE LA FANTASIA"
63941,"Tram de_( REC DE LA FANTASIA )"
63942,"Tram de_( REC DE LES CLOSES )"
63950,"REC DE PLANELLS"
63951,"Tram de_( REC DE PLANELLS )"
63954,"RIERA DE PEDRET"
63955,"Tram de_( RIERA DE PEDRET )"
63959,"BARRANC DE LA COMA DE L'INFERN"
63960,"Tram de_( BARRANC DE LA COMA DE L'INFERN )"
63961,"Tram de_( BARRANC DE LA COMA DE L'INFERN )"
63962,"Tram de_( BARRANC DE LA COMA DE L'INFERN )"
63967,"REC DE LES FONTS"
63968,"Tram de_( REC DE LES FONTS )"
63969,"RIERA DE GARRIGUELLA"
63970,"Tram de_( RIERA DE GARRIGUELLA )"
63971,"RIBERA DE PONTILS"
63972,"REC DE FONTANILLES"
63973,"Tram de_( REC DE FONTANILLES )"
63978,"BARRANC DE LA MATA"
63979,"Tram de_( BARRANC DE LA MATA )"
63980,"Tram de_( RIERA DE GARRIGUELLA )"
63982,"REC DEL MAS DELS ARBRES"
63984,"Tram de_( REC DEL MAS DELS ARBRES )"
63985,"Tram de_( REC DEL MAS DELS ARBRES )"
63986,"Tram de_( REC DEL MAS DELS ARBRES )"
63987,"REC FONDO"
63988,"Tram de_( REC FONDO )"
63989,"RIERA DE LA VILA"
63991,"Tram de_( RIERA DE LA VILA )"
63992,"Tram de_( RIERA DE LA VILA )"
63993,"RIERA DE LA QUARA"
63994,"Tram de_( RIERA DE LA QUARA )"
63998,"REC DE MONTJOI"
63999,"Tram de_( REC DE MONTJOI )"
64000,"Tram de_( REC DE MONTJOI )"
64002,"RIERA DE JONCOLS"
64006,"Tram de_( RIERA DE JONCOLS )"
64008,"Tram de_( SIN NOMBRE )"
64013,"Tram de_( SIN NOMBRE )"
64014,"Tram de_( SIN NOMBRE )"
64026,"Tram de_( SIN NOMBRE )"
64029,"REC DE SES CULASSES"
64030,"Tram de_( REC DE SES CULASSES )"
64033,"Tram de_( SIN NOMBRE )"
64036,"RIERA DE TAVALLERA"
64037,"Tram de_( RIERA DE TAVALLERA )"
64038,"Tram de_( RIERA DE TAVALLERA )"
64042,"REC DE TALABRE"
64044,"Tram de_( REC DE TALABRE )"
64045,"Tram de_( REC DE TALABRE )"
64047,"REC DE LA GALERA"
64048,"Tram de_( REC DE LA GALERA )"
64050,"REC DE LA TAMARIUA"
64051,"Tram de_( REC DE LA TAMARIUA )"
64053,"RIERA DE ROMANYAC"
64055,"Tram de_( RIERA DE ROMANYAC )"
64058,"Tram de_( RIERA DE ROMANYAC )"
64060,"Tram de_( RIERA DE ROMANYAC )"
64064,"Tram de_( RIERA DE ROMANYAC )"
64065,"REC DELS TRULLS"
64066,"Tram de_( REC DELS TRULLS )"
64067,"Tram de_( RIERA DE ROMANYAC )"
64068,"Tram de_( RIERA DE ROMANYAC )"
64069,"REC DE LA LLOBATERA"
64070,"Tram de_( REC DE LA LLOBATERA )"
64072,"REC DELS GATIENS"
64073,"Tram de_( REC DELS GATIENS )"
64074,"REC DELS GORGS"
64075,"Tram de_( REC DELS GORGS )"
64077,"Tram de_( SIN NOMBRE )"
64081,"Tram de_( SIN NOMBRE )"
64083,"RIBERA DE LLANÇA"
64084,"Tram de_( RIBERA DE LLANÇA )"
64085,"Tram de_( RIBERA DE LLANÇA )"
64086,"Tram de_( RIBERA DE LLANÇA )"
64087,"Tram de_( RIBERA DE LLANÇA )"
64088,"RIBERA D'EN PRIM"
64089,"Tram de_( RIBERA D'EN PRIM )"
64090,"RIBERA DE MADRES"
64091,"Tram de_( RIBERA DE MADRES )"
64092,"Tram de_( RIBERA DE LLANÇA )"
64093,"RIBERA DEL MAS DE LA MATA"
64094,"Tram de_( RIBERA DEL MAS DE LA MATA )"
64095,"Tram de_( RIBERA DEL MAS DE LA MATA )"
64096,"RIERA DE VALLETA"
64097,"Tram de_( RIERA DE VALLETA )"
64099,"Tram de_( RIERA DE VALLETA )"
64100,"Tram de_( RIERA DE VALLETA )"
64101,"TORRENT DE LA BALMETA"
64102,"Tram de_( TORRENT DE LA BALMETA )"
64104,"REC DEL BOQUER"
64105,"Tram de_( REC DEL BOQUER )"
64106,"Tram de_( REC DEL BOQUER )"
64107,"REC DE GRIFEU"
64108,"Tram de_( REC DE GRIFEU )"
64109,"RIERA DE GARVET"
64112,"REC DE LA ROQUETA"
64113,"Tram de_( REC DE LA ROQUETA )"
64114,"Tram de_( RIERA DE GARVET )"
64115,"RIBERA DE MOLINAS"
64122,"Tram de_( RIBERA DE MOLINAS )"
64124,"REC DE SANT MIQUEL"
64125,"Tram de_( REC DE SANT MIQUEL )"
64126,"TORRENT DE L'INFERN"
64128,"Tram de_( TORRENT DE L'INFERN )"
64129,"Tram de_( TORRENT DE L'INFERN )"
64130,"REC DE LA PINEDA"
64131,"Tram de_( REC DE LA PINEDA )"
64132,"REC DE LA FLORICA"
64133,"Tram de_( REC DE LA FLORICA )"
64134,"Tram de_( REC DE LA FLORICA )"
