OBJECTID,nom_rio,OBJECTID_2,nom_rio_2
27712,ACEQUIA DE LES FOIES,27719,SIN NOMBRE
27713,BARRANC DELS TERRERS,27714,SIN NOMBRE
27714,SIN NOMBRE,27714,SIN NOMBRE
27719,SIN NOMBRE,27719,SIN NOMBRE
27726,SIN NOMBRE,27726,SIN NOMBRE
27734,BARRANC DE LA FOU,27748,SIN NOMBRE
27734,BARRANC DE LA FOU,27751,SIN NOMBRE
27748,SIN NOMBRE,27748,SIN NOMBRE
27751,SIN NOMBRE,27751,SIN NOMBRE
27751,SIN NOMBRE,27752,SIN NOMBRE
27752,SIN NOMBRE,27752,SIN NOMBRE
27753,BARRANC DE L'AVELLANAR,27754,SIN NOMBRE
27754,SIN NOMBRE,27754,SIN NOMBRE
27789,SIN NOMBRE,27789,SIN NOMBRE
27791,SIN NOMBRE,27791,SIN NOMBRE
27792,BARRANC DE LA MARTINENCA,27794,SIN NOMBRE
27794,SIN NOMBRE,27794,SIN NOMBRE
27795,SIN NOMBRE,27795,SIN NOMBRE
27796,BARRANC DEL LLOP,27797,SIN NOMBRE
27796,BARRANC DEL LLOP,27798,SIN NOMBRE
27797,SIN NOMBRE,27797,SIN NOMBRE
27798,SIN NOMBRE,27798,SIN NOMBRE
27799,BARRANC DEL CODONYOL,27801,SIN NOMBRE
27799,BARRANC DEL CODONYOL,27802,SIN NOMBRE
27799,BARRANC DEL CODONYOL,27803,SIN NOMBRE
27801,SIN NOMBRE,27801,SIN NOMBRE
27802,SIN NOMBRE,27802,SIN NOMBRE
27803,SIN NOMBRE,27803,SIN NOMBRE
27804,BARRANC DE L'AIGUASSERA,27805,SIN NOMBRE
27805,SIN NOMBRE,27805,SIN NOMBRE
27806,SIN NOMBRE,27806,SIN NOMBRE
27807,RIO EBRO,27864,SIN NOMBRE
27807,RIO EBRO,27866,SIN NOMBRE
27807,RIO EBRO,27867,SIN NOMBRE
27807,RIO EBRO,27871,SIN NOMBRE
27807,RIO EBRO,28047,SIN NOMBRE
27807,RIO EBRO,28059,SIN NOMBRE
27807,RIO EBRO,28060,SIN NOMBRE
27807,RIO EBRO,28117,SIN NOMBRE
27807,RIO EBRO,28128,SIN NOMBRE
27807,RIO EBRO,28147,SIN NOMBRE
27807,RIO EBRO,28148,SIN NOMBRE
27807,RIO EBRO,28150,SIN NOMBRE
27807,RIO EBRO,28154,SIN NOMBRE
27807,RIO EBRO,28214,SIN NOMBRE
27807,RIO EBRO,28215,SIN NOMBRE
27807,RIO EBRO,28231,SIN NOMBRE
27807,RIO EBRO,28247,SIN NOMBRE
27807,RIO EBRO,28248,SIN NOMBRE
27807,RIO EBRO,28254,SIN NOMBRE
27807,RIO EBRO,28349,SIN NOMBRE
27807,RIO EBRO,28414,SIN NOMBRE
27807,RIO EBRO,28429,SIN NOMBRE
27807,RIO EBRO,28430,SIN NOMBRE
27807,RIO EBRO,28431,SIN NOMBRE
27807,RIO EBRO,28432,SIN NOMBRE
27807,RIO EBRO,28433,SIN NOMBRE
27807,RIO EBRO,28833,SIN NOMBRE
27807,RIO EBRO,28838,SIN NOMBRE
27807,RIO EBRO,28898,SIN NOMBRE
27807,RIO EBRO,28899,SIN NOMBRE
27807,RIO EBRO,28937,SIN NOMBRE
27807,RIO EBRO,28938,SIN NOMBRE
27807,RIO EBRO,28993,SIN NOMBRE
27807,RIO EBRO,28994,SIN NOMBRE
27807,RIO EBRO,29068,SIN NOMBRE
27807,RIO EBRO,29069,SIN NOMBRE
27807,RIO EBRO,29102,SIN NOMBRE
27807,RIO EBRO,29103,SIN NOMBRE
27807,RIO EBRO,29106,SIN NOMBRE
27807,RIO EBRO,29116,SIN NOMBRE
27807,RIO EBRO,29117,SIN NOMBRE
27807,RIO EBRO,29118,SIN NOMBRE
27807,RIO EBRO,29119,SIN NOMBRE
27807,RIO EBRO,29120,SIN NOMBRE
27807,RIO EBRO,29121,SIN NOMBRE
27807,RIO EBRO,29126,SIN NOMBRE
27807,RIO EBRO,29163,SIN NOMBRE
27807,RIO EBRO,30011,SIN NOMBRE
27807,RIO EBRO,30012,SIN NOMBRE
27807,RIO EBRO,30021,SIN NOMBRE
27807,RIO EBRO,30022,SIN NOMBRE
27811,BARRANC DELS BARCELLES,27812,SIN NOMBRE
27812,SIN NOMBRE,27812,SIN NOMBRE
27813,BARRANC DE LA FULLOLA,27820,SIN NOMBRE
27813,BARRANC DE LA FULLOLA,27821,SIN NOMBRE
27813,BARRANC DE LA FULLOLA,27823,SIN NOMBRE
27813,BARRANC DE LA FULLOLA,27824,SIN NOMBRE
27820,SIN NOMBRE,27820,SIN NOMBRE
27821,SIN NOMBRE,27821,SIN NOMBRE
27823,SIN NOMBRE,27823,SIN NOMBRE
27824,SIN NOMBRE,27824,SIN NOMBRE
27825,BARRANC DE L'OMBRIA DE XIRIMINA,27826,SIN NOMBRE
27826,SIN NOMBRE,27826,SIN NOMBRE
27828,BARRANC DE SOLITO,27829,SIN NOMBRE
27828,BARRANC DE SOLITO,27830,SIN NOMBRE
27828,BARRANC DE SOLITO,27831,SIN NOMBRE
27829,SIN NOMBRE,27829,SIN NOMBRE
27830,SIN NOMBRE,27830,SIN NOMBRE
27831,SIN NOMBRE,27831,SIN NOMBRE
27833,BARRANC DE LA GRANADELLA O DE FAVARET,27837,SIN NOMBRE
27833,BARRANC DE LA GRANADELLA O DE FAVARET,27838,SIN NOMBRE
27833,BARRANC DE LA GRANADELLA O DE FAVARET,27845,SIN NOMBRE
27834,BARRANC DEL MAS ROIG,27835,SIN NOMBRE
27835,SIN NOMBRE,27835,SIN NOMBRE
27837,SIN NOMBRE,27837,SIN NOMBRE
27838,SIN NOMBRE,27838,SIN NOMBRE
27839,BARRANC DE LA FONT DE GRACIA,27840,SIN NOMBRE
27839,BARRANC DE LA FONT DE GRACIA,27841,SIN NOMBRE
27840,SIN NOMBRE,27840,SIN NOMBRE
27841,SIN NOMBRE,27841,SIN NOMBRE
27845,SIN NOMBRE,27845,SIN NOMBRE
27846,BARRANC DELS PIXADORS,27847,SIN NOMBRE
27846,BARRANC DELS PIXADORS,27849,SIN NOMBRE
27847,SIN NOMBRE,27847,SIN NOMBRE
27847,SIN NOMBRE,27848,SIN NOMBRE
27848,SIN NOMBRE,27848,SIN NOMBRE
27849,SIN NOMBRE,27849,SIN NOMBRE
27850,BARRANC DEL COLL DE L'ALBA O D'EN PRINCEP,27851,SIN NOMBRE
27850,BARRANC DEL COLL DE L'ALBA O D'EN PRINCEP,27853,SIN NOMBRE
27850,BARRANC DEL COLL DE L'ALBA O D'EN PRINCEP,27854,SIN NOMBRE
27851,SIN NOMBRE,27851,SIN NOMBRE
27853,SIN NOMBRE,27853,SIN NOMBRE
27854,SIN NOMBRE,27854,SIN NOMBRE
27856,BARRANC DE L'ORIOLA O DELS NUVOLS,27862,SIN NOMBRE
27856,BARRANC DE L'ORIOLA O DELS NUVOLS,27863,SIN NOMBRE
27858,BARRANC DE L'ANTIC,27859,SIN NOMBRE
27859,SIN NOMBRE,27859,SIN NOMBRE
27862,SIN NOMBRE,27862,SIN NOMBRE
27863,SIN NOMBRE,27863,SIN NOMBRE
27864,SIN NOMBRE,27864,SIN NOMBRE
27864,SIN NOMBRE,27865,SIN NOMBRE
27865,SIN NOMBRE,27865,SIN NOMBRE
27866,SIN NOMBRE,27866,SIN NOMBRE
27867,SIN NOMBRE,27867,SIN NOMBRE
27871,SIN NOMBRE,27871,SIN NOMBRE
27873,BARRANC DE SOLSO,27874,SIN NOMBRE
27874,SIN NOMBRE,27874,SIN NOMBRE
27875,BARRANC DE LES FOIES,27878,SIN NOMBRE
27875,BARRANC DE LES FOIES,27882,SIN NOMBRE
27875,BARRANC DE LES FOIES,27884,SIN NOMBRE
27876,BARRANC DE LES FOSSETES,27877,SIN NOMBRE
27877,SIN NOMBRE,27877,SIN NOMBRE
27878,SIN NOMBRE,27878,SIN NOMBRE
27879,BARRANC DEL SASTRE,27880,SIN NOMBRE
27879,BARRANC DEL SASTRE,27881,SIN NOMBRE
27880,SIN NOMBRE,27880,SIN NOMBRE
27880,SIN NOMBRE,27881,SIN NOMBRE
27881,SIN NOMBRE,27880,SIN NOMBRE
27881,SIN NOMBRE,27881,SIN NOMBRE
27882,SIN NOMBRE,27882,SIN NOMBRE
27882,SIN NOMBRE,27883,SIN NOMBRE
27883,SIN NOMBRE,27883,SIN NOMBRE
27884,SIN NOMBRE,27884,SIN NOMBRE
27885,BARRANC DE L'ASTOR,27886,SIN NOMBRE
27886,SIN NOMBRE,27886,SIN NOMBRE
27887,BARRANC DE LA POLLA,27888,SIN NOMBRE
27887,BARRANC DE LA POLLA,27891,SIN NOMBRE
27887,BARRANC DE LA POLLA,27892,SIN NOMBRE
27887,BARRANC DE LA POLLA,27895,SIN NOMBRE
27888,SIN NOMBRE,27888,SIN NOMBRE
27889,BARRANC DEL MASCARAT,27890,SIN NOMBRE
27890,SIN NOMBRE,27890,SIN NOMBRE
27891,SIN NOMBRE,27891,SIN NOMBRE
27892,SIN NOMBRE,27892,SIN NOMBRE
27892,SIN NOMBRE,27893,SIN NOMBRE
27893,SIN NOMBRE,27893,SIN NOMBRE
27895,SIN NOMBRE,27895,SIN NOMBRE
27896,BARRANC DE MARCELINA,27895,SIN NOMBRE
27899,BARRANC DE LES FENOSES,27900,SIN NOMBRE
27899,BARRANC DE LES FENOSES,27901,SIN NOMBRE
27899,BARRANC DE LES FENOSES,27902,SIN NOMBRE
27900,SIN NOMBRE,27900,SIN NOMBRE
27901,SIN NOMBRE,27901,SIN NOMBRE
27902,SIN NOMBRE,27902,SIN NOMBRE
27905,BARRANC DE LA GALERA,27948,SIN NOMBRE
27905,BARRANC DE LA GALERA,27957,SIN NOMBRE
27905,BARRANC DE LA GALERA,27958,SIN NOMBRE
27905,BARRANC DE LA GALERA,27959,SIN NOMBRE
27905,BARRANC DE LA GALERA,27960,SIN NOMBRE
27905,BARRANC DE LA GALERA,27961,SIN NOMBRE
27905,BARRANC DE LA GALERA,27962,SIN NOMBRE
27906,RAMBLA DEL TOLL ROIG,27909,SIN NOMBRE
27906,RAMBLA DEL TOLL ROIG,27911,SIN NOMBRE
27909,SIN NOMBRE,27909,SIN NOMBRE
27911,SIN NOMBRE,27911,SIN NOMBRE
27914,BARRANC DEL CARRASCAL,27915,SIN NOMBRE
27915,SIN NOMBRE,27915,SIN NOMBRE
27917,BARRANC DE LES TORRASES O DELS COCONS,27918,SIN NOMBRE
27918,SIN NOMBRE,27918,SIN NOMBRE
27919,BARRANC DE CAP D'ASENS,27920,SIN NOMBRE
27920,SIN NOMBRE,27920,SIN NOMBRE
27921,BARRANC DE DAMPANIS,27922,SIN NOMBRE
27921,BARRANC DE DAMPANIS,27923,SIN NOMBRE
27922,SIN NOMBRE,27922,SIN NOMBRE
27923,SIN NOMBRE,27923,SIN NOMBRE
27924,BARRANC DE VALLDEBOUS,27925,SIN NOMBRE
27924,BARRANC DE VALLDEBOUS,27928,SIN NOMBRE
27924,BARRANC DE VALLDEBOUS,27930,SIN NOMBRE
27924,BARRANC DE VALLDEBOUS,27931,SIN NOMBRE
27924,BARRANC DE VALLDEBOUS,27932,SIN NOMBRE
27925,SIN NOMBRE,27925,SIN NOMBRE
27928,SIN NOMBRE,27928,SIN NOMBRE
27930,SIN NOMBRE,27930,SIN NOMBRE
27931,SIN NOMBRE,27931,SIN NOMBRE
27932,SIN NOMBRE,27932,SIN NOMBRE
27933,BARRANC DE MANGRANER,27934,SIN NOMBRE
27934,SIN NOMBRE,27934,SIN NOMBRE
27937,BARRANC DEL TORRIL,27938,SIN NOMBRE
27938,SIN NOMBRE,27938,SIN NOMBRE
27943,BARRANC DELS CAIXOLS,27944,SIN NOMBRE
27944,SIN NOMBRE,27944,SIN NOMBRE
27946,BARRANC DE LA CASA GOMIS,27947,SIN NOMBRE
27947,SIN NOMBRE,27947,SIN NOMBRE
27948,SIN NOMBRE,27948,SIN NOMBRE
27951,BARRANC DEL REGATXOL,27952,SIN NOMBRE
27951,BARRANC DEL REGATXOL,27953,SIN NOMBRE
27952,SIN NOMBRE,27952,SIN NOMBRE
27953,SIN NOMBRE,27953,SIN NOMBRE
27954,BARRANC DE LA GOTELLERA,27955,SIN NOMBRE
27954,BARRANC DE LA GOTELLERA,27956,SIN NOMBRE
27955,SIN NOMBRE,27955,SIN NOMBRE
27956,SIN NOMBRE,27956,SIN NOMBRE
27957,SIN NOMBRE,27957,SIN NOMBRE
27958,SIN NOMBRE,27958,SIN NOMBRE
27959,SIN NOMBRE,27959,SIN NOMBRE
27960,SIN NOMBRE,27960,SIN NOMBRE
27961,SIN NOMBRE,27961,SIN NOMBRE
27962,SIN NOMBRE,27962,SIN NOMBRE
27963,BARRANC DE LA VALL,27964,SIN NOMBRE
27964,SIN NOMBRE,27964,SIN NOMBRE
27966,BARRANC DE LLEDO,27968,SIN NOMBRE
27968,SIN NOMBRE,27968,SIN NOMBRE
27969,BARRANC DELS PLANS LLOPS,27970,SIN NOMBRE
27969,BARRANC DELS PLANS LLOPS,27972,SIN NOMBRE
27969,BARRANC DELS PLANS LLOPS,27973,SIN NOMBRE
27970,SIN NOMBRE,27970,SIN NOMBRE
27970,SIN NOMBRE,27971,SIN NOMBRE
27971,SIN NOMBRE,27971,SIN NOMBRE
27972,SIN NOMBRE,27972,SIN NOMBRE
27973,SIN NOMBRE,27973,SIN NOMBRE
27974,BARRANC DE TRILLADOR,27980,SIN NOMBRE
27975,BARRANC DEL PREGO,27976,SIN NOMBRE
27975,BARRANC DEL PREGO,27978,SIN NOMBRE
27975,BARRANC DEL PREGO,27979,SIN NOMBRE
27976,SIN NOMBRE,27976,SIN NOMBRE
27978,SIN NOMBRE,27978,SIN NOMBRE
27979,SIN NOMBRE,27979,SIN NOMBRE
27980,SIN NOMBRE,27980,SIN NOMBRE
27983,BARRANC DE LA CELLULOSA,27984,SIN NOMBRE
27983,BARRANC DE LA CELLULOSA,27985,SIN NOMBRE
27984,SIN NOMBRE,27984,SIN NOMBRE
27985,SIN NOMBRE,27985,SIN NOMBRE
27986,BARRANC DE ROER,27987,SIN NOMBRE
27987,SIN NOMBRE,27987,SIN NOMBRE
27988,BARRANC DE LA PETJA,27989,SIN NOMBRE
27989,SIN NOMBRE,27989,SIN NOMBRE
27990,BARRANC FONDO,27991,SIN NOMBRE
27991,SIN NOMBRE,27991,SIN NOMBRE
27994,BARRANC DE LLORET,28000,SIN NOMBRE
27995,BARRANC DE LA COVA DEL GARROFER,27996,SIN NOMBRE
27995,BARRANC DE LA COVA DEL GARROFER,27997,SIN NOMBRE
27995,BARRANC DE LA COVA DEL GARROFER,27998,SIN NOMBRE
27996,SIN NOMBRE,27996,SIN NOMBRE
27997,SIN NOMBRE,27997,SIN NOMBRE
27998,SIN NOMBRE,27998,SIN NOMBRE
28000,SIN NOMBRE,28000,SIN NOMBRE
28002,BARRANC DE COVA PINTADA,28003,SIN NOMBRE
28003,SIN NOMBRE,28003,SIN NOMBRE
28008,BARRANC DE LA CONCA,28009,SIN NOMBRE
28009,SIN NOMBRE,28009,SIN NOMBRE
28012,BARRANC DE LA VALL D'EN PASTOR,28013,SIN NOMBRE
28013,SIN NOMBRE,28013,SIN NOMBRE
28015,BARRANC DE LA LLET,28016,SIN NOMBRE
28015,BARRANC DE LA LLET,28017,SIN NOMBRE
28016,SIN NOMBRE,28016,SIN NOMBRE
28017,SIN NOMBRE,28017,SIN NOMBRE
28018,BARRANC DEL RACO DE L'INFERN,28019,SIN NOMBRE
28019,SIN NOMBRE,28019,SIN NOMBRE
28021,BARRANC DEL GALATXO,28022,SIN NOMBRE
28022,SIN NOMBRE,28022,SIN NOMBRE
28030,BARRANC DE LA VALL DE LA SERVERA,28032,SIN NOMBRE
28032,SIN NOMBRE,28032,SIN NOMBRE
28035,BARRANC DEL TORRENT,28036,SIN NOMBRE
28035,BARRANC DEL TORRENT,28037,SIN NOMBRE
28035,BARRANC DEL TORRENT,28038,SIN NOMBRE
28036,SIN NOMBRE,28036,SIN NOMBRE
28037,SIN NOMBRE,28037,SIN NOMBRE
28038,SIN NOMBRE,28038,SIN NOMBRE
28039,BARRANC D'EN RUBI,28040,SIN NOMBRE
28040,SIN NOMBRE,28040,SIN NOMBRE
28041,BARRANC DE RIU SEC,28042,SIN NOMBRE
28041,BARRANC DE RIU SEC,28043,SIN NOMBRE
28042,SIN NOMBRE,28042,SIN NOMBRE
28043,SIN NOMBRE,28043,SIN NOMBRE
28043,SIN NOMBRE,28044,SIN NOMBRE
28044,SIN NOMBRE,28044,SIN NOMBRE
28047,SIN NOMBRE,28047,SIN NOMBRE
28047,SIN NOMBRE,28048,SIN NOMBRE
28048,SIN NOMBRE,28048,SIN NOMBRE
28049,BARRANC DELS TANCATS,28052,SIN NOMBRE
28049,BARRANC DELS TANCATS,28053,SIN NOMBRE
28050,BARRANC DE LA MONTSERRADA,28051,SIN NOMBRE
28051,SIN NOMBRE,28051,SIN NOMBRE
28052,SIN NOMBRE,28052,SIN NOMBRE
28053,SIN NOMBRE,28053,SIN NOMBRE
28053,SIN NOMBRE,28054,SIN NOMBRE
28054,SIN NOMBRE,28054,SIN NOMBRE
28056,BARRANC DE LES CORRALISSES,28057,SIN NOMBRE
28056,BARRANC DE LES CORRALISSES,28058,SIN NOMBRE
28057,SIN NOMBRE,28057,SIN NOMBRE
28058,SIN NOMBRE,28058,SIN NOMBRE
28059,SIN NOMBRE,28059,SIN NOMBRE
28060,SIN NOMBRE,28060,SIN NOMBRE
28061,BARRANC DEL BASSIOL,28062,SIN NOMBRE
28062,SIN NOMBRE,28062,SIN NOMBRE
28062,SIN NOMBRE,28063,SIN NOMBRE
28063,SIN NOMBRE,28063,SIN NOMBRE
28064,BARRANC DE BARRUGAT,28065,SIN NOMBRE
28065,SIN NOMBRE,28065,SIN NOMBRE
28066,BARRANC DE LA CONCA DE SANT JULIA,28067,SIN NOMBRE
28066,BARRANC DE LA CONCA DE SANT JULIA,28069,SIN NOMBRE
28066,BARRANC DE LA CONCA DE SANT JULIA,28070,SIN NOMBRE
28066,BARRANC DE LA CONCA DE SANT JULIA,28071,SIN NOMBRE
28066,BARRANC DE LA CONCA DE SANT JULIA,28072,SIN NOMBRE
28066,BARRANC DE LA CONCA DE SANT JULIA,28074,SIN NOMBRE
28067,SIN NOMBRE,28067,SIN NOMBRE
28069,SIN NOMBRE,28069,SIN NOMBRE
28070,SIN NOMBRE,28070,SIN NOMBRE
28071,SIN NOMBRE,28071,SIN NOMBRE
28072,SIN NOMBRE,28072,SIN NOMBRE
28074,SIN NOMBRE,28074,SIN NOMBRE
28075,BARRANC DEL LLOP O D'EN XIVEL.LI,28076,SIN NOMBRE
28075,BARRANC DEL LLOP O D'EN XIVEL.LI,28077,SIN NOMBRE
28075,BARRANC DEL LLOP O D'EN XIVEL.LI,28081,SIN NOMBRE
28076,SIN NOMBRE,28076,SIN NOMBRE
28077,SIN NOMBRE,28077,SIN NOMBRE
28078,BARRANC DE LES FIGUERASSES,28079,SIN NOMBRE
28079,SIN NOMBRE,28079,SIN NOMBRE
28081,SIN NOMBRE,28081,SIN NOMBRE
28083,BARRANC DELS FORNETS,28084,SIN NOMBRE
28084,SIN NOMBRE,28084,SIN NOMBRE
28087,BARRANC DEL LLIGUERANS,28091,SIN NOMBRE
28089,BARRANC DE L'ALBARDASSA,28090,SIN NOMBRE
28090,SIN NOMBRE,28090,SIN NOMBRE
28091,SIN NOMBRE,28091,SIN NOMBRE
28092,BARRANC DE VALLPALMERA,28093,SIN NOMBRE
28092,BARRANC DE VALLPALMERA,28094,SIN NOMBRE
28092,BARRANC DE VALLPALMERA,28095,SIN NOMBRE
28093,SIN NOMBRE,28093,SIN NOMBRE
28094,SIN NOMBRE,28094,SIN NOMBRE
28095,SIN NOMBRE,28095,SIN NOMBRE
28096,BARRANC DE BOIX,28100,SIN NOMBRE
28096,BARRANC DE BOIX,28101,SIN NOMBRE
28097,BARRANC DELS PARETS,28098,SIN NOMBRE
28097,BARRANC DELS PARETS,28099,SIN NOMBRE
28098,SIN NOMBRE,28098,SIN NOMBRE
28099,SIN NOMBRE,28099,SIN NOMBRE
28100,SIN NOMBRE,28100,SIN NOMBRE
28101,SIN NOMBRE,28101,SIN NOMBRE
28102,BARRANC DE LES CALOBRES,28104,SIN NOMBRE
28104,SIN NOMBRE,28104,SIN NOMBRE
28105,BARRANC DE LA BOINACA,28116,SIN NOMBRE
28106,BARRANC DEL BASSIOL,28107,SIN NOMBRE
28106,BARRANC DEL BASSIOL,28108,SIN NOMBRE
28106,BARRANC DEL BASSIOL,28109,SIN NOMBRE
28107,SIN NOMBRE,28107,SIN NOMBRE
28108,SIN NOMBRE,28108,SIN NOMBRE
28109,SIN NOMBRE,28109,SIN NOMBRE
28112,BARRANC DE LES SEVINES,28113,SIN NOMBRE
28113,SIN NOMBRE,28113,SIN NOMBRE
28114,BARRANC DELS SEGADELLS,28115,SIN NOMBRE
28115,SIN NOMBRE,28115,SIN NOMBRE
28116,SIN NOMBRE,28116,SIN NOMBRE
28117,SIN NOMBRE,28117,SIN NOMBRE
28118,BARRANC DE L'ARGILA,28119,SIN NOMBRE
28118,BARRANC DE L'ARGILA,28123,SIN NOMBRE
28118,BARRANC DE L'ARGILA,28124,SIN NOMBRE
28118,BARRANC DE L'ARGILA,28125,SIN NOMBRE
28118,BARRANC DE L'ARGILA,28126,SIN NOMBRE
28118,BARRANC DE L'ARGILA,28127,SIN NOMBRE
28119,SIN NOMBRE,28119,SIN NOMBRE
28121,BARRANC DE RAUDOR,28122,SIN NOMBRE
28122,SIN NOMBRE,28122,SIN NOMBRE
28123,SIN NOMBRE,28123,SIN NOMBRE
28124,SIN NOMBRE,28124,SIN NOMBRE
28125,SIN NOMBRE,28125,SIN NOMBRE
28126,SIN NOMBRE,28126,SIN NOMBRE
28127,SIN NOMBRE,28127,SIN NOMBRE
28128,SIN NOMBRE,28128,SIN NOMBRE
28130,BARRANC DE LES FONTS,28132,SIN NOMBRE
28130,BARRANC DE LES FONTS,28133,SIN NOMBRE
28132,SIN NOMBRE,28132,SIN NOMBRE
28133,SIN NOMBRE,28133,SIN NOMBRE
28135,BARRANC DE LES VALLS,28136,SIN NOMBRE
28135,BARRANC DE LES VALLS,28137,SIN NOMBRE
28136,SIN NOMBRE,28136,SIN NOMBRE
28137,SIN NOMBRE,28137,SIN NOMBRE
28139,BARRANC DEL MORELLA,28140,SIN NOMBRE
28140,SIN NOMBRE,28140,SIN NOMBRE
28145,BARRANC DELS MASETS,28146,SIN NOMBRE
28146,SIN NOMBRE,28146,SIN NOMBRE
28147,SIN NOMBRE,28147,SIN NOMBRE
28148,SIN NOMBRE,28148,SIN NOMBRE
28150,SIN NOMBRE,28150,SIN NOMBRE
28151,BARRANC DE SANT JORDI,28152,SIN NOMBRE
28151,BARRANC DE SANT JORDI,28153,SIN NOMBRE
28152,SIN NOMBRE,28152,SIN NOMBRE
28153,SIN NOMBRE,28153,SIN NOMBRE
28154,SIN NOMBRE,28154,SIN NOMBRE
28155,RIU DE LES CANALETES,28157,SIN NOMBRE
28155,RIU DE LES CANALETES,28158,SIN NOMBRE
28155,RIU DE LES CANALETES,28159,SIN NOMBRE
28155,RIU DE LES CANALETES,28160,SIN NOMBRE
28155,RIU DE LES CANALETES,28163,SIN NOMBRE
28155,RIU DE LES CANALETES,28165,SIN NOMBRE
28155,RIU DE LES CANALETES,28167,SIN NOMBRE
28155,RIU DE LES CANALETES,28169,SIN NOMBRE
28155,RIU DE LES CANALETES,28183,SIN NOMBRE
28155,RIU DE LES CANALETES,28196,SIN NOMBRE
28155,RIU DE LES CANALETES,28199,SIN NOMBRE
28155,RIU DE LES CANALETES,28203,SIN NOMBRE
28155,RIU DE LES CANALETES,28213,SIN NOMBRE
28157,SIN NOMBRE,28157,SIN NOMBRE
28158,SIN NOMBRE,28158,SIN NOMBRE
28159,SIN NOMBRE,28159,SIN NOMBRE
28160,SIN NOMBRE,28160,SIN NOMBRE
28163,SIN NOMBRE,28163,SIN NOMBRE
28163,SIN NOMBRE,28164,SIN NOMBRE
28164,SIN NOMBRE,28164,SIN NOMBRE
28165,SIN NOMBRE,28165,SIN NOMBRE
28167,SIN NOMBRE,28167,SIN NOMBRE
28169,SIN NOMBRE,28169,SIN NOMBRE
28178,BARRANC DE LA SOLSIDA,28179,SIN NOMBRE
28179,SIN NOMBRE,28179,SIN NOMBRE
28180,RIU DE LA GUARDIOLA,28182,SIN NOMBRE
28182,SIN NOMBRE,28182,SIN NOMBRE
28183,SIN NOMBRE,28183,SIN NOMBRE
28196,SIN NOMBRE,28196,SIN NOMBRE
28199,SIN NOMBRE,28199,SIN NOMBRE
28201,BARRANC DEL CLOSET,28202,SIN NOMBRE
28202,SIN NOMBRE,28202,SIN NOMBRE
28203,SIN NOMBRE,28203,SIN NOMBRE
28205,RIU D'EN PIQUER,28210,SIN NOMBRE
28206,BARRANC DE L'AVELLANAR,28207,SIN NOMBRE
28206,BARRANC DE L'AVELLANAR,28208,SIN NOMBRE
28206,BARRANC DE L'AVELLANAR,28210,SIN NOMBRE
28207,SIN NOMBRE,28207,SIN NOMBRE
28208,SIN NOMBRE,28208,SIN NOMBRE
28208,SIN NOMBRE,28209,SIN NOMBRE
28209,SIN NOMBRE,28209,SIN NOMBRE
28210,SIN NOMBRE,28210,SIN NOMBRE
28210,SIN NOMBRE,28211,SIN NOMBRE
28210,SIN NOMBRE,28212,SIN NOMBRE
28211,SIN NOMBRE,28211,SIN NOMBRE
28212,SIN NOMBRE,28212,SIN NOMBRE
28213,SIN NOMBRE,28213,SIN NOMBRE
28214,SIN NOMBRE,28214,SIN NOMBRE
28215,SIN NOMBRE,28215,SIN NOMBRE
28217,BARRANC DE VALLIPLANA,28218,SIN NOMBRE
28218,SIN NOMBRE,28218,SIN NOMBRE
28219,BARRANC DEL RACO DEL MAS,28220,SIN NOMBRE
28219,BARRANC DEL RACO DEL MAS,28221,SIN NOMBRE
28219,BARRANC DEL RACO DEL MAS,28225,SIN NOMBRE
28219,BARRANC DEL RACO DEL MAS,28226,SIN NOMBRE
28219,BARRANC DEL RACO DEL MAS,28227,SIN NOMBRE
28219,BARRANC DEL RACO DEL MAS,28228,SIN NOMBRE
28219,BARRANC DEL RACO DEL MAS,28229,SIN NOMBRE
28220,SIN NOMBRE,28220,SIN NOMBRE
28221,SIN NOMBRE,28221,SIN NOMBRE
28221,SIN NOMBRE,28222,SIN NOMBRE
28222,SIN NOMBRE,28222,SIN NOMBRE
28223,BARRANC DE LES ESPLANELLES,28224,SIN NOMBRE
28224,SIN NOMBRE,28224,SIN NOMBRE
28225,SIN NOMBRE,28225,SIN NOMBRE
28226,SIN NOMBRE,28226,SIN NOMBRE
28227,SIN NOMBRE,28227,SIN NOMBRE
28228,SIN NOMBRE,28228,SIN NOMBRE
28229,SIN NOMBRE,28229,SIN NOMBRE
28231,SIN NOMBRE,28231,SIN NOMBRE
28233,BARRANC DE LLEMASQUERES,28234,SIN NOMBRE
28234,SIN NOMBRE,28234,SIN NOMBRE
28236,BARRANC DE LA FONT D'EN RELLA,28237,SIN NOMBRE
28237,SIN NOMBRE,28237,SIN NOMBRE
28240,BARRANC DELS BOUS,28241,SIN NOMBRE
28240,BARRANC DELS BOUS,28242,SIN NOMBRE
28241,SIN NOMBRE,28241,SIN NOMBRE
28242,SIN NOMBRE,28242,SIN NOMBRE
28244,BARRANC DE GANDESA,28245,SIN NOMBRE
28244,BARRANC DE GANDESA,28246,SIN NOMBRE
28245,SIN NOMBRE,28245,SIN NOMBRE
28246,SIN NOMBRE,28246,SIN NOMBRE
28247,SIN NOMBRE,28247,SIN NOMBRE
28248,SIN NOMBRE,28248,SIN NOMBRE
28249,BARRANC DE SEGURA,28250,SIN NOMBRE
28249,BARRANC DE SEGURA,28251,SIN NOMBRE
28250,SIN NOMBRE,28250,SIN NOMBRE
28251,SIN NOMBRE,28251,SIN NOMBRE
28254,SIN NOMBRE,28254,SIN NOMBRE
28255,BARRANC DEL NEGRER,28256,SIN NOMBRE
28256,SIN NOMBRE,28256,SIN NOMBRE
28262,RIERA DEL COMTE,28264,SIN NOMBRE
28264,SIN NOMBRE,28264,SIN NOMBRE
28265,BARRANC DE LES PEDRALETES,28266,SIN NOMBRE
28265,BARRANC DE LES PEDRALETES,28267,SIN NOMBRE
28265,BARRANC DE LES PEDRALETES,28268,SIN NOMBRE
28265,BARRANC DE LES PEDRALETES,28269,SIN NOMBRE
28265,BARRANC DE LES PEDRALETES,28271,SIN NOMBRE
28266,SIN NOMBRE,28266,SIN NOMBRE
28267,SIN NOMBRE,28267,SIN NOMBRE
28268,SIN NOMBRE,28268,SIN NOMBRE
28269,SIN NOMBRE,28269,SIN NOMBRE
28269,SIN NOMBRE,28270,SIN NOMBRE
28270,SIN NOMBRE,28270,SIN NOMBRE
28271,SIN NOMBRE,28271,SIN NOMBRE
28272,BARRANC DE LA RIERA,28273,SIN NOMBRE
28272,BARRANC DE LA RIERA,28274,SIN NOMBRE
28272,BARRANC DE LA RIERA,28309,SIN NOMBRE
28272,BARRANC DE LA RIERA,28312,SIN NOMBRE
28272,BARRANC DE LA RIERA,28315,SIN NOMBRE
28272,BARRANC DE LA RIERA,28316,SIN NOMBRE
28273,SIN NOMBRE,28273,SIN NOMBRE
28274,SIN NOMBRE,28274,SIN NOMBRE
28276,BARRANC DE LA ROJA,28279,SIN NOMBRE
28276,BARRANC DE LA ROJA,28284,SIN NOMBRE
28277,BARRANC DE ROCA BLANCA,28278,SIN NOMBRE
28278,SIN NOMBRE,28278,SIN NOMBRE
28279,SIN NOMBRE,28279,SIN NOMBRE
28280,BARRANC DE LA CAPARELLA,28281,SIN NOMBRE
28280,BARRANC DE LA CAPARELLA,28282,SIN NOMBRE
28280,BARRANC DE LA CAPARELLA,28283,SIN NOMBRE
28281,SIN NOMBRE,28281,SIN NOMBRE
28282,SIN NOMBRE,28282,SIN NOMBRE
28282,SIN NOMBRE,28283,SIN NOMBRE
28283,SIN NOMBRE,28282,SIN NOMBRE
28283,SIN NOMBRE,28283,SIN NOMBRE
28284,SIN NOMBRE,28284,SIN NOMBRE
28296,BARRANC DEL CLOT D'EN PASTOR,28301,SIN NOMBRE
28297,BARRANC DE LA VICTORIA O DE LA GRANADA,28298,SIN NOMBRE
28297,BARRANC DE LA VICTORIA O DE LA GRANADA,28300,SIN NOMBRE
28298,SIN NOMBRE,28298,SIN NOMBRE
28300,SIN NOMBRE,28300,SIN NOMBRE
28301,SIN NOMBRE,28301,SIN NOMBRE
28302,BARRANC DEL GRANADES O DE LA COVA D'EN CANADER,28307,SIN NOMBRE
28304,BARRANC DE VALLPLANA,28305,SIN NOMBRE
28305,SIN NOMBRE,28305,SIN NOMBRE
28307,SIN NOMBRE,28307,SIN NOMBRE
28309,SIN NOMBRE,28309,SIN NOMBRE
28312,SIN NOMBRE,28312,SIN NOMBRE
28315,SIN NOMBRE,28315,SIN NOMBRE
28316,SIN NOMBRE,28316,SIN NOMBRE
28317,BARRANC DE SANTA EULARIA,28318,SIN NOMBRE
28318,SIN NOMBRE,28318,SIN NOMBRE
28322,BARRANC DE QUIQUET,28323,SIN NOMBRE
28322,BARRANC DE QUIQUET,28324,SIN NOMBRE
28323,SIN NOMBRE,28323,SIN NOMBRE
28324,SIN NOMBRE,28324,SIN NOMBRE
28325,BARRANC D'ESCALERS,28326,SIN NOMBRE
28326,SIN NOMBRE,28326,SIN NOMBRE
28327,BARRANC DE L'AURETA,28328,SIN NOMBRE
28327,BARRANC DE L'AURETA,28329,SIN NOMBRE
28328,SIN NOMBRE,28328,SIN NOMBRE
28329,SIN NOMBRE,28329,SIN NOMBRE
28330,BARRANC DELS FOGASSOS,28331,SIN NOMBRE
28330,BARRANC DELS FOGASSOS,28332,SIN NOMBRE
28331,SIN NOMBRE,28331,SIN NOMBRE
28332,SIN NOMBRE,28332,SIN NOMBRE
28337,BARRANC DELS COMUNS,28338,SIN NOMBRE
28338,SIN NOMBRE,28338,SIN NOMBRE
28341,BARRANC DE NORIA,28342,SIN NOMBRE
28341,BARRANC DE NORIA,28343,SIN NOMBRE
28342,SIN NOMBRE,28342,SIN NOMBRE
28343,SIN NOMBRE,28343,SIN NOMBRE
28344,BARRANC DE LO LIGALLO,28346,SIN NOMBRE
28346,SIN NOMBRE,28346,SIN NOMBRE
28347,BARRANC DE COLLENTORT,28348,SIN NOMBRE
28348,SIN NOMBRE,28348,SIN NOMBRE
28349,SIN NOMBRE,28349,SIN NOMBRE
28358,BARRANC FONDO,28359,SIN NOMBRE
28358,BARRANC FONDO,28360,SIN NOMBRE
28359,SIN NOMBRE,28359,SIN NOMBRE
28360,SIN NOMBRE,28360,SIN NOMBRE
28362,BARRANC DE PINVER,28363,SIN NOMBRE
28363,SIN NOMBRE,28363,SIN NOMBRE
28365,RIU SEC,28366,SIN NOMBRE
28365,RIU SEC,28368,SIN NOMBRE
28365,RIU SEC,28369,SIN NOMBRE
28365,RIU SEC,28373,SIN NOMBRE
28365,RIU SEC,28374,SIN NOMBRE
28365,RIU SEC,28375,SIN NOMBRE
28365,RIU SEC,28376,SIN NOMBRE
28365,RIU SEC,28377,SIN NOMBRE
28365,RIU SEC,28379,SIN NOMBRE
28365,RIU SEC,28388,SIN NOMBRE
28365,RIU SEC,28390,SIN NOMBRE
28365,RIU SEC,28391,SIN NOMBRE
28365,RIU SEC,28394,SIN NOMBRE
28365,RIU SEC,28397,SIN NOMBRE
28366,SIN NOMBRE,28366,SIN NOMBRE
28368,SIN NOMBRE,28368,SIN NOMBRE
28369,SIN NOMBRE,28369,SIN NOMBRE
28369,SIN NOMBRE,28370,SIN NOMBRE
28370,SIN NOMBRE,28370,SIN NOMBRE
28371,BARRANC DE LA TORRE,28372,SIN NOMBRE
28372,SIN NOMBRE,28372,SIN NOMBRE
28373,SIN NOMBRE,28373,SIN NOMBRE
28374,SIN NOMBRE,28374,SIN NOMBRE
28375,SIN NOMBRE,28375,SIN NOMBRE
28376,SIN NOMBRE,28376,SIN NOMBRE
28377,SIN NOMBRE,28377,SIN NOMBRE
28377,SIN NOMBRE,28378,SIN NOMBRE
28378,SIN NOMBRE,28378,SIN NOMBRE
28379,SIN NOMBRE,28379,SIN NOMBRE
28383,BARRANC DE SANT VICENT,28384,SIN NOMBRE
28383,BARRANC DE SANT VICENT,28385,SIN NOMBRE
28383,BARRANC DE SANT VICENT,28387,SIN NOMBRE
28384,SIN NOMBRE,28384,SIN NOMBRE
28385,SIN NOMBRE,28385,SIN NOMBRE
28387,SIN NOMBRE,28387,SIN NOMBRE
28388,SIN NOMBRE,28388,SIN NOMBRE
28390,SIN NOMBRE,28390,SIN NOMBRE
28391,SIN NOMBRE,28391,SIN NOMBRE
28391,SIN NOMBRE,28392,SIN NOMBRE
28392,SIN NOMBRE,28392,SIN NOMBRE
28394,SIN NOMBRE,28394,SIN NOMBRE
28395,BARRANC DE LES VILAVERD,28396,SIN NOMBRE
28396,SIN NOMBRE,28396,SIN NOMBRE
28397,SIN NOMBRE,28397,SIN NOMBRE
28398,VAL DE L'AUBATAR,28401,SIN NOMBRE
28398,VAL DE L'AUBATAR,28402,SIN NOMBRE
28398,VAL DE L'AUBATAR,28403,SIN NOMBRE
28398,VAL DE L'AUBATAR,28404,SIN NOMBRE
28399,VALL DELS ROSSECS,28400,SIN NOMBRE
28400,SIN NOMBRE,28400,SIN NOMBRE
28401,SIN NOMBRE,28401,SIN NOMBRE
28402,SIN NOMBRE,28402,SIN NOMBRE
28403,SIN NOMBRE,28403,SIN NOMBRE
28404,SIN NOMBRE,28404,SIN NOMBRE
28414,SIN NOMBRE,28414,SIN NOMBRE
28416,BARRANC DE MANOU O D' ATAROSSES,28417,SIN NOMBRE
28416,BARRANC DE MANOU O D' ATAROSSES,28419,SIN NOMBRE
28417,SIN NOMBRE,28417,SIN NOMBRE
28417,SIN NOMBRE,28418,SIN NOMBRE
28418,SIN NOMBRE,28418,SIN NOMBRE
28419,SIN NOMBRE,28419,SIN NOMBRE
28424,BARRANC DEL MAS DE IARO,28425,SIN NOMBRE
28424,BARRANC DEL MAS DE IARO,28428,SIN NOMBRE
28425,SIN NOMBRE,28425,SIN NOMBRE
28425,SIN NOMBRE,28426,SIN NOMBRE
28426,SIN NOMBRE,28426,SIN NOMBRE
28428,SIN NOMBRE,28428,SIN NOMBRE
28429,SIN NOMBRE,28429,SIN NOMBRE
28430,SIN NOMBRE,28430,SIN NOMBRE
28431,SIN NOMBRE,28431,SIN NOMBRE
28432,SIN NOMBRE,28432,SIN NOMBRE
28433,SIN NOMBRE,28433,SIN NOMBRE
28434,RIU DE SIURANA,28435,SIN NOMBRE
28434,RIU DE SIURANA,28509,SIN NOMBRE
28434,RIU DE SIURANA,28510,SIN NOMBRE
28434,RIU DE SIURANA,28519,SIN NOMBRE
28434,RIU DE SIURANA,28520,SIN NOMBRE
28434,RIU DE SIURANA,28522,SIN NOMBRE
28434,RIU DE SIURANA,28523,SIN NOMBRE
28434,RIU DE SIURANA,28540,SIN NOMBRE
28434,RIU DE SIURANA,28544,SIN NOMBRE
28434,RIU DE SIURANA,28545,SIN NOMBRE
28434,RIU DE SIURANA,28547,SIN NOMBRE
28434,RIU DE SIURANA,28548,SIN NOMBRE
28434,RIU DE SIURANA,28549,SIN NOMBRE
28434,RIU DE SIURANA,28550,SIN NOMBRE
28434,RIU DE SIURANA,28677,SIN NOMBRE
28434,RIU DE SIURANA,28679,SIN NOMBRE
28434,RIU DE SIURANA,28680,SIN NOMBRE
28434,RIU DE SIURANA,28691,SIN NOMBRE
28434,RIU DE SIURANA,28717,SIN NOMBRE
28434,RIU DE SIURANA,28723,SIN NOMBRE
28434,RIU DE SIURANA,28724,SIN NOMBRE
28434,RIU DE SIURANA,28730,SIN NOMBRE
28434,RIU DE SIURANA,28754,SIN NOMBRE
28434,RIU DE SIURANA,28766,SIN NOMBRE
28434,RIU DE SIURANA,28770,SIN NOMBRE
28434,RIU DE SIURANA,28782,SIN NOMBRE
28434,RIU DE SIURANA,28784,SIN NOMBRE
28434,RIU DE SIURANA,28785,SIN NOMBRE
28434,RIU DE SIURANA,28800,SIN NOMBRE
28434,RIU DE SIURANA,28802,SIN NOMBRE
28434,RIU DE SIURANA,28803,SIN NOMBRE
28434,RIU DE SIURANA,28804,SIN NOMBRE
28434,RIU DE SIURANA,28805,SIN NOMBRE
28435,SIN NOMBRE,28435,SIN NOMBRE
28439,BARRANC DE DEVEIES,28440,SIN NOMBRE
28440,SIN NOMBRE,28440,SIN NOMBRE
28441,RIERA DE L'ULL DE L'ASMA,28442,SIN NOMBRE
28442,SIN NOMBRE,28442,SIN NOMBRE
28445,RIERA DE LES OLLES,28456,SIN NOMBRE
28445,RIERA DE LES OLLES,28462,SIN NOMBRE
28447,BARRANC DE CAPST,28448,SIN NOMBRE
28447,BARRANC DE CAPST,28449,SIN NOMBRE
28448,SIN NOMBRE,28448,SIN NOMBRE
28449,SIN NOMBRE,28449,SIN NOMBRE
28450,BARRANC DE LES ANYERES,28451,SIN NOMBRE
28451,SIN NOMBRE,28451,SIN NOMBRE
28454,BARRANC DE MONTALT,28455,SIN NOMBRE
28455,SIN NOMBRE,28455,SIN NOMBRE
28456,SIN NOMBRE,28456,SIN NOMBRE
28457,BARRANC DE FORCALL,28458,SIN NOMBRE
28458,SIN NOMBRE,28458,SIN NOMBRE
28459,BARRANC DE MAS D'EN BACONER,28460,SIN NOMBRE
28460,SIN NOMBRE,28460,SIN NOMBRE
28462,SIN NOMBRE,28462,SIN NOMBRE
28464,BARRANC DE LA VALL,28496,SIN NOMBRE
28464,BARRANC DE LA VALL,28502,SIN NOMBRE
28464,BARRANC DE LA VALL,28503,SIN NOMBRE
28464,BARRANC DE LA VALL,28504,SIN NOMBRE
28465,RIU DE MARÇA,28466,SIN NOMBRE
28465,RIU DE MARÇA,28471,SIN NOMBRE
28465,RIU DE MARÇA,28472,SIN NOMBRE
28465,RIU DE MARÇA,28473,SIN NOMBRE
28466,SIN NOMBRE,28466,SIN NOMBRE
28467,BARRANC DE LA LLUDRIGA,28468,SIN NOMBRE
28468,SIN NOMBRE,28468,SIN NOMBRE
28471,SIN NOMBRE,28471,SIN NOMBRE
28472,SIN NOMBRE,28472,SIN NOMBRE
28473,SIN NOMBRE,28473,SIN NOMBRE
28474,RIERA DE FONTAUBELLA,28478,SIN NOMBRE
28474,RIERA DE FONTAUBELLA,28491,SIN NOMBRE
28474,RIERA DE FONTAUBELLA,28492,SIN NOMBRE
28474,RIERA DE FONTAUBELLA,28493,SIN NOMBRE
28475,BARRANC DELS ESTRETS DE MAÇANES,28477,SIN NOMBRE
28477,SIN NOMBRE,28477,SIN NOMBRE
28478,SIN NOMBRE,28478,SIN NOMBRE
28479,BARRANC DEL PAS,28480,SIN NOMBRE
28479,BARRANC DEL PAS,28483,SIN NOMBRE
28479,BARRANC DEL PAS,28484,SIN NOMBRE
28479,BARRANC DEL PAS,28485,SIN NOMBRE
28479,BARRANC DEL PAS,28486,SIN NOMBRE
28480,SIN NOMBRE,28480,SIN NOMBRE
28483,SIN NOMBRE,28483,SIN NOMBRE
28484,SIN NOMBRE,28484,SIN NOMBRE
28485,SIN NOMBRE,28485,SIN NOMBRE
28486,SIN NOMBRE,28486,SIN NOMBRE
28487,BARRANC DE LA COMA TORNERA,28488,SIN NOMBRE
28488,SIN NOMBRE,28488,SIN NOMBRE
28491,SIN NOMBRE,28491,SIN NOMBRE
28492,SIN NOMBRE,28492,SIN NOMBRE
28493,SIN NOMBRE,28493,SIN NOMBRE
28494,BARRANC DE RICORB,28495,SIN NOMBRE
28495,SIN NOMBRE,28495,SIN NOMBRE
28496,SIN NOMBRE,28496,SIN NOMBRE
28497,BARRANC FONDO,28498,SIN NOMBRE
28497,BARRANC FONDO,28499,SIN NOMBRE
28498,SIN NOMBRE,28498,SIN NOMBRE
28499,SIN NOMBRE,28499,SIN NOMBRE
28500,BARRANC DE LA CANYERA,28501,SIN NOMBRE
28501,SIN NOMBRE,28501,SIN NOMBRE
28502,SIN NOMBRE,28502,SIN NOMBRE
28503,SIN NOMBRE,28503,SIN NOMBRE
28504,SIN NOMBRE,28504,SIN NOMBRE
28504,SIN NOMBRE,28505,SIN NOMBRE
28505,SIN NOMBRE,28505,SIN NOMBRE
28509,SIN NOMBRE,28509,SIN NOMBRE
28510,SIN NOMBRE,28510,SIN NOMBRE
28512,BARRANC DE MARMELLANS,28513,SIN NOMBRE
28512,BARRANC DE MARMELLANS,28514,SIN NOMBRE
28512,BARRANC DE MARMELLANS,28515,SIN NOMBRE
28513,SIN NOMBRE,28513,SIN NOMBRE
28514,SIN NOMBRE,28514,SIN NOMBRE
28515,SIN NOMBRE,28515,SIN NOMBRE
28516,BARRANC DEL POU,28517,SIN NOMBRE
28517,SIN NOMBRE,28517,SIN NOMBRE
28519,SIN NOMBRE,28519,SIN NOMBRE
28520,SIN NOMBRE,28520,SIN NOMBRE
28520,SIN NOMBRE,28521,SIN NOMBRE
28521,SIN NOMBRE,28521,SIN NOMBRE
28522,SIN NOMBRE,28522,SIN NOMBRE
28523,SIN NOMBRE,28523,SIN NOMBRE
28524,BARRANC DE VILA,28526,SIN NOMBRE
28524,BARRANC DE VILA,28527,SIN NOMBRE
28526,SIN NOMBRE,28526,SIN NOMBRE
28527,SIN NOMBRE,28527,SIN NOMBRE
28528,BARRANC DELS MOLINS,28530,SIN NOMBRE
28528,BARRANC DELS MOLINS,28531,SIN NOMBRE
28528,BARRANC DELS MOLINS,28534,SIN NOMBRE
28530,SIN NOMBRE,28530,SIN NOMBRE
28531,SIN NOMBRE,28531,SIN NOMBRE
28531,SIN NOMBRE,28532,SIN NOMBRE
28532,SIN NOMBRE,28532,SIN NOMBRE
28534,SIN NOMBRE,28534,SIN NOMBRE
28535,BARRANC DEL BARTOLI,28536,SIN NOMBRE
28535,BARRANC DEL BARTOLI,28538,SIN NOMBRE
28536,SIN NOMBRE,28536,SIN NOMBRE
28536,SIN NOMBRE,28537,SIN NOMBRE
28537,SIN NOMBRE,28537,SIN NOMBRE
28538,SIN NOMBRE,28538,SIN NOMBRE
28540,SIN NOMBRE,28540,SIN NOMBRE
28542,BARRANC FONDO,28543,SIN NOMBRE
28543,SIN NOMBRE,28543,SIN NOMBRE
28544,SIN NOMBRE,28544,SIN NOMBRE
28545,SIN NOMBRE,28545,SIN NOMBRE
28547,SIN NOMBRE,28547,SIN NOMBRE
28548,SIN NOMBRE,28548,SIN NOMBRE
28549,SIN NOMBRE,28549,SIN NOMBRE
28550,SIN NOMBRE,28550,SIN NOMBRE
28551,RIU DE MONTSANT,28555,SIN NOMBRE
28551,RIU DE MONTSANT,28561,SIN NOMBRE
28551,RIU DE MONTSANT,28562,SIN NOMBRE
28551,RIU DE MONTSANT,28563,SIN NOMBRE
28551,RIU DE MONTSANT,28579,SIN NOMBRE
28551,RIU DE MONTSANT,28589,SIN NOMBRE
28551,RIU DE MONTSANT,28590,SIN NOMBRE
28551,RIU DE MONTSANT,28592,SIN NOMBRE
28551,RIU DE MONTSANT,28593,SIN NOMBRE
28551,RIU DE MONTSANT,28596,SIN NOMBRE
28551,RIU DE MONTSANT,28597,SIN NOMBRE
28551,RIU DE MONTSANT,28602,SIN NOMBRE
28551,RIU DE MONTSANT,28604,SIN NOMBRE
28551,RIU DE MONTSANT,28607,SIN NOMBRE
28551,RIU DE MONTSANT,28618,SIN NOMBRE
28551,RIU DE MONTSANT,28624,SIN NOMBRE
28551,RIU DE MONTSANT,28641,SIN NOMBRE
28555,SIN NOMBRE,28555,SIN NOMBRE
28556,BARRANC DEL SOCARRRATS,28557,SIN NOMBRE
28557,SIN NOMBRE,28557,SIN NOMBRE
28559,BARRANC DE L'AUBAGA,28560,SIN NOMBRE
28560,SIN NOMBRE,28560,SIN NOMBRE
28561,SIN NOMBRE,28561,SIN NOMBRE
28562,SIN NOMBRE,28562,SIN NOMBRE
28563,SIN NOMBRE,28563,SIN NOMBRE
28564,RIUET D'ESCALADEI,28565,SIN NOMBRE
28564,RIUET D'ESCALADEI,28566,SIN NOMBRE
28564,RIUET D'ESCALADEI,28567,SIN NOMBRE
28564,RIUET D'ESCALADEI,28568,SIN NOMBRE
28564,RIUET D'ESCALADEI,28570,SIN NOMBRE
28565,SIN NOMBRE,28565,SIN NOMBRE
28566,SIN NOMBRE,28566,SIN NOMBRE
28567,SIN NOMBRE,28567,SIN NOMBRE
28568,SIN NOMBRE,28568,SIN NOMBRE
28570,SIN NOMBRE,28570,SIN NOMBRE
28571,BARRANC DE L'HORTA,28572,SIN NOMBRE
28571,BARRANC DE L'HORTA,28573,SIN NOMBRE
28571,BARRANC DE L'HORTA,28574,SIN NOMBRE
28572,SIN NOMBRE,28572,SIN NOMBRE
28573,SIN NOMBRE,28573,SIN NOMBRE
28574,SIN NOMBRE,28574,SIN NOMBRE
28575,BARRANC DE PREGONA,28576,SIN NOMBRE
28576,SIN NOMBRE,28576,SIN NOMBRE
28576,SIN NOMBRE,28577,SIN NOMBRE
28576,SIN NOMBRE,28578,SIN NOMBRE
28577,SIN NOMBRE,28577,SIN NOMBRE
28578,SIN NOMBRE,28578,SIN NOMBRE
28579,SIN NOMBRE,28579,SIN NOMBRE
28581,BARRANC DE CAVALOCA,28583,SIN NOMBRE
28581,BARRANC DE CAVALOCA,28584,SIN NOMBRE
28581,BARRANC DE CAVALOCA,28585,SIN NOMBRE
28583,SIN NOMBRE,28583,SIN NOMBRE
28584,SIN NOMBRE,28584,SIN NOMBRE
28585,SIN NOMBRE,28585,SIN NOMBRE
28587,RACO DE LES VALLS,28588,SIN NOMBRE
28588,SIN NOMBRE,28588,SIN NOMBRE
28589,SIN NOMBRE,28589,SIN NOMBRE
28590,SIN NOMBRE,28590,SIN NOMBRE
28592,SIN NOMBRE,28592,SIN NOMBRE
28593,SIN NOMBRE,28593,SIN NOMBRE
28594,RACO DE LES PINEDES,28595,SIN NOMBRE
28595,SIN NOMBRE,28595,SIN NOMBRE
28596,SIN NOMBRE,28596,SIN NOMBRE
28597,SIN NOMBRE,28597,SIN NOMBRE
28598,BARRANC DE LES COVES VOLTADES,28599,SIN NOMBRE
28598,BARRANC DE LES COVES VOLTADES,28601,SIN NOMBRE
28599,SIN NOMBRE,28599,SIN NOMBRE
28601,SIN NOMBRE,28601,SIN NOMBRE
28602,SIN NOMBRE,28602,SIN NOMBRE
28604,SIN NOMBRE,28604,SIN NOMBRE
28607,SIN NOMBRE,28607,SIN NOMBRE
28610,BARRANC DE LES CANYES,28611,SIN NOMBRE
28610,BARRANC DE LES CANYES,28612,SIN NOMBRE
28610,BARRANC DE LES CANYES,28613,SIN NOMBRE
28610,BARRANC DE LES CANYES,28614,SIN NOMBRE
28610,BARRANC DE LES CANYES,28617,SIN NOMBRE
28611,SIN NOMBRE,28611,SIN NOMBRE
28612,SIN NOMBRE,28612,SIN NOMBRE
28613,SIN NOMBRE,28613,SIN NOMBRE
28614,SIN NOMBRE,28614,SIN NOMBRE
28614,SIN NOMBRE,28615,SIN NOMBRE
28615,SIN NOMBRE,28615,SIN NOMBRE
28617,SIN NOMBRE,28617,SIN NOMBRE
28618,SIN NOMBRE,28618,SIN NOMBRE
28622,BARRANC DEL BROMET,28623,SIN NOMBRE
28623,SIN NOMBRE,28623,SIN NOMBRE
28624,SIN NOMBRE,28624,SIN NOMBRE
28625,BARRANC DE LA FALCONERA,28626,SIN NOMBRE
28626,SIN NOMBRE,28626,SIN NOMBRE
28627,BARRANC DELS PELAGS,28630,SIN NOMBRE
28630,SIN NOMBRE,28630,SIN NOMBRE
28633,BARRANC DE LES FALLES,28634,SIN NOMBRE
28634,SIN NOMBRE,28634,SIN NOMBRE
28636,BARRANC DE LES PLETES,28637,SIN NOMBRE
28637,SIN NOMBRE,28637,SIN NOMBRE
28639,BARRANC DE SANT BARTOMEU,28640,SIN NOMBRE
28640,SIN NOMBRE,28640,SIN NOMBRE
28641,SIN NOMBRE,28641,SIN NOMBRE
28642,RIUET DEL TEIX,28643,SIN NOMBRE
28642,RIUET DEL TEIX,28644,SIN NOMBRE
28643,SIN NOMBRE,28643,SIN NOMBRE
28644,SIN NOMBRE,28644,SIN NOMBRE
28646,BARRANC DE LES ALZINES,28647,SIN NOMBRE
28647,SIN NOMBRE,28647,SIN NOMBRE
28649,RIU DE PRADES,28650,SIN NOMBRE
28649,RIU DE PRADES,28651,SIN NOMBRE
28649,RIU DE PRADES,28652,SIN NOMBRE
28649,RIU DE PRADES,28654,SIN NOMBRE
28649,RIU DE PRADES,28656,SIN NOMBRE
28649,RIU DE PRADES,28661,SIN NOMBRE
28649,RIU DE PRADES,28662,SIN NOMBRE
28649,RIU DE PRADES,28663,SIN NOMBRE
28649,RIU DE PRADES,28667,SIN NOMBRE
28649,RIU DE PRADES,28669,SIN NOMBRE
28649,RIU DE PRADES,28672,SIN NOMBRE
28649,RIU DE PRADES,28675,SIN NOMBRE
28650,SIN NOMBRE,28650,SIN NOMBRE
28651,SIN NOMBRE,28651,SIN NOMBRE
28652,SIN NOMBRE,28652,SIN NOMBRE
28652,SIN NOMBRE,28653,SIN NOMBRE
28653,SIN NOMBRE,28653,SIN NOMBRE
28654,SIN NOMBRE,28654,SIN NOMBRE
28656,SIN NOMBRE,28656,SIN NOMBRE
28658,BARRANC DELS ENLLOSATS,28659,SIN NOMBRE
28658,BARRANC DELS ENLLOSATS,28660,SIN NOMBRE
28659,SIN NOMBRE,28659,SIN NOMBRE
28660,SIN NOMBRE,28660,SIN NOMBRE
28661,SIN NOMBRE,28661,SIN NOMBRE
28662,SIN NOMBRE,28662,SIN NOMBRE
28663,SIN NOMBRE,28663,SIN NOMBRE
28665,BARRANC DELS SEGALASSOS,28666,SIN NOMBRE
28666,SIN NOMBRE,28666,SIN NOMBRE
28667,SIN NOMBRE,28667,SIN NOMBRE
28668,BARRANC DE MATARO,28669,SIN NOMBRE
28669,SIN NOMBRE,28669,SIN NOMBRE
28672,SIN NOMBRE,28672,SIN NOMBRE
28675,SIN NOMBRE,28675,SIN NOMBRE
28677,SIN NOMBRE,28677,SIN NOMBRE
28677,SIN NOMBRE,28678,SIN NOMBRE
28678,SIN NOMBRE,28678,SIN NOMBRE
28679,SIN NOMBRE,28679,SIN NOMBRE
28680,SIN NOMBRE,28680,SIN NOMBRE
28681,BARRANC DE LA SARDANA,28683,SIN NOMBRE
28681,BARRANC DE LA SARDANA,28684,SIN NOMBRE
28683,SIN NOMBRE,28683,SIN NOMBRE
28684,SIN NOMBRE,28684,SIN NOMBRE
28684,SIN NOMBRE,28685,SIN NOMBRE
28685,SIN NOMBRE,28685,SIN NOMBRE
28686,BARRANC DELS MASOS,28687,SIN NOMBRE
28686,BARRANC DELS MASOS,28688,SIN NOMBRE
28687,SIN NOMBRE,28687,SIN NOMBRE
28688,SIN NOMBRE,28688,SIN NOMBRE
28689,BARRANC DEL BARRETOT,28690,SIN NOMBRE
28690,SIN NOMBRE,28690,SIN NOMBRE
28691,SIN NOMBRE,28691,SIN NOMBRE
28692,RIU DE CORTIELLA,28693,SIN NOMBRE
28692,RIU DE CORTIELLA,28694,SIN NOMBRE
28692,RIU DE CORTIELLA,28696,SIN NOMBRE
28692,RIU DE CORTIELLA,28697,SIN NOMBRE
28692,RIU DE CORTIELLA,28700,SIN NOMBRE
28692,RIU DE CORTIELLA,28708,SIN NOMBRE
28692,RIU DE CORTIELLA,28710,SIN NOMBRE
28692,RIU DE CORTIELLA,28715,SIN NOMBRE
28693,SIN NOMBRE,28693,SIN NOMBRE
28694,SIN NOMBRE,28694,SIN NOMBRE
28696,SIN NOMBRE,28696,SIN NOMBRE
28697,SIN NOMBRE,28697,SIN NOMBRE
28698,BARRANC DE LES ESCOMELLES,28699,SIN NOMBRE
28699,SIN NOMBRE,28699,SIN NOMBRE
28700,SIN NOMBRE,28700,SIN NOMBRE
28701,BARRANC DE LA SENTIUS,28702,SIN NOMBRE
28702,SIN NOMBRE,28702,SIN NOMBRE
28703,BARRANC DE LES VALLS,28704,SIN NOMBRE
28703,BARRANC DE LES VALLS,28705,SIN NOMBRE
28703,BARRANC DE LES VALLS,28707,SIN NOMBRE
28704,SIN NOMBRE,28704,SIN NOMBRE
28705,SIN NOMBRE,28705,SIN NOMBRE
28707,SIN NOMBRE,28707,SIN NOMBRE
28708,SIN NOMBRE,28708,SIN NOMBRE
28710,SIN NOMBRE,28710,SIN NOMBRE
28710,SIN NOMBRE,28711,SIN NOMBRE
28711,SIN NOMBRE,28711,SIN NOMBRE
28712,BARRANC DE LA GARRANXA,28713,SIN NOMBRE
28712,BARRANC DE LA GARRANXA,28714,SIN NOMBRE
28713,SIN NOMBRE,28713,SIN NOMBRE
28714,SIN NOMBRE,28714,SIN NOMBRE
28715,SIN NOMBRE,28715,SIN NOMBRE
28717,SIN NOMBRE,28717,SIN NOMBRE
28723,SIN NOMBRE,28723,SIN NOMBRE
28724,SIN NOMBRE,28724,SIN NOMBRE
28724,SIN NOMBRE,28725,SIN NOMBRE
28725,SIN NOMBRE,28725,SIN NOMBRE
28728,BARRANC DE LES SALAMANQUES,28729,SIN NOMBRE
28729,SIN NOMBRE,28729,SIN NOMBRE
28730,SIN NOMBRE,28730,SIN NOMBRE
28732,BARRANC DE SANT BLAI,28737,SIN NOMBRE
28733,BARRANCO DE LES VINYES,28734,SIN NOMBRE
28734,SIN NOMBRE,28734,SIN NOMBRE
28734,SIN NOMBRE,28735,SIN NOMBRE
28734,SIN NOMBRE,28736,SIN NOMBRE
28735,SIN NOMBRE,28735,SIN NOMBRE
28736,SIN NOMBRE,28736,SIN NOMBRE
28737,SIN NOMBRE,28737,SIN NOMBRE
28738,BARRANCO DEL MAS DEL RACO,28740,SIN NOMBRE
28738,BARRANCO DEL MAS DEL RACO,28741,SIN NOMBRE
28740,SIN NOMBRE,28740,SIN NOMBRE
28741,SIN NOMBRE,28741,SIN NOMBRE
28745,BARRANC DEL MAS D'EN BLEI,28747,SIN NOMBRE
28747,SIN NOMBRE,28747,SIN NOMBRE
28748,BARRANC DE COMES TORNERES,28749,SIN NOMBRE
28749,SIN NOMBRE,28749,SIN NOMBRE
28751,BARRANC DE LES COMES D'EN MORELL,28752,SIN NOMBRE
28751,BARRANC DE LES COMES D'EN MORELL,28753,SIN NOMBRE
28752,SIN NOMBRE,28752,SIN NOMBRE
28753,SIN NOMBRE,28753,SIN NOMBRE
28754,SIN NOMBRE,28754,SIN NOMBRE
28755,RIU D'ARBOLI,28756,SIN NOMBRE
28755,RIU D'ARBOLI,28759,SIN NOMBRE
28755,RIU D'ARBOLI,28760,SIN NOMBRE
28755,RIU D'ARBOLI,28761,SIN NOMBRE
28755,RIU D'ARBOLI,28762,SIN NOMBRE
28755,RIU D'ARBOLI,28763,SIN NOMBRE
28756,SIN NOMBRE,28756,SIN NOMBRE
28759,SIN NOMBRE,28759,SIN NOMBRE
28760,SIN NOMBRE,28760,SIN NOMBRE
28761,SIN NOMBRE,28761,SIN NOMBRE
28762,SIN NOMBRE,28762,SIN NOMBRE
28763,SIN NOMBRE,28763,SIN NOMBRE
28764,BARRANC DE LES COMES,28765,SIN NOMBRE
28765,SIN NOMBRE,28765,SIN NOMBRE
28766,SIN NOMBRE,28766,SIN NOMBRE
28767,BARRANC DE LES OBAGUES,28768,SIN NOMBRE
28768,SIN NOMBRE,28768,SIN NOMBRE
28768,SIN NOMBRE,28769,SIN NOMBRE
28769,SIN NOMBRE,28769,SIN NOMBRE
28770,SIN NOMBRE,28770,SIN NOMBRE
28771,BARRANC DE L'ARGENTERA,28776,SIN NOMBRE
28772,BARRANC DE L'ESTOPINYA,28773,SIN NOMBRE
28773,SIN NOMBRE,28773,SIN NOMBRE
28776,SIN NOMBRE,28776,SIN NOMBRE
28777,BARRANC DE L'AUBELLO,28778,SIN NOMBRE
28778,SIN NOMBRE,28778,SIN NOMBRE
28779,BARRANC DE LA SALANCA,28780,SIN NOMBRE
28780,SIN NOMBRE,28780,SIN NOMBRE
28782,SIN NOMBRE,28782,SIN NOMBRE
28784,SIN NOMBRE,28784,SIN NOMBRE
28785,SIN NOMBRE,28785,SIN NOMBRE
28788,BARRANC DE LA NOGUERA,28789,SIN NOMBRE
28789,SIN NOMBRE,28789,SIN NOMBRE
28790,RIU DE GORGS,28791,SIN NOMBRE
28791,SIN NOMBRE,28791,SIN NOMBRE
28791,SIN NOMBRE,28792,SIN NOMBRE
28791,SIN NOMBRE,28793,SIN NOMBRE
28792,SIN NOMBRE,28792,SIN NOMBRE
28793,SIN NOMBRE,28793,SIN NOMBRE
28794,RASA DELS DESCARREGADORS,28795,SIN NOMBRE
28795,SIN NOMBRE,28795,SIN NOMBRE
28796,BARRANC DE TALLERASSES,28797,SIN NOMBRE
28797,SIN NOMBRE,28797,SIN NOMBRE
28798,BARRANC DE VINARROIG,28799,SIN NOMBRE
28799,SIN NOMBRE,28799,SIN NOMBRE
28800,SIN NOMBRE,28800,SIN NOMBRE
28802,SIN NOMBRE,28802,SIN NOMBRE
28803,SIN NOMBRE,28803,SIN NOMBRE
28804,SIN NOMBRE,28804,SIN NOMBRE
28805,SIN NOMBRE,28805,SIN NOMBRE
28807,BARRANC DE REC DE BAS,28808,SIN NOMBRE
28807,BARRANC DE REC DE BAS,28810,SIN NOMBRE
28807,BARRANC DE REC DE BAS,28815,SIN NOMBRE
28807,BARRANC DE REC DE BAS,28827,SIN NOMBRE
28807,BARRANC DE REC DE BAS,28828,SIN NOMBRE
28808,SIN NOMBRE,28808,SIN NOMBRE
28810,SIN NOMBRE,28810,SIN NOMBRE
28810,SIN NOMBRE,28811,SIN NOMBRE
28811,SIN NOMBRE,28811,SIN NOMBRE
28813,BARRANC DE LES TERRES NOVES,28814,SIN NOMBRE
28814,SIN NOMBRE,28814,SIN NOMBRE
28815,SIN NOMBRE,28815,SIN NOMBRE
28816,BARRANC DELS COMUNS,28817,SIN NOMBRE
28816,BARRANC DELS COMUNS,28819,SIN NOMBRE
28816,BARRANC DELS COMUNS,28821,SIN NOMBRE
28816,BARRANC DELS COMUNS,28825,SIN NOMBRE
28817,SIN NOMBRE,28817,SIN NOMBRE
28817,SIN NOMBRE,28818,SIN NOMBRE
28818,SIN NOMBRE,28818,SIN NOMBRE
28819,SIN NOMBRE,28819,SIN NOMBRE
28819,SIN NOMBRE,28820,SIN NOMBRE
28820,SIN NOMBRE,28820,SIN NOMBRE
28821,SIN NOMBRE,28821,SIN NOMBRE
28822,BARRANC DE MARGA,28824,SIN NOMBRE
28823,BARRANC DE LES FEIXES,28824,SIN NOMBRE
28824,SIN NOMBRE,28824,SIN NOMBRE
28825,SIN NOMBRE,28825,SIN NOMBRE
28825,SIN NOMBRE,28826,SIN NOMBRE
28826,SIN NOMBRE,28826,SIN NOMBRE
28827,SIN NOMBRE,28827,SIN NOMBRE
28828,SIN NOMBRE,28828,SIN NOMBRE
28833,SIN NOMBRE,28833,SIN NOMBRE
28835,BARRANC DE BARBERS,28836,SIN NOMBRE
28835,BARRANC DE BARBERS,28837,SIN NOMBRE
28836,SIN NOMBRE,28836,SIN NOMBRE
28837,SIN NOMBRE,28837,SIN NOMBRE
28838,SIN NOMBRE,28838,SIN NOMBRE
28838,SIN NOMBRE,28839,SIN NOMBRE
28839,SIN NOMBRE,28839,SIN NOMBRE
28840,BARRANC DE L'AIGUA,28841,SIN NOMBRE
28841,SIN NOMBRE,28841,SIN NOMBRE
28842,VALL DE GORRAPTES,28865,SIN NOMBRE
28842,VALL DE GORRAPTES,28866,SIN NOMBRE
28842,VALL DE GORRAPTES,28867,SIN NOMBRE
28842,VALL DE GORRAPTES,28868,SIN NOMBRE
28842,VALL DE GORRAPTES,28869,SIN NOMBRE
28842,VALL DE GORRAPTES,28870,SIN NOMBRE
28842,VALL DE GORRAPTES,28894,SIN NOMBRE
28842,VALL DE GORRAPTES,28895,SIN NOMBRE
28842,VALL DE GORRAPTES,28897,SIN NOMBRE
28843,BARRANC DE VINEBRE,28844,SIN NOMBRE
28843,BARRANC DE VINEBRE,28845,SIN NOMBRE
28844,SIN NOMBRE,28844,SIN NOMBRE
28845,SIN NOMBRE,28845,SIN NOMBRE
28846,BARRANC DE LA TORRE,28851,SIN NOMBRE
28846,BARRANC DE LA TORRE,28852,SIN NOMBRE
28846,BARRANC DE LA TORRE,28853,SIN NOMBRE
28846,BARRANC DE LA TORRE,28861,SIN NOMBRE
28846,BARRANC DE LA TORRE,28864,SIN NOMBRE
28847,VALL DELS PRATS,28849,SIN NOMBRE
28849,SIN NOMBRE,28849,SIN NOMBRE
28851,SIN NOMBRE,28851,SIN NOMBRE
28852,SIN NOMBRE,28852,SIN NOMBRE
28853,SIN NOMBRE,28853,SIN NOMBRE
28855,BARRANC DE LA TORRE II,28856,SIN NOMBRE
28856,SIN NOMBRE,28856,SIN NOMBRE
28857,BARRANC DELS TOSSALS,28858,SIN NOMBRE
28858,SIN NOMBRE,28858,SIN NOMBRE
28859,VALLETA DE PIRO,28860,SIN NOMBRE
28860,SIN NOMBRE,28860,SIN NOMBRE
28861,SIN NOMBRE,28861,SIN NOMBRE
28862,BARRANC DELS COLLS,28863,SIN NOMBRE
28863,SIN NOMBRE,28863,SIN NOMBRE
28864,SIN NOMBRE,28864,SIN NOMBRE
28865,SIN NOMBRE,28865,SIN NOMBRE
28866,SIN NOMBRE,28866,SIN NOMBRE
28867,SIN NOMBRE,28867,SIN NOMBRE
28868,SIN NOMBRE,28868,SIN NOMBRE
28869,SIN NOMBRE,28869,SIN NOMBRE
28870,SIN NOMBRE,28870,SIN NOMBRE
28871,BARRANC DEL TOLL DEL L'ESTRET,28873,SIN NOMBRE
28871,BARRANC DEL TOLL DEL L'ESTRET,28881,SIN NOMBRE
28871,BARRANC DEL TOLL DEL L'ESTRET,28884,SIN NOMBRE
28871,BARRANC DEL TOLL DEL L'ESTRET,28885,SIN NOMBRE
28873,SIN NOMBRE,28873,SIN NOMBRE
28874,BARRANC DE SISQUELLES,28875,SIN NOMBRE
28874,BARRANC DE SISQUELLES,28876,SIN NOMBRE
28874,BARRANC DE SISQUELLES,28877,SIN NOMBRE
28875,SIN NOMBRE,28875,SIN NOMBRE
28876,SIN NOMBRE,28876,SIN NOMBRE
28877,SIN NOMBRE,28877,SIN NOMBRE
28878,RACO DEL REGUERS,28877,SIN NOMBRE
28881,SIN NOMBRE,28881,SIN NOMBRE
28884,SIN NOMBRE,28884,SIN NOMBRE
28885,SIN NOMBRE,28885,SIN NOMBRE
28885,SIN NOMBRE,28886,SIN NOMBRE
28886,SIN NOMBRE,28886,SIN NOMBRE
28887,VALL DE LES OLIVERES,28890,SIN NOMBRE
28888,BARRANC DELS MONTBLANQUETS,28889,SIN NOMBRE
28889,SIN NOMBRE,28889,SIN NOMBRE
28890,SIN NOMBRE,28890,SIN NOMBRE
28891,BARRANC DELS SORDS,28892,SIN NOMBRE
28891,BARRANC DELS SORDS,28893,SIN NOMBRE
28892,SIN NOMBRE,28892,SIN NOMBRE
28893,SIN NOMBRE,28893,SIN NOMBRE
28894,SIN NOMBRE,28894,SIN NOMBRE
28895,SIN NOMBRE,28895,SIN NOMBRE
28897,SIN NOMBRE,28897,SIN NOMBRE
28898,SIN NOMBRE,28898,SIN NOMBRE
28899,SIN NOMBRE,28899,SIN NOMBRE
28900,BARRANC DEL FORN TEULER,28902,SIN NOMBRE
28900,BARRANC DEL FORN TEULER,28905,SIN NOMBRE
28900,BARRANC DEL FORN TEULER,28913,SIN NOMBRE
28900,BARRANC DEL FORN TEULER,28914,SIN NOMBRE
28900,BARRANC DEL FORN TEULER,28915,SIN NOMBRE
28900,BARRANC DEL FORN TEULER,28916,SIN NOMBRE
28900,BARRANC DEL FORN TEULER,28917,SIN NOMBRE
28900,BARRANC DEL FORN TEULER,28918,SIN NOMBRE
28902,SIN NOMBRE,28902,SIN NOMBRE
28902,SIN NOMBRE,28903,SIN NOMBRE
28902,SIN NOMBRE,28904,SIN NOMBRE
28903,SIN NOMBRE,28903,SIN NOMBRE
28904,SIN NOMBRE,28904,SIN NOMBRE
28905,SIN NOMBRE,28905,SIN NOMBRE
28906,BARRANC DE XARCUMS,28907,SIN NOMBRE
28907,SIN NOMBRE,28907,SIN NOMBRE
28908,BARRANC FONDO,28911,SIN NOMBRE
28909,BARRANC DEL CANYERETS,28910,SIN NOMBRE
28910,SIN NOMBRE,28910,SIN NOMBRE
28911,SIN NOMBRE,28911,SIN NOMBRE
28913,SIN NOMBRE,28913,SIN NOMBRE
28914,SIN NOMBRE,28914,SIN NOMBRE
28915,SIN NOMBRE,28915,SIN NOMBRE
28916,SIN NOMBRE,28916,SIN NOMBRE
28917,SIN NOMBRE,28917,SIN NOMBRE
28918,SIN NOMBRE,28918,SIN NOMBRE
28918,SIN NOMBRE,28919,SIN NOMBRE
28919,SIN NOMBRE,28919,SIN NOMBRE
28920,BARRANC DE LA GALA,28921,SIN NOMBRE
28921,SIN NOMBRE,28921,SIN NOMBRE
28923,BARRANC DE VALL DE RAMS,28924,SIN NOMBRE
28923,BARRANC DE VALL DE RAMS,28925,SIN NOMBRE
28923,BARRANC DE VALL DE RAMS,28926,SIN NOMBRE
28924,SIN NOMBRE,28924,SIN NOMBRE
28925,SIN NOMBRE,28925,SIN NOMBRE
28926,SIN NOMBRE,28926,SIN NOMBRE
28927,BARRANC DE FONTXINXELA,28928,SIN NOMBRE
28928,SIN NOMBRE,28928,SIN NOMBRE
28929,BARRANC DE LA PEIXERA,28930,SIN NOMBRE
28930,SIN NOMBRE,28930,SIN NOMBRE
28931,VALL DE POTXOS,28932,SIN NOMBRE
28932,SIN NOMBRE,28932,SIN NOMBRE
28933,VALL DE SOCARRAT,28934,SIN NOMBRE
28934,SIN NOMBRE,28934,SIN NOMBRE
28934,SIN NOMBRE,28935,SIN NOMBRE
28934,SIN NOMBRE,28936,SIN NOMBRE
28935,SIN NOMBRE,28935,SIN NOMBRE
28936,SIN NOMBRE,28936,SIN NOMBRE
28937,SIN NOMBRE,28937,SIN NOMBRE
28938,SIN NOMBRE,28938,SIN NOMBRE
28940,VALLETA DE CASTELONS,28945,SIN NOMBRE
28940,VALLETA DE CASTELONS,28946,SIN NOMBRE
28941,VALL DE MINGALIS,28942,SIN NOMBRE
28941,VALL DE MINGALIS,28943,SIN NOMBRE
28941,VALL DE MINGALIS,28944,SIN NOMBRE
28942,SIN NOMBRE,28942,SIN NOMBRE
28943,SIN NOMBRE,28943,SIN NOMBRE
28944,SIN NOMBRE,28944,SIN NOMBRE
28945,SIN NOMBRE,28945,SIN NOMBRE
28946,SIN NOMBRE,28946,SIN NOMBRE
28947,RIU DE LA CANA,28948,SIN NOMBRE
28947,RIU DE LA CANA,28949,SIN NOMBRE
28947,RIU DE LA CANA,28950,SIN NOMBRE
28947,RIU DE LA CANA,28951,SIN NOMBRE
28947,RIU DE LA CANA,28952,SIN NOMBRE
28947,RIU DE LA CANA,28953,SIN NOMBRE
28947,RIU DE LA CANA,28955,SIN NOMBRE
28947,RIU DE LA CANA,28956,SIN NOMBRE
28947,RIU DE LA CANA,28959,SIN NOMBRE
28947,RIU DE LA CANA,28980,SIN NOMBRE
28947,RIU DE LA CANA,28981,SIN NOMBRE
28947,RIU DE LA CANA,28982,SIN NOMBRE
28947,RIU DE LA CANA,28983,SIN NOMBRE
28947,RIU DE LA CANA,28984,SIN NOMBRE
28947,RIU DE LA CANA,28985,SIN NOMBRE
28947,RIU DE LA CANA,28988,SIN NOMBRE
28947,RIU DE LA CANA,28989,SIN NOMBRE
28947,RIU DE LA CANA,28990,SIN NOMBRE
28947,RIU DE LA CANA,28991,SIN NOMBRE
28948,SIN NOMBRE,28948,SIN NOMBRE
28949,SIN NOMBRE,28949,SIN NOMBRE
28950,SIN NOMBRE,28950,SIN NOMBRE
28951,SIN NOMBRE,28951,SIN NOMBRE
28952,SIN NOMBRE,28952,SIN NOMBRE
28953,SIN NOMBRE,28953,SIN NOMBRE
28955,SIN NOMBRE,28955,SIN NOMBRE
28956,SIN NOMBRE,28956,SIN NOMBRE
28957,BARRANC D'ABELLAR,28958,SIN NOMBRE
28958,SIN NOMBRE,28958,SIN NOMBRE
28959,SIN NOMBRE,28959,SIN NOMBRE
28959,SIN NOMBRE,28960,SIN NOMBRE
28960,SIN NOMBRE,28960,SIN NOMBRE
28961,VALL DE BOVERA,28964,SIN NOMBRE
28961,VALL DE BOVERA,28965,SIN NOMBRE
28961,VALL DE BOVERA,28966,SIN NOMBRE
28961,VALL DE BOVERA,28968,SIN NOMBRE
28961,VALL DE BOVERA,28970,SIN NOMBRE
28961,VALL DE BOVERA,28972,SIN NOMBRE
28961,VALL DE BOVERA,28973,SIN NOMBRE
28961,VALL DE BOVERA,28974,SIN NOMBRE
28961,VALL DE BOVERA,28975,SIN NOMBRE
28961,VALL DE BOVERA,28976,SIN NOMBRE
28961,VALL DE BOVERA,28977,SIN NOMBRE
28961,VALL DE BOVERA,28978,SIN NOMBRE
28961,VALL DE BOVERA,28979,SIN NOMBRE
28964,SIN NOMBRE,28964,SIN NOMBRE
28965,SIN NOMBRE,28965,SIN NOMBRE
28966,SIN NOMBRE,28966,SIN NOMBRE
28966,SIN NOMBRE,28967,SIN NOMBRE
28967,SIN NOMBRE,28967,SIN NOMBRE
28968,SIN NOMBRE,28968,SIN NOMBRE
28968,SIN NOMBRE,28969,SIN NOMBRE
28969,SIN NOMBRE,28969,SIN NOMBRE
28970,SIN NOMBRE,28970,SIN NOMBRE
28970,SIN NOMBRE,28971,SIN NOMBRE
28971,SIN NOMBRE,28971,SIN NOMBRE
28972,SIN NOMBRE,28972,SIN NOMBRE
28973,SIN NOMBRE,28973,SIN NOMBRE
28974,SIN NOMBRE,28974,SIN NOMBRE
28975,SIN NOMBRE,28975,SIN NOMBRE
28976,SIN NOMBRE,28976,SIN NOMBRE
28977,SIN NOMBRE,28977,SIN NOMBRE
28978,SIN NOMBRE,28978,SIN NOMBRE
28979,SIN NOMBRE,28979,SIN NOMBRE
28980,SIN NOMBRE,28980,SIN NOMBRE
28981,SIN NOMBRE,28981,SIN NOMBRE
28982,SIN NOMBRE,28982,SIN NOMBRE
28983,SIN NOMBRE,28983,SIN NOMBRE
28984,SIN NOMBRE,28984,SIN NOMBRE
28985,SIN NOMBRE,28985,SIN NOMBRE
28986,BARRANC DEL RACO DELS JUNCS,28987,SIN NOMBRE
28987,SIN NOMBRE,28987,SIN NOMBRE
28988,SIN NOMBRE,28988,SIN NOMBRE
28989,SIN NOMBRE,28989,SIN NOMBRE
28990,SIN NOMBRE,28990,SIN NOMBRE
28991,SIN NOMBRE,28991,SIN NOMBRE
28993,SIN NOMBRE,28993,SIN NOMBRE
28994,SIN NOMBRE,28994,SIN NOMBRE
28995,VALL DE SANT JOAN,28996,SIN NOMBRE
28995,VALL DE SANT JOAN,28997,SIN NOMBRE
28995,VALL DE SANT JOAN,28999,SIN NOMBRE
28995,VALL DE SANT JOAN,29002,SIN NOMBRE
28995,VALL DE SANT JOAN,29009,SIN NOMBRE
28995,VALL DE SANT JOAN,29010,SIN NOMBRE
28995,VALL DE SANT JOAN,29050,SIN NOMBRE
28995,VALL DE SANT JOAN,29051,SIN NOMBRE
28995,VALL DE SANT JOAN,29054,SIN NOMBRE
28995,VALL DE SANT JOAN,29055,SIN NOMBRE
28995,VALL DE SANT JOAN,29056,SIN NOMBRE
28995,VALL DE SANT JOAN,29057,SIN NOMBRE
28995,VALL DE SANT JOAN,29061,SIN NOMBRE
28996,SIN NOMBRE,28996,SIN NOMBRE
28997,SIN NOMBRE,28997,SIN NOMBRE
28999,SIN NOMBRE,28999,SIN NOMBRE
29000,BARRANC DE LES VEREMUSSES,29001,SIN NOMBRE
29001,SIN NOMBRE,29001,SIN NOMBRE
29002,SIN NOMBRE,29002,SIN NOMBRE
29003,BARRANC DE VALLFENOSA,29004,SIN NOMBRE
29003,BARRANC DE VALLFENOSA,29005,SIN NOMBRE
29003,BARRANC DE VALLFENOSA,29006,SIN NOMBRE
29003,BARRANC DE VALLFENOSA,29007,SIN NOMBRE
29003,BARRANC DE VALLFENOSA,29008,SIN NOMBRE
29004,SIN NOMBRE,29004,SIN NOMBRE
29005,SIN NOMBRE,29005,SIN NOMBRE
29006,SIN NOMBRE,29006,SIN NOMBRE
29007,SIN NOMBRE,29007,SIN NOMBRE
29008,SIN NOMBRE,29008,SIN NOMBRE
29009,SIN NOMBRE,29009,SIN NOMBRE
29010,SIN NOMBRE,29010,SIN NOMBRE
29011,VALL MAJOR,29010,SIN NOMBRE
29011,VALL MAJOR,29014,SIN NOMBRE
29011,VALL MAJOR,29019,SIN NOMBRE
29011,VALL MAJOR,29021,SIN NOMBRE
29011,VALL MAJOR,29022,SIN NOMBRE
29011,VALL MAJOR,29028,SIN NOMBRE
29011,VALL MAJOR,29029,SIN NOMBRE
29014,SIN NOMBRE,29014,SIN NOMBRE
29016,LA VALLETA,29017,SIN NOMBRE
29016,LA VALLETA,29018,SIN NOMBRE
29017,SIN NOMBRE,29017,SIN NOMBRE
29018,SIN NOMBRE,29018,SIN NOMBRE
29019,SIN NOMBRE,29019,SIN NOMBRE
29019,SIN NOMBRE,29020,SIN NOMBRE
29020,SIN NOMBRE,29020,SIN NOMBRE
29021,SIN NOMBRE,29021,SIN NOMBRE
29022,SIN NOMBRE,29022,SIN NOMBRE
29022,SIN NOMBRE,29023,SIN NOMBRE
29022,SIN NOMBRE,29024,SIN NOMBRE
29023,SIN NOMBRE,29023,SIN NOMBRE
29024,SIN NOMBRE,29024,SIN NOMBRE
29025,VALL DE LLACUNES,29026,SIN NOMBRE
29025,VALL DE LLACUNES,29027,SIN NOMBRE
29026,SIN NOMBRE,29026,SIN NOMBRE
29027,SIN NOMBRE,29027,SIN NOMBRE
29028,SIN NOMBRE,29028,SIN NOMBRE
29029,SIN NOMBRE,29029,SIN NOMBRE
29030,VALL DELS AUBACS,29031,SIN NOMBRE
29031,SIN NOMBRE,29031,SIN NOMBRE
29032,VALL DELS HORTS,29033,SIN NOMBRE
29032,VALL DELS HORTS,29034,SIN NOMBRE
29032,VALL DELS HORTS,29035,SIN NOMBRE
29032,VALL DELS HORTS,29040,SIN NOMBRE
29032,VALL DELS HORTS,29041,SIN NOMBRE
29033,SIN NOMBRE,29033,SIN NOMBRE
29034,SIN NOMBRE,29034,SIN NOMBRE
29035,SIN NOMBRE,29035,SIN NOMBRE
29037,VALL DE LES COMETES,29038,SIN NOMBRE
29038,SIN NOMBRE,29038,SIN NOMBRE
29040,SIN NOMBRE,29040,SIN NOMBRE
29041,SIN NOMBRE,29041,SIN NOMBRE
29043,VALL MAJOR O DELS HORTS,29045,SIN NOMBRE
29043,VALL MAJOR O DELS HORTS,29046,SIN NOMBRE
29045,SIN NOMBRE,29045,SIN NOMBRE
29046,SIN NOMBRE,29046,SIN NOMBRE
29046,SIN NOMBRE,29047,SIN NOMBRE
29047,SIN NOMBRE,29047,SIN NOMBRE
29048,VALL DE LES BOVEROLES,29049,SIN NOMBRE
29049,SIN NOMBRE,29049,SIN NOMBRE
29050,SIN NOMBRE,29050,SIN NOMBRE
29051,SIN NOMBRE,29051,SIN NOMBRE
29051,SIN NOMBRE,29052,SIN NOMBRE
29051,SIN NOMBRE,29053,SIN NOMBRE
29052,SIN NOMBRE,29052,SIN NOMBRE
29052,SIN NOMBRE,29053,SIN NOMBRE
29053,SIN NOMBRE,29052,SIN NOMBRE
29053,SIN NOMBRE,29053,SIN NOMBRE
29054,SIN NOMBRE,29054,SIN NOMBRE
29055,SIN NOMBRE,29055,SIN NOMBRE
29056,SIN NOMBRE,29056,SIN NOMBRE
29057,SIN NOMBRE,29057,SIN NOMBRE
29058,VALL DE MIARNAU,29059,SIN NOMBRE
29059,SIN NOMBRE,29059,SIN NOMBRE
29061,SIN NOMBRE,29061,SIN NOMBRE
29062,BARRANC DE MOSSELLO,29063,SIN NOMBRE
29063,SIN NOMBRE,29063,SIN NOMBRE
29063,SIN NOMBRE,29064,SIN NOMBRE
29063,SIN NOMBRE,29067,SIN NOMBRE
29064,SIN NOMBRE,29064,SIN NOMBRE
29064,SIN NOMBRE,29065,SIN NOMBRE
29064,SIN NOMBRE,29066,SIN NOMBRE
29065,SIN NOMBRE,29065,SIN NOMBRE
29066,SIN NOMBRE,29066,SIN NOMBRE
29067,SIN NOMBRE,29067,SIN NOMBRE
29068,SIN NOMBRE,29068,SIN NOMBRE
29069,SIN NOMBRE,29069,SIN NOMBRE
29070,BARRANC DE MAIALS,29080,SIN NOMBRE
29070,BARRANC DE MAIALS,29084,SIN NOMBRE
29070,BARRANC DE MAIALS,29085,SIN NOMBRE
29070,BARRANC DE MAIALS,29101,SIN NOMBRE
29072,BARRANC D'ALMATRET,29073,SIN NOMBRE
29072,BARRANC D'ALMATRET,29078,SIN NOMBRE
29072,BARRANC D'ALMATRET,29079,SIN NOMBRE
29073,SIN NOMBRE,29073,SIN NOMBRE
29074,BARRANC DE LES DEVESES,29075,SIN NOMBRE
29074,BARRANC DE LES DEVESES,29076,SIN NOMBRE
29074,BARRANC DE LES DEVESES,29077,SIN NOMBRE
29075,SIN NOMBRE,29075,SIN NOMBRE
29076,SIN NOMBRE,29076,SIN NOMBRE
29077,SIN NOMBRE,29077,SIN NOMBRE
29078,SIN NOMBRE,29078,SIN NOMBRE
29079,SIN NOMBRE,29079,SIN NOMBRE
29080,SIN NOMBRE,29080,SIN NOMBRE
29084,SIN NOMBRE,29084,SIN NOMBRE
29085,SIN NOMBRE,29085,SIN NOMBRE
29086,VALL DE SANT JOAN,29087,SIN NOMBRE
29086,VALL DE SANT JOAN,29098,SIN NOMBRE
29086,VALL DE SANT JOAN,29099,SIN NOMBRE
29086,VALL DE SANT JOAN,29100,SIN NOMBRE
29087,SIN NOMBRE,29087,SIN NOMBRE
29088,BARRANC DE LA MINA,29089,SIN NOMBRE
29088,BARRANC DE LA MINA,29093,SIN NOMBRE
29088,BARRANC DE LA MINA,29097,SIN NOMBRE
29089,SIN NOMBRE,29089,SIN NOMBRE
29090,BARRANC DE LES VALLS,29091,SIN NOMBRE
29091,SIN NOMBRE,29091,SIN NOMBRE
29093,SIN NOMBRE,29093,SIN NOMBRE
29094,BARRANC DE LES ANIMES,29095,SIN NOMBRE
29094,BARRANC DE LES ANIMES,29096,SIN NOMBRE
29095,SIN NOMBRE,29095,SIN NOMBRE
29096,SIN NOMBRE,29096,SIN NOMBRE
29097,SIN NOMBRE,29097,SIN NOMBRE
29098,SIN NOMBRE,29098,SIN NOMBRE
29099,SIN NOMBRE,29099,SIN NOMBRE
29100,SIN NOMBRE,29100,SIN NOMBRE
29101,SIN NOMBRE,29101,SIN NOMBRE
29102,SIN NOMBRE,29102,SIN NOMBRE
29102,SIN NOMBRE,29103,SIN NOMBRE
29103,SIN NOMBRE,29102,SIN NOMBRE
29103,SIN NOMBRE,29103,SIN NOMBRE
29106,SIN NOMBRE,29106,SIN NOMBRE
29107,VALL DE LES MODORRES,29108,SIN NOMBRE
29107,VALL DE LES MODORRES,29110,SIN NOMBRE
29107,VALL DE LES MODORRES,29112,SIN NOMBRE
29107,VALL DE LES MODORRES,29113,SIN NOMBRE
29108,SIN NOMBRE,29108,SIN NOMBRE
29108,SIN NOMBRE,29109,SIN NOMBRE
29109,SIN NOMBRE,29109,SIN NOMBRE
29110,SIN NOMBRE,29110,SIN NOMBRE
29112,SIN NOMBRE,29112,SIN NOMBRE
29113,SIN NOMBRE,29113,SIN NOMBRE
29113,SIN NOMBRE,29114,SIN NOMBRE
29113,SIN NOMBRE,29115,SIN NOMBRE
29114,SIN NOMBRE,29114,SIN NOMBRE
29115,SIN NOMBRE,29115,SIN NOMBRE
29116,SIN NOMBRE,29116,SIN NOMBRE
29117,SIN NOMBRE,29117,SIN NOMBRE
29118,SIN NOMBRE,29118,SIN NOMBRE
29119,SIN NOMBRE,29119,SIN NOMBRE
29120,SIN NOMBRE,29120,SIN NOMBRE
29121,SIN NOMBRE,29121,SIN NOMBRE
29123,BARRANC DE VALL PLANES,29124,SIN NOMBRE
29123,BARRANC DE VALL PLANES,29125,SIN NOMBRE
29124,SIN NOMBRE,29124,SIN NOMBRE
29125,SIN NOMBRE,29125,SIN NOMBRE
29126,SIN NOMBRE,29126,SIN NOMBRE
29127,VALL SALADA,29128,SIN NOMBRE
29128,SIN NOMBRE,29128,SIN NOMBRE
29129,RIERA DE VALL MORTA,29130,SIN NOMBRE
29129,RIERA DE VALL MORTA,29131,SIN NOMBRE
29129,RIERA DE VALL MORTA,29132,SIN NOMBRE
29130,SIN NOMBRE,29130,SIN NOMBRE
29131,SIN NOMBRE,29131,SIN NOMBRE
29132,SIN NOMBRE,29132,SIN NOMBRE
29133,BARRANC DE SANT FRANCESC,29139,SIN NOMBRE
29133,BARRANC DE SANT FRANCESC,29140,SIN NOMBRE
29133,BARRANC DE SANT FRANCESC,29148,SIN NOMBRE
29133,BARRANC DE SANT FRANCESC,29149,SIN NOMBRE
29133,BARRANC DE SANT FRANCESC,29152,SIN NOMBRE
29133,BARRANC DE SANT FRANCESC,29155,SIN NOMBRE
29134,BARRANC DELS OSSOS,29135,SIN NOMBRE
29135,SIN NOMBRE,29135,SIN NOMBRE
29136,VALL DE FRANXO,29137,SIN NOMBRE
29137,SIN NOMBRE,29137,SIN NOMBRE
29137,SIN NOMBRE,29138,SIN NOMBRE
29138,SIN NOMBRE,29138,SIN NOMBRE
29139,SIN NOMBRE,29139,SIN NOMBRE
29140,SIN NOMBRE,29140,SIN NOMBRE
29141,VALL DELS TOSSALETS,29142,SIN NOMBRE
29141,VALL DELS TOSSALETS,29143,SIN NOMBRE
29141,VALL DELS TOSSALETS,29144,SIN NOMBRE
29141,VALL DELS TOSSALETS,29145,SIN NOMBRE
29141,VALL DELS TOSSALETS,29147,SIN NOMBRE
29142,SIN NOMBRE,29142,SIN NOMBRE
29143,SIN NOMBRE,29143,SIN NOMBRE
29144,SIN NOMBRE,29144,SIN NOMBRE
29145,SIN NOMBRE,29145,SIN NOMBRE
29147,SIN NOMBRE,29147,SIN NOMBRE
29148,SIN NOMBRE,29148,SIN NOMBRE
29149,SIN NOMBRE,29149,SIN NOMBRE
29150,BARRANC DE LA SESCA,29151,SIN NOMBRE
29151,SIN NOMBRE,29151,SIN NOMBRE
29152,SIN NOMBRE,29152,SIN NOMBRE
29153,BARRANC DE BASTALLERS,29154,SIN NOMBRE
29154,SIN NOMBRE,29154,SIN NOMBRE
29155,SIN NOMBRE,29155,SIN NOMBRE
29156,BARRANC DE BINGAUBO,29157,SIN NOMBRE
29157,SIN NOMBRE,29157,SIN NOMBRE
29157,SIN NOMBRE,29158,SIN NOMBRE
29157,SIN NOMBRE,29159,SIN NOMBRE
29158,SIN NOMBRE,29158,SIN NOMBRE
29159,SIN NOMBRE,29159,SIN NOMBRE
29163,SIN NOMBRE,29163,SIN NOMBRE
29164,BARRANC DE VALL MOLLA,29165,SIN NOMBRE
29164,BARRANC DE VALL MOLLA,29166,SIN NOMBRE
29164,BARRANC DE VALL MOLLA,29167,SIN NOMBRE
29164,BARRANC DE VALL MOLLA,29168,SIN NOMBRE
29165,SIN NOMBRE,29165,SIN NOMBRE
29166,SIN NOMBRE,29166,SIN NOMBRE
29167,SIN NOMBRE,29167,SIN NOMBRE
29168,SIN NOMBRE,29168,SIN NOMBRE
29169,RIERA DE SANT PAU,29170,SIN NOMBRE
29169,RIERA DE SANT PAU,29171,SIN NOMBRE
29169,RIERA DE SANT PAU,29172,SIN NOMBRE
29170,SIN NOMBRE,29170,SIN NOMBRE
29171,SIN NOMBRE,29171,SIN NOMBRE
29172,SIN NOMBRE,29172,SIN NOMBRE
29173,BARRANC DELS ANYERS,29174,SIN NOMBRE
29174,SIN NOMBRE,29174,SIN NOMBRE
29175,BARRANC DE VOZAVALL,29176,SIN NOMBRE
29175,BARRANC DE VOZAVALL,29177,SIN NOMBRE
29175,BARRANC DE VOZAVALL,29200,SIN NOMBRE
29175,BARRANC DE VOZAVALL,29201,SIN NOMBRE
29175,BARRANC DE VOZAVALL,29202,SIN NOMBRE
29175,BARRANC DE VOZAVALL,29205,SIN NOMBRE
29175,BARRANC DE VOZAVALL,29206,SIN NOMBRE
29175,BARRANC DE VOZAVALL,29209,SIN NOMBRE
29175,BARRANC DE VOZAVALL,29211,SIN NOMBRE
29175,BARRANC DE VOZAVALL,29212,SIN NOMBRE
29175,BARRANC DE VOZAVALL,29213,SIN NOMBRE
29175,BARRANC DE VOZAVALL,29215,SIN NOMBRE
29175,BARRANC DE VOZAVALL,29216,SIN NOMBRE
29175,BARRANC DE VOZAVALL,29218,SIN NOMBRE
29175,BARRANC DE VOZAVALL,29221,SIN NOMBRE
29175,BARRANC DE VOZAVALL,29233,SIN NOMBRE
29175,BARRANC DE VOZAVALL,29234,SIN NOMBRE
29176,SIN NOMBRE,29176,SIN NOMBRE
29177,SIN NOMBRE,29177,SIN NOMBRE
29177,SIN NOMBRE,29178,SIN NOMBRE
29178,SIN NOMBRE,29178,SIN NOMBRE
29180,BARRANC DE BERRUS,29181,SIN NOMBRE
29180,BARRANC DE BERRUS,29182,SIN NOMBRE
29180,BARRANC DE BERRUS,29183,SIN NOMBRE
29180,BARRANC DE BERRUS,29186,SIN NOMBRE
29180,BARRANC DE BERRUS,29191,SIN NOMBRE
29180,BARRANC DE BERRUS,29196,SIN NOMBRE
29181,SIN NOMBRE,29181,SIN NOMBRE
29182,SIN NOMBRE,29182,SIN NOMBRE
29183,SIN NOMBRE,29183,SIN NOMBRE
29184,BARRANC DE VALLPLANA,29185,SIN NOMBRE
29185,SIN NOMBRE,29185,SIN NOMBRE
29186,SIN NOMBRE,29186,SIN NOMBRE
29187,BARRANC DE VALLPLANA,29188,SIN NOMBRE
29188,SIN NOMBRE,29188,SIN NOMBRE
29189,BARRANC DE LES DEVESES,29190,SIN NOMBRE
29190,SIN NOMBRE,29190,SIN NOMBRE
29191,SIN NOMBRE,29191,SIN NOMBRE
29193,BARRANC DE LES COMES,29194,SIN NOMBRE
29193,BARRANC DE LES COMES,29195,SIN NOMBRE
29194,SIN NOMBRE,29194,SIN NOMBRE
29195,SIN NOMBRE,29195,SIN NOMBRE
29196,SIN NOMBRE,29196,SIN NOMBRE
29200,SIN NOMBRE,29200,SIN NOMBRE
29201,SIN NOMBRE,29201,SIN NOMBRE
29202,SIN NOMBRE,29202,SIN NOMBRE
29202,SIN NOMBRE,29203,SIN NOMBRE
29202,SIN NOMBRE,29204,SIN NOMBRE
29203,SIN NOMBRE,29203,SIN NOMBRE
29203,SIN NOMBRE,29204,SIN NOMBRE
29204,SIN NOMBRE,29203,SIN NOMBRE
29204,SIN NOMBRE,29204,SIN NOMBRE
29205,SIN NOMBRE,29205,SIN NOMBRE
29206,SIN NOMBRE,29206,SIN NOMBRE
29207,BARRANC DEL RACO DE LLENGUADERES,29208,SIN NOMBRE
29208,SIN NOMBRE,29208,SIN NOMBRE
29209,SIN NOMBRE,29209,SIN NOMBRE
29211,SIN NOMBRE,29211,SIN NOMBRE
29212,SIN NOMBRE,29212,SIN NOMBRE
29213,SIN NOMBRE,29213,SIN NOMBRE
29215,SIN NOMBRE,29215,SIN NOMBRE
29216,SIN NOMBRE,29216,SIN NOMBRE
29218,SIN NOMBRE,29218,SIN NOMBRE
29219,BARRANC DE COLL,29220,SIN NOMBRE
29220,SIN NOMBRE,29220,SIN NOMBRE
29221,SIN NOMBRE,29221,SIN NOMBRE
29224,BARRANC DE ROSILLA,29226,SIN NOMBRE
29226,SIN NOMBRE,29226,SIN NOMBRE
29233,SIN NOMBRE,29233,SIN NOMBRE
29234,SIN NOMBRE,29234,SIN NOMBRE
29235,BARRANC DE LA VALL DE BUS,29236,SIN NOMBRE
29235,BARRANC DE LA VALL DE BUS,29237,SIN NOMBRE
29236,SIN NOMBRE,29236,SIN NOMBRE
29237,SIN NOMBRE,29237,SIN NOMBRE
29239,RIO MATARRAÑA,29241,SIN NOMBRE
29241,SIN NOMBRE,29241,SIN NOMBRE
29242,SIN NOMBRE,29242,SIN NOMBRE
29243,SIN NOMBRE,29243,SIN NOMBRE
29243,SIN NOMBRE,29244,SIN NOMBRE
29243,SIN NOMBRE,29245,SIN NOMBRE
29243,SIN NOMBRE,29246,SIN NOMBRE
29244,SIN NOMBRE,29243,SIN NOMBRE
29244,SIN NOMBRE,29244,SIN NOMBRE
29245,SIN NOMBRE,29245,SIN NOMBRE
29246,SIN NOMBRE,29246,SIN NOMBRE
29248,BARRANC DE VALLIVES,29253,SIN NOMBRE
29248,BARRANC DE VALLIVES,29254,SIN NOMBRE
29250,BARRANC DEL ROIG,29251,SIN NOMBRE
29251,SIN NOMBRE,29251,SIN NOMBRE
29253,SIN NOMBRE,29253,SIN NOMBRE
29254,SIN NOMBRE,29254,SIN NOMBRE
29256,VALL DE ROURE GROS,29257,SIN NOMBRE
29257,SIN NOMBRE,29257,SIN NOMBRE
29259,BARRANC DE LO MASSALUCA,29260,SIN NOMBRE
29259,BARRANC DE LO MASSALUCA,29262,SIN NOMBRE
29259,BARRANC DE LO MASSALUCA,29266,SIN NOMBRE
29260,SIN NOMBRE,29260,SIN NOMBRE
29262,SIN NOMBRE,29262,SIN NOMBRE
29263,BARRANC DE CANUT,29264,SIN NOMBRE
29263,BARRANC DE CANUT,29265,SIN NOMBRE
29264,SIN NOMBRE,29264,SIN NOMBRE
29265,SIN NOMBRE,29265,SIN NOMBRE
29266,SIN NOMBRE,29266,SIN NOMBRE
29279,VALL MAJOR O DE BATEA,29317,SIN NOMBRE
29279,VALL MAJOR O DE BATEA,29329,SIN NOMBRE
29301,SIN NOMBRE,29301,SIN NOMBRE
29303,BARRANC DE MOSSEN PERE O DE LA VENTA DE SANT JOAN,29304,SIN NOMBRE
29304,SIN NOMBRE,29304,SIN NOMBRE
29317,SIN NOMBRE,29317,SIN NOMBRE
29320,VALL DEL PI O DE LES PAUMERES,29321,SIN NOMBRE
29321,SIN NOMBRE,29321,SIN NOMBRE
29329,SIN NOMBRE,29329,SIN NOMBRE
29352,RIO D'ALGARS,29411,SIN NOMBRE
29352,RIO D'ALGARS,29461,SIN NOMBRE
29352,RIO D'ALGARS,29507,SIN NOMBRE
29352,RIO D'ALGARS,29511,SIN NOMBRE
29390,VALL DE LA MASCAROS,29391,SIN NOMBRE
29391,SIN NOMBRE,29391,SIN NOMBRE
29396,BARRANC DE VALL DE BALAGUER,29397,SIN NOMBRE
29397,SIN NOMBRE,29397,SIN NOMBRE
29405,BARRANC DE SANT JOAN,29408,SIN NOMBRE
29405,BARRANC DE SANT JOAN,29409,SIN NOMBRE
29405,BARRANC DE SANT JOAN,29410,SIN NOMBRE
29408,SIN NOMBRE,29408,SIN NOMBRE
29409,SIN NOMBRE,29409,SIN NOMBRE
29410,SIN NOMBRE,29410,SIN NOMBRE
29411,SIN NOMBRE,29411,SIN NOMBRE
29414,SIN NOMBRE,29414,SIN NOMBRE
29425,BARRANC DEL BASSO,29426,SIN NOMBRE
29426,SIN NOMBRE,29426,SIN NOMBRE
29454,BARRANC DE VALL DE BOT,29455,SIN NOMBRE
29455,SIN NOMBRE,29455,SIN NOMBRE
29459,BARRANCO DE LA VALL DE INFERN,29460,SIN NOMBRE
29460,SIN NOMBRE,29460,SIN NOMBRE
29461,SIN NOMBRE,29461,SIN NOMBRE
29468,BARRANC DE VILANS,29469,SIN NOMBRE
29469,SIN NOMBRE,29469,SIN NOMBRE
29474,RIU DELS ESTRETS,29475,SIN NOMBRE
29474,RIU DELS ESTRETS,29476,SIN NOMBRE
29474,RIU DELS ESTRETS,29480,SIN NOMBRE
29474,RIU DELS ESTRETS,29481,SIN NOMBRE
29474,RIU DELS ESTRETS,29484,SIN NOMBRE
29475,SIN NOMBRE,29475,SIN NOMBRE
29476,SIN NOMBRE,29476,SIN NOMBRE
29477,BARRANCO GROS,29478,SIN NOMBRE
29477,BARRANCO GROS,29479,SIN NOMBRE
29478,SIN NOMBRE,29478,SIN NOMBRE
29479,SIN NOMBRE,29479,SIN NOMBRE
29480,SIN NOMBRE,29480,SIN NOMBRE
29481,SIN NOMBRE,29481,SIN NOMBRE
29482,BARRANC DE FRANXO,29483,SIN NOMBRE
29483,SIN NOMBRE,29483,SIN NOMBRE
29484,SIN NOMBRE,29484,SIN NOMBRE
29485,BARRANC DE CLOSETES,29486,SIN NOMBRE
29486,SIN NOMBRE,29486,SIN NOMBRE
29487,BARRANC DE VALL D' UIXO,29488,SIN NOMBRE
29488,SIN NOMBRE,29488,SIN NOMBRE
29502,SIN NOMBRE,29502,SIN NOMBRE
29507,SIN NOMBRE,29507,SIN NOMBRE
29511,SIN NOMBRE,29511,SIN NOMBRE
29898,SIN NOMBRE,29898,SIN NOMBRE
29899,SIN NOMBRE,29899,SIN NOMBRE
29930,SIN NOMBRE,29930,SIN NOMBRE
29931,BARRANC DEL REGATXOL,29933,SIN NOMBRE
29931,BARRANC DEL REGATXOL,29934,SIN NOMBRE
29931,BARRANC DEL REGATXOL,29936,SIN NOMBRE
29933,SIN NOMBRE,29933,SIN NOMBRE
29934,SIN NOMBRE,29934,SIN NOMBRE
29934,SIN NOMBRE,29935,SIN NOMBRE
29935,SIN NOMBRE,29935,SIN NOMBRE
29936,SIN NOMBRE,29936,SIN NOMBRE
29948,SIN NOMBRE,29948,SIN NOMBRE
29955,BARRANC DE CAPATX,29956,SIN NOMBRE
29955,BARRANC DE CAPATX,29958,SIN NOMBRE
29955,BARRANC DE CAPATX,29959,SIN NOMBRE
29956,SIN NOMBRE,29956,SIN NOMBRE
29958,SIN NOMBRE,29958,SIN NOMBRE
29959,SIN NOMBRE,29959,SIN NOMBRE
29960,BARRANC DE MILLERS,29961,SIN NOMBRE
29961,SIN NOMBRE,29961,SIN NOMBRE
29962,BARRANC DE LA COSCOLLOSA,29968,SIN NOMBRE
29963,BARRANC DELS LLADRES,29965,SIN NOMBRE
29965,SIN NOMBRE,29965,SIN NOMBRE
29966,BARRANQUET DEL CARLUS,29967,SIN NOMBRE
29967,SIN NOMBRE,29967,SIN NOMBRE
29968,SIN NOMBRE,29968,SIN NOMBRE
29985,BARRANC DE LA VALLDOLCET,29988,SIN NOMBRE
29985,BARRANC DE LA VALLDOLCET,29989,SIN NOMBRE
29985,BARRANC DE LA VALLDOLCET,29991,SIN NOMBRE
29986,BARRANC DE COLL DE VAQUES,29987,SIN NOMBRE
29987,SIN NOMBRE,29987,SIN NOMBRE
29988,SIN NOMBRE,29988,SIN NOMBRE
29989,SIN NOMBRE,29989,SIN NOMBRE
29989,SIN NOMBRE,29990,SIN NOMBRE
29990,SIN NOMBRE,29990,SIN NOMBRE
29991,SIN NOMBRE,29991,SIN NOMBRE
30011,SIN NOMBRE,30011,SIN NOMBRE
30012,SIN NOMBRE,30012,SIN NOMBRE
30013,RIU DE BALANCES,30014,SIN NOMBRE
30014,SIN NOMBRE,30014,SIN NOMBRE
30015,BARRANC DEL TORMO,30016,SIN NOMBRE
30016,SIN NOMBRE,30016,SIN NOMBRE
30017,BARRANC DE VALL DE LLENES,30018,SIN NOMBRE
30017,BARRANC DE VALL DE LLENES,30019,SIN NOMBRE
30018,SIN NOMBRE,30018,SIN NOMBRE
30019,SIN NOMBRE,30019,SIN NOMBRE
30020,SIN NOMBRE,30020,SIN NOMBRE
30021,SIN NOMBRE,30021,SIN NOMBRE
30022,SIN NOMBRE,30022,SIN NOMBRE
30027,BARRANC DE L'AIGUAMOLL,30037,SIN NOMBRE
30027,BARRANC DE L'AIGUAMOLL,30038,SIN NOMBRE
30027,BARRANC DE L'AIGUAMOLL,30039,SIN NOMBRE
30027,BARRANC DE L'AIGUAMOLL,30054,SIN NOMBRE
30027,BARRANC DE L'AIGUAMOLL,30055,SIN NOMBRE
30027,BARRANC DE L'AIGUAMOLL,30056,SIN NOMBRE
30027,BARRANC DE L'AIGUAMOLL,30057,SIN NOMBRE
30028,BARRANC DE LES CANOTES,30029,SIN NOMBRE
30028,BARRANC DE LES CANOTES,30030,SIN NOMBRE
30029,SIN NOMBRE,30029,SIN NOMBRE
30030,SIN NOMBRE,30030,SIN NOMBRE
30032,BARRANC DE LA MINA,30033,SIN NOMBRE
30032,BARRANC DE LA MINA,30034,SIN NOMBRE
30032,BARRANC DE LA MINA,30035,SIN NOMBRE
30032,BARRANC DE LA MINA,30036,SIN NOMBRE
30033,SIN NOMBRE,30033,SIN NOMBRE
30034,SIN NOMBRE,30034,SIN NOMBRE
30035,SIN NOMBRE,30035,SIN NOMBRE
30036,SIN NOMBRE,30036,SIN NOMBRE
30037,SIN NOMBRE,30037,SIN NOMBRE
30038,SIN NOMBRE,30038,SIN NOMBRE
30039,SIN NOMBRE,30039,SIN NOMBRE
30040,VALL DE LA VILA,30041,SIN NOMBRE
30040,VALL DE LA VILA,30042,SIN NOMBRE
30040,VALL DE LA VILA,30043,SIN NOMBRE
30040,VALL DE LA VILA,30044,SIN NOMBRE
30040,VALL DE LA VILA,30045,SIN NOMBRE
30040,VALL DE LA VILA,30046,SIN NOMBRE
30040,VALL DE LA VILA,30049,SIN NOMBRE
30040,VALL DE LA VILA,30052,SIN NOMBRE
30040,VALL DE LA VILA,30053,SIN NOMBRE
30041,SIN NOMBRE,30041,SIN NOMBRE
30042,SIN NOMBRE,30042,SIN NOMBRE
30043,SIN NOMBRE,30043,SIN NOMBRE
30044,SIN NOMBRE,30044,SIN NOMBRE
30045,SIN NOMBRE,30045,SIN NOMBRE
30046,SIN NOMBRE,30046,SIN NOMBRE
30046,SIN NOMBRE,30047,SIN NOMBRE
30046,SIN NOMBRE,30048,SIN NOMBRE
30047,SIN NOMBRE,30047,SIN NOMBRE
30048,SIN NOMBRE,30048,SIN NOMBRE
30049,SIN NOMBRE,30049,SIN NOMBRE
30049,SIN NOMBRE,30050,SIN NOMBRE
30049,SIN NOMBRE,30051,SIN NOMBRE
30050,SIN NOMBRE,30050,SIN NOMBRE
30051,SIN NOMBRE,30051,SIN NOMBRE
30052,SIN NOMBRE,30052,SIN NOMBRE
30053,SIN NOMBRE,30053,SIN NOMBRE
30054,SIN NOMBRE,30054,SIN NOMBRE
30055,SIN NOMBRE,30055,SIN NOMBRE
30056,SIN NOMBRE,30056,SIN NOMBRE
30057,SIN NOMBRE,30057,SIN NOMBRE
30057,SIN NOMBRE,30058,SIN NOMBRE
30057,SIN NOMBRE,30059,SIN NOMBRE
30058,SIN NOMBRE,30058,SIN NOMBRE
30059,SIN NOMBRE,30059,SIN NOMBRE
30060,VALL DE JACA,30061,SIN NOMBRE
30061,SIN NOMBRE,30061,SIN NOMBRE
30068,RIU SEGRE,30086,SIN NOMBRE
30068,RIU SEGRE,30096,SIN NOMBRE
30068,RIU SEGRE,33108,SIN NOMBRE
30068,RIU SEGRE,33109,SIN NOMBRE
30068,RIU SEGRE,33152,SIN NOMBRE
30068,RIU SEGRE,33224,SIN NOMBRE
30068,RIU SEGRE,33412,SIN NOMBRE
30068,RIU SEGRE,34732,SIN NOMBRE
30068,RIU SEGRE,34748,SIN NOMBRE
30068,RIU SEGRE,36194,SIN NOMBRE
30068,RIU SEGRE,36196,SIN NOMBRE
30068,RIU SEGRE,36203,SIN NOMBRE
30068,RIU SEGRE,36204,SIN NOMBRE
30068,RIU SEGRE,36231,SIN NOMBRE
30068,RIU SEGRE,36236,SIN NOMBRE
30068,RIU SEGRE,36283,SIN NOMBRE
30068,RIU SEGRE,36520,SIN NOMBRE
30068,RIU SEGRE,36521,SIN NOMBRE
30068,RIU SEGRE,36523,SIN NOMBRE
30068,RIU SEGRE,36617,SIN NOMBRE
30068,RIU SEGRE,36622,SIN NOMBRE
30068,RIU SEGRE,36634,SIN NOMBRE
30068,RIU SEGRE,36635,SIN NOMBRE
30068,RIU SEGRE,36636,SIN NOMBRE
30068,RIU SEGRE,36835,SIN NOMBRE
30068,RIU SEGRE,36848,SIN NOMBRE
30068,RIU SEGRE,36849,SIN NOMBRE
30068,RIU SEGRE,36869,SIN NOMBRE
30068,RIU SEGRE,36875,SIN NOMBRE
30068,RIU SEGRE,36876,SIN NOMBRE
30068,RIU SEGRE,36901,SIN NOMBRE
30068,RIU SEGRE,36902,SIN NOMBRE
30068,RIU SEGRE,36903,SIN NOMBRE
30068,RIU SEGRE,36904,SIN NOMBRE
30068,RIU SEGRE,36905,SIN NOMBRE
30068,RIU SEGRE,36906,SIN NOMBRE
30068,RIU SEGRE,36907,SIN NOMBRE
30068,RIU SEGRE,36943,SIN NOMBRE
30068,RIU SEGRE,36972,SIN NOMBRE
30068,RIU SEGRE,37019,SIN NOMBRE
30068,RIU SEGRE,37216,SIN NOMBRE
30068,RIU SEGRE,37219,SIN NOMBRE
30068,RIU SEGRE,37373,SIN NOMBRE
30068,RIU SEGRE,37386,SIN NOMBRE
30068,RIU SEGRE,37448,SIN NOMBRE
30068,RIU SEGRE,37495,SIN NOMBRE
30070,BARRANC DE VALLFERA,30072,SIN NOMBRE
30070,BARRANC DE VALLFERA,30078,SIN NOMBRE
30072,SIN NOMBRE,30072,SIN NOMBRE
30073,BARRANC DE LA GRALLERA,30076,SIN NOMBRE
30073,BARRANC DE LA GRALLERA,30077,SIN NOMBRE
30076,SIN NOMBRE,30076,SIN NOMBRE
30077,SIN NOMBRE,30077,SIN NOMBRE
30078,SIN NOMBRE,30078,SIN NOMBRE
30084,SIN NOMBRE,30084,SIN NOMBRE
30086,SIN NOMBRE,30086,SIN NOMBRE
30091,BARRANC DE LA VALL DE ROTJA,30092,SIN NOMBRE
30091,BARRANC DE LA VALL DE ROTJA,30093,SIN NOMBRE
30091,BARRANC DE LA VALL DE ROTJA,30094,SIN NOMBRE
30091,BARRANC DE LA VALL DE ROTJA,30095,SIN NOMBRE
30092,SIN NOMBRE,30092,SIN NOMBRE
30093,SIN NOMBRE,30093,SIN NOMBRE
30094,SIN NOMBRE,30094,SIN NOMBRE
30095,SIN NOMBRE,30095,SIN NOMBRE
30096,SIN NOMBRE,30096,SIN NOMBRE
30146,CLAMOR DE VALLMANYA,30151,SIN NOMBRE
30146,CLAMOR DE VALLMANYA,30152,SIN NOMBRE
30146,CLAMOR DE VALLMANYA,30153,SIN NOMBRE
30149,SIN NOMBRE,30149,SIN NOMBRE
30150,SIN NOMBRE,30150,SIN NOMBRE
30151,SIN NOMBRE,30151,SIN NOMBRE
30152,SIN NOMBRE,30152,SIN NOMBRE
30153,SIN NOMBRE,30153,SIN NOMBRE
30158,SIN NOMBRE,30158,SIN NOMBRE
33089,BARRANC DE LA GATA,33090,SIN NOMBRE
33089,BARRANC DE LA GATA,33092,SIN NOMBRE
33089,BARRANC DE LA GATA,33093,SIN NOMBRE
33090,SIN NOMBRE,33090,SIN NOMBRE
33090,SIN NOMBRE,33091,SIN NOMBRE
33091,SIN NOMBRE,33091,SIN NOMBRE
33092,SIN NOMBRE,33092,SIN NOMBRE
33093,SIN NOMBRE,33093,SIN NOMBRE
33095,BARRANC DE SANTA LLESTA,33096,SIN NOMBRE
33096,SIN NOMBRE,33096,SIN NOMBRE
33097,VALL DE MORA,33099,SIN NOMBRE
33097,VALL DE MORA,33101,SIN NOMBRE
33097,VALL DE MORA,33102,SIN NOMBRE
33099,SIN NOMBRE,33099,SIN NOMBRE
33101,SIN NOMBRE,33101,SIN NOMBRE
33102,SIN NOMBRE,33102,SIN NOMBRE
33104,VALL DE BOVALAR,33105,SIN NOMBRE
33105,SIN NOMBRE,33105,SIN NOMBRE
33108,SIN NOMBRE,33108,SIN NOMBRE
33109,SIN NOMBRE,33109,SIN NOMBRE
33110,VALL DE MEU,33111,SIN NOMBRE
33111,SIN NOMBRE,33111,SIN NOMBRE
33112,VALL DE CARRATALA,33114,SIN NOMBRE
33112,VALL DE CARRATALA,33123,SIN NOMBRE
33112,VALL DE CARRATALA,33124,SIN NOMBRE
33114,SIN NOMBRE,33114,SIN NOMBRE
33116,VALL DE LA PEREROLA,33117,SIN NOMBRE
33116,VALL DE LA PEREROLA,33118,SIN NOMBRE
33116,VALL DE LA PEREROLA,33120,SIN NOMBRE
33117,SIN NOMBRE,33117,SIN NOMBRE
33118,SIN NOMBRE,33118,SIN NOMBRE
33118,SIN NOMBRE,33119,SIN NOMBRE
33119,SIN NOMBRE,33119,SIN NOMBRE
33120,SIN NOMBRE,33120,SIN NOMBRE
33121,VALL MIARNAU,33122,SIN NOMBRE
33122,SIN NOMBRE,33122,SIN NOMBRE
33123,SIN NOMBRE,33123,SIN NOMBRE
33124,SIN NOMBRE,33124,SIN NOMBRE
33125,VALL D'ADAR-MAIALS,33130,SIN NOMBRE
33127,VALL DELS MONTOLIVETS,33128,SIN NOMBRE
33128,SIN NOMBRE,33128,SIN NOMBRE
33130,SIN NOMBRE,33130,SIN NOMBRE
33130,SIN NOMBRE,33131,SIN NOMBRE
33131,SIN NOMBRE,33131,SIN NOMBRE
33134,VALL DE LES LLUNES,33135,SIN NOMBRE
33135,SIN NOMBRE,33135,SIN NOMBRE
33136,VALL MAJOR,33142,SIN NOMBRE
33142,SIN NOMBRE,33142,SIN NOMBRE
33143,VALL DELS MASOS,33145,SIN NOMBRE
33145,SIN NOMBRE,33145,SIN NOMBRE
33145,SIN NOMBRE,33146,SIN NOMBRE
33146,SIN NOMBRE,33146,SIN NOMBRE
33147,VALL DELS VEDATS,33149,SIN NOMBRE
33149,SIN NOMBRE,33149,SIN NOMBRE
33152,SIN NOMBRE,33152,SIN NOMBRE
33156,VALL DEL MAS,33171,SIN NOMBRE
33156,VALL DEL MAS,33172,SIN NOMBRE
33159,VALL DE COMA PRUNERA,33162,SIN NOMBRE
33159,VALL DE COMA PRUNERA,33163,SIN NOMBRE
33159,VALL DE COMA PRUNERA,33164,SIN NOMBRE
33159,VALL DE COMA PRUNERA,33165,SIN NOMBRE
33162,SIN NOMBRE,33162,SIN NOMBRE
33163,SIN NOMBRE,33163,SIN NOMBRE
33164,SIN NOMBRE,33164,SIN NOMBRE
33165,SIN NOMBRE,33165,SIN NOMBRE
33166,VALL DELS MALLOLS,33167,SIN NOMBRE
33166,VALL DELS MALLOLS,33168,SIN NOMBRE
33167,SIN NOMBRE,33167,SIN NOMBRE
33168,SIN NOMBRE,33168,SIN NOMBRE
33171,SIN NOMBRE,33171,SIN NOMBRE
33172,SIN NOMBRE,33172,SIN NOMBRE
33176,VALL MAJOR,33177,SIN NOMBRE
33176,VALL MAJOR,33179,SIN NOMBRE
33176,VALL MAJOR,33180,SIN NOMBRE
33176,VALL MAJOR,33187,SIN NOMBRE
33176,VALL MAJOR,33210,SIN NOMBRE
33176,VALL MAJOR,33211,SIN NOMBRE
33176,VALL MAJOR,33221,SIN NOMBRE
33176,VALL MAJOR,33222,SIN NOMBRE
33176,VALL MAJOR,33223,SIN NOMBRE
33177,SIN NOMBRE,33177,SIN NOMBRE
33179,SIN NOMBRE,33179,SIN NOMBRE
33180,SIN NOMBRE,33180,SIN NOMBRE
33182,VALL DE LA SOCARRADA,33183,SIN NOMBRE
33183,SIN NOMBRE,33183,SIN NOMBRE
33187,SIN NOMBRE,33187,SIN NOMBRE
33188,VALL DE LES TORTUGUES,33189,SIN NOMBRE
33189,SIN NOMBRE,33189,SIN NOMBRE
33190,VALL DELS SISCARS,33193,SIN NOMBRE
33191,VALL DE LES GIRONES,33192,SIN NOMBRE
33192,SIN NOMBRE,33192,SIN NOMBRE
33193,SIN NOMBRE,33193,SIN NOMBRE
33194,VALL DE LES FIGUERES,33199,SIN NOMBRE
33194,VALL DE LES FIGUERES,33200,SIN NOMBRE
33194,VALL DE LES FIGUERES,33203,SIN NOMBRE
33195,VALL DELS ARANYONS,33196,SIN NOMBRE
33196,SIN NOMBRE,33196,SIN NOMBRE
33199,SIN NOMBRE,33199,SIN NOMBRE
33200,SIN NOMBRE,33200,SIN NOMBRE
33203,SIN NOMBRE,33203,SIN NOMBRE
33210,SIN NOMBRE,33210,SIN NOMBRE
33211,SIN NOMBRE,33211,SIN NOMBRE
33212,VALL DEL SALT,33213,SIN NOMBRE
33212,VALL DEL SALT,33214,SIN NOMBRE
33213,SIN NOMBRE,33213,SIN NOMBRE
33214,SIN NOMBRE,33214,SIN NOMBRE
33215,VALL DE LES AUBAGUES,33216,SIN NOMBRE
33215,VALL DE LES AUBAGUES,33217,SIN NOMBRE
33215,VALL DE LES AUBAGUES,33218,SIN NOMBRE
33216,SIN NOMBRE,33216,SIN NOMBRE
33217,SIN NOMBRE,33217,SIN NOMBRE
33218,SIN NOMBRE,33218,SIN NOMBRE
33219,VALL DEL CURRO O DE LES COVES,33220,SIN NOMBRE
33220,SIN NOMBRE,33220,SIN NOMBRE
33221,SIN NOMBRE,33221,SIN NOMBRE
33222,SIN NOMBRE,33222,SIN NOMBRE
33223,SIN NOMBRE,33223,SIN NOMBRE
33224,SIN NOMBRE,33224,SIN NOMBRE
33224,SIN NOMBRE,33225,SIN NOMBRE
33225,SIN NOMBRE,33225,SIN NOMBRE
33226,RIU DE SET,33235,SIN NOMBRE
33226,RIU DE SET,33317,SIN NOMBRE
33226,RIU DE SET,33324,SIN NOMBRE
33226,RIU DE SET,33325,SIN NOMBRE
33227,VALL DE MELONS,33231,SIN NOMBRE
33227,VALL DE MELONS,33232,SIN NOMBRE
33231,SIN NOMBRE,33231,SIN NOMBRE
33232,SIN NOMBRE,33232,SIN NOMBRE
33235,SIN NOMBRE,33235,SIN NOMBRE
33238,VALL DELS RASOS,33239,SIN NOMBRE
33239,SIN NOMBRE,33239,SIN NOMBRE
33247,VALL DE LA SISQUELLA,33250,SIN NOMBRE
33250,SIN NOMBRE,33250,SIN NOMBRE
33251,VALL DE LES ESTEPES,33252,SIN NOMBRE
33251,VALL DE LES ESTEPES,33253,SIN NOMBRE
33251,VALL DE LES ESTEPES,33254,SIN NOMBRE
33251,VALL DE LES ESTEPES,33255,SIN NOMBRE
33252,SIN NOMBRE,33252,SIN NOMBRE
33253,SIN NOMBRE,33253,SIN NOMBRE
33254,SIN NOMBRE,33254,SIN NOMBRE
33255,SIN NOMBRE,33255,SIN NOMBRE
33256,VALL DE L'UIXOL,33257,SIN NOMBRE
33256,VALL DE L'UIXOL,33258,SIN NOMBRE
33257,SIN NOMBRE,33257,SIN NOMBRE
33258,SIN NOMBRE,33258,SIN NOMBRE
33258,SIN NOMBRE,33259,SIN NOMBRE
33258,SIN NOMBRE,33260,SIN NOMBRE
33259,SIN NOMBRE,33259,SIN NOMBRE
33260,SIN NOMBRE,33260,SIN NOMBRE
33261,VALL DEL NOGUERET,33262,SIN NOMBRE
33262,SIN NOMBRE,33262,SIN NOMBRE
33266,RACO DEL VELLET,33267,SIN NOMBRE
33267,SIN NOMBRE,33267,SIN NOMBRE
33268,VALL D'AUFAIG,33269,SIN NOMBRE
33269,SIN NOMBRE,33269,SIN NOMBRE
33271,VALL SECA,33273,SIN NOMBRE
33271,VALL SECA,33276,SIN NOMBRE
33273,SIN NOMBRE,33273,SIN NOMBRE
33274,VALL DELS MARQUESOS,33275,SIN NOMBRE
33275,SIN NOMBRE,33275,SIN NOMBRE
33276,SIN NOMBRE,33276,SIN NOMBRE
33277,RIU DE L'ORO,33278,SIN NOMBRE
33277,RIU DE L'ORO,33279,SIN NOMBRE
33277,RIU DE L'ORO,33280,SIN NOMBRE
33278,SIN NOMBRE,33278,SIN NOMBRE
33279,SIN NOMBRE,33279,SIN NOMBRE
33280,SIN NOMBRE,33280,SIN NOMBRE
33282,BARRANC DEL PURGATORI,33283,SIN NOMBRE
33282,BARRANC DEL PURGATORI,33284,SIN NOMBRE
33282,BARRANC DEL PURGATORI,33287,SIN NOMBRE
33282,BARRANC DEL PURGATORI,33288,SIN NOMBRE
33283,SIN NOMBRE,33283,SIN NOMBRE
33284,SIN NOMBRE,33284,SIN NOMBRE
33285,BARRANC DEL GRIS,33286,SIN NOMBRE
33286,SIN NOMBRE,33286,SIN NOMBRE
33287,SIN NOMBRE,33287,SIN NOMBRE
33288,SIN NOMBRE,33288,SIN NOMBRE
33289,VAL DEL MARC,33290,SIN NOMBRE
33289,VAL DEL MARC,33291,SIN NOMBRE
33289,VAL DEL MARC,33293,SIN NOMBRE
33289,VAL DEL MARC,33294,SIN NOMBRE
33289,VAL DEL MARC,33295,SIN NOMBRE
33289,VAL DEL MARC,33298,SIN NOMBRE
33289,VAL DEL MARC,33299,SIN NOMBRE
33290,SIN NOMBRE,33290,SIN NOMBRE
33291,SIN NOMBRE,33291,SIN NOMBRE
33291,SIN NOMBRE,33292,SIN NOMBRE
33292,SIN NOMBRE,33292,SIN NOMBRE
33293,SIN NOMBRE,33293,SIN NOMBRE
33294,SIN NOMBRE,33294,SIN NOMBRE
33295,SIN NOMBRE,33295,SIN NOMBRE
33296,BARRANC DE LES GARRIGUES,33297,SIN NOMBRE
33297,SIN NOMBRE,33297,SIN NOMBRE
33298,SIN NOMBRE,33298,SIN NOMBRE
33299,SIN NOMBRE,33299,SIN NOMBRE
33304,VALL DE LA SEGRELLA,33305,SIN NOMBRE
33305,SIN NOMBRE,33305,SIN NOMBRE
33307,BARRANC DE LA FUMADA,33308,SIN NOMBRE
33308,SIN NOMBRE,33308,SIN NOMBRE
33310,BARRANC DELS FORNS,33311,SIN NOMBRE
33310,BARRANC DELS FORNS,33312,SIN NOMBRE
33310,BARRANC DELS FORNS,33313,SIN NOMBRE
33311,SIN NOMBRE,33311,SIN NOMBRE
33312,SIN NOMBRE,33312,SIN NOMBRE
33313,SIN NOMBRE,33313,SIN NOMBRE
33315,BARRANC DE LES AUBEREDES,33316,SIN NOMBRE
33316,SIN NOMBRE,33316,SIN NOMBRE
33317,SIN NOMBRE,33317,SIN NOMBRE
33318,RIU DEL GORGS,33321,SIN NOMBRE
33318,RIU DEL GORGS,33322,SIN NOMBRE
33319,FONDO DEL PRUNERS,33320,SIN NOMBRE
33320,SIN NOMBRE,33320,SIN NOMBRE
33321,SIN NOMBRE,33321,SIN NOMBRE
33322,SIN NOMBRE,33322,SIN NOMBRE
33324,SIN NOMBRE,33324,SIN NOMBRE
33325,SIN NOMBRE,33325,SIN NOMBRE
33328,FONDO DEL MAS D'EN PERIS,33329,SIN NOMBRE
33329,SIN NOMBRE,33329,SIN NOMBRE
33331,FONDO DEL MAS D'EN PERET,33332,SIN NOMBRE
33331,FONDO DEL MAS D'EN PERET,33333,SIN NOMBRE
33332,SIN NOMBRE,33332,SIN NOMBRE
33333,SIN NOMBRE,33333,SIN NOMBRE
33334,VALL DE MATXERRI,33335,SIN NOMBRE
33335,SIN NOMBRE,33335,SIN NOMBRE
33337,BARRANC DE L'ARANYO,33339,SIN NOMBRE
33337,BARRANC DE L'ARANYO,33343,SIN NOMBRE
33337,BARRANC DE L'ARANYO,33344,SIN NOMBRE
33339,SIN NOMBRE,33339,SIN NOMBRE
33339,SIN NOMBRE,33340,SIN NOMBRE
33340,SIN NOMBRE,33340,SIN NOMBRE
33343,SIN NOMBRE,33343,SIN NOMBRE
33344,SIN NOMBRE,33344,SIN NOMBRE
33347,VALL DE LES COMES DE VINAIXA,33349,SIN NOMBRE
33347,VALL DE LES COMES DE VINAIXA,33350,SIN NOMBRE
33347,VALL DE LES COMES DE VINAIXA,33351,SIN NOMBRE
33347,VALL DE LES COMES DE VINAIXA,33352,SIN NOMBRE
33347,VALL DE LES COMES DE VINAIXA,33357,SIN NOMBRE
33347,VALL DE LES COMES DE VINAIXA,33358,SIN NOMBRE
33349,SIN NOMBRE,33349,SIN NOMBRE
33350,SIN NOMBRE,33350,SIN NOMBRE
33351,SIN NOMBRE,33351,SIN NOMBRE
33352,SIN NOMBRE,33352,SIN NOMBRE
33353,VALL D'ESTIRAS,33354,SIN NOMBRE
33353,VALL D'ESTIRAS,33355,SIN NOMBRE
33353,VALL D'ESTIRAS,33356,SIN NOMBRE
33354,SIN NOMBRE,33354,SIN NOMBRE
33355,SIN NOMBRE,33355,SIN NOMBRE
33356,SIN NOMBRE,33356,SIN NOMBRE
33357,SIN NOMBRE,33357,SIN NOMBRE
33358,SIN NOMBRE,33358,SIN NOMBRE
33358,SIN NOMBRE,33359,SIN NOMBRE
33359,SIN NOMBRE,33359,SIN NOMBRE
33361,FONDO DE L'ESPARIGUERA,33362,SIN NOMBRE
33361,FONDO DE L'ESPARIGUERA,33368,SIN NOMBRE
33362,SIN NOMBRE,33362,SIN NOMBRE
33362,SIN NOMBRE,33363,SIN NOMBRE
33362,SIN NOMBRE,33364,SIN NOMBRE
33362,SIN NOMBRE,33365,SIN NOMBRE
33363,SIN NOMBRE,33363,SIN NOMBRE
33364,SIN NOMBRE,33364,SIN NOMBRE
33365,SIN NOMBRE,33365,SIN NOMBRE
33368,SIN NOMBRE,33368,SIN NOMBRE
33369,FONDO MAJOR,33371,SIN NOMBRE
33369,FONDO MAJOR,33375,SIN NOMBRE
33369,FONDO MAJOR,33382,SIN NOMBRE
33369,FONDO MAJOR,33383,SIN NOMBRE
33371,SIN NOMBRE,33371,SIN NOMBRE
33372,FONDO DE LES SIVINES,33373,SIN NOMBRE
33372,FONDO DE LES SIVINES,33374,SIN NOMBRE
33373,SIN NOMBRE,33373,SIN NOMBRE
33374,SIN NOMBRE,33374,SIN NOMBRE
33375,SIN NOMBRE,33375,SIN NOMBRE
33376,FONDO DE COMAENSEGARRA,33377,SIN NOMBRE
33377,SIN NOMBRE,33377,SIN NOMBRE
33377,SIN NOMBRE,33378,SIN NOMBRE
33377,SIN NOMBRE,33379,SIN NOMBRE
33377,SIN NOMBRE,33380,SIN NOMBRE
33377,SIN NOMBRE,33381,SIN NOMBRE
33378,SIN NOMBRE,33378,SIN NOMBRE
33379,SIN NOMBRE,33379,SIN NOMBRE
33380,SIN NOMBRE,33380,SIN NOMBRE
33381,SIN NOMBRE,33381,SIN NOMBRE
33382,SIN NOMBRE,33382,SIN NOMBRE
33383,SIN NOMBRE,33383,SIN NOMBRE
33385,FONDO DE LES ALZINETES,33386,SIN NOMBRE
33386,SIN NOMBRE,33386,SIN NOMBRE
33391,VALLS DELS CORTALS,33392,SIN NOMBRE
33392,SIN NOMBRE,33392,SIN NOMBRE
33396,FONDO DEL DIUMENGES,33398,SIN NOMBRE
33396,FONDO DEL DIUMENGES,33401,SIN NOMBRE
33398,SIN NOMBRE,33398,SIN NOMBRE
33398,SIN NOMBRE,33399,SIN NOMBRE
33399,SIN NOMBRE,33399,SIN NOMBRE
33401,SIN NOMBRE,33401,SIN NOMBRE
33407,RIERA DE MALDANELL,33408,SIN NOMBRE
33407,RIERA DE MALDANELL,33410,SIN NOMBRE
33408,SIN NOMBRE,33408,SIN NOMBRE
33410,SIN NOMBRE,33410,SIN NOMBRE
33410,SIN NOMBRE,33411,SIN NOMBRE
33411,SIN NOMBRE,33411,SIN NOMBRE
33412,SIN NOMBRE,33412,SIN NOMBRE
33414,REGUER GRAN,33415,SIN NOMBRE
33415,SIN NOMBRE,33415,SIN NOMBRE
33416,RIO NOGUERA RIBAGORÇANA,33421,SIN NOMBRE
33416,RIO NOGUERA RIBAGORÇANA,33424,SIN NOMBRE
33416,RIO NOGUERA RIBAGORÇANA,33426,SIN NOMBRE
33416,RIO NOGUERA RIBAGORÇANA,33498,SIN NOMBRE
33416,RIO NOGUERA RIBAGORÇANA,33499,SIN NOMBRE
33416,RIO NOGUERA RIBAGORÇANA,33512,SIN NOMBRE
33416,RIO NOGUERA RIBAGORÇANA,33515,SIN NOMBRE
33416,RIO NOGUERA RIBAGORÇANA,33517,SIN NOMBRE
33416,RIO NOGUERA RIBAGORÇANA,33518,SIN NOMBRE
33416,RIO NOGUERA RIBAGORÇANA,33695,SIN NOMBRE
33416,RIO NOGUERA RIBAGORÇANA,33702,SIN NOMBRE
33416,RIO NOGUERA RIBAGORÇANA,33755,SIN NOMBRE
33416,RIO NOGUERA RIBAGORÇANA,33760,SIN NOMBRE
33416,RIO NOGUERA RIBAGORÇANA,33839,SIN NOMBRE
33416,RIO NOGUERA RIBAGORÇANA,33926,SIN NOMBRE
33416,RIO NOGUERA RIBAGORÇANA,33977,SIN NOMBRE
33416,RIO NOGUERA RIBAGORÇANA,34055,SIN NOMBRE
33416,RIO NOGUERA RIBAGORÇANA,34056,SIN NOMBRE
33416,RIO NOGUERA RIBAGORÇANA,34129,SIN NOMBRE
33416,RIO NOGUERA RIBAGORÇANA,34135,SIN NOMBRE
33416,RIO NOGUERA RIBAGORÇANA,34136,SIN NOMBRE
33416,RIO NOGUERA RIBAGORÇANA,34196,SIN NOMBRE
33416,RIO NOGUERA RIBAGORÇANA,34416,SIN NOMBRE
33416,RIO NOGUERA RIBAGORÇANA,34417,SIN NOMBRE
33416,RIO NOGUERA RIBAGORÇANA,34422,SIN NOMBRE
33416,RIO NOGUERA RIBAGORÇANA,34497,SIN NOMBRE
33421,SIN NOMBRE,33421,SIN NOMBRE
33422,BARRANC DE LES SAVINES,33423,SIN NOMBRE
33423,SIN NOMBRE,33423,SIN NOMBRE
33424,SIN NOMBRE,33424,SIN NOMBRE
33426,SIN NOMBRE,33426,SIN NOMBRE
33498,SIN NOMBRE,33498,SIN NOMBRE
33499,SIN NOMBRE,33499,SIN NOMBRE
33499,SIN NOMBRE,33500,SIN NOMBRE
33499,SIN NOMBRE,33501,SIN NOMBRE
33500,SIN NOMBRE,33500,SIN NOMBRE
33501,SIN NOMBRE,33501,SIN NOMBRE
33502,BARRANC DE MIQUEL,33503,SIN NOMBRE
33503,SIN NOMBRE,33503,SIN NOMBRE
33507,BARRANC D'ALBEROLA,33508,SIN NOMBRE
33507,BARRANC D'ALBEROLA,33509,SIN NOMBRE
33508,SIN NOMBRE,33508,SIN NOMBRE
33509,SIN NOMBRE,33509,SIN NOMBRE
33510,BARRANC D'ANTILLAC,33511,SIN NOMBRE
33511,SIN NOMBRE,33511,SIN NOMBRE
33512,SIN NOMBRE,33512,SIN NOMBRE
33515,SIN NOMBRE,33515,SIN NOMBRE
33517,SIN NOMBRE,33517,SIN NOMBRE
33518,SIN NOMBRE,33518,SIN NOMBRE
33695,SIN NOMBRE,33695,SIN NOMBRE
33697,BARRANC DE LA FONT DE DUBA,33698,SIN NOMBRE
33698,SIN NOMBRE,33698,SIN NOMBRE
33701,SIN NOMBRE,33701,SIN NOMBRE
33702,SIN NOMBRE,33702,SIN NOMBRE
33703,BARRANC DEL REI,33704,SIN NOMBRE
33704,SIN NOMBRE,33704,SIN NOMBRE
33706,BARRANC GROS,33707,SIN NOMBRE
33707,SIN NOMBRE,33707,SIN NOMBRE
33709,BARRANC DE LA MATA DEL VIUDA,33710,SIN NOMBRE
33710,SIN NOMBRE,33710,SIN NOMBRE
33720,BARRANC DEL CAMINER,33723,SIN NOMBRE
33721,BARRANC DEL MAS NOU,33722,SIN NOMBRE
33722,SIN NOMBRE,33722,SIN NOMBRE
33723,SIN NOMBRE,33723,SIN NOMBRE
33724,BARRANC DEL SALT,33725,SIN NOMBRE
33725,SIN NOMBRE,33725,SIN NOMBRE
33731,BARRANC DE LES COLOMINES,33733,SIN NOMBRE
33731,BARRANC DE LES COLOMINES,33734,SIN NOMBRE
33731,BARRANC DE LES COLOMINES,33735,SIN NOMBRE
33733,SIN NOMBRE,33733,SIN NOMBRE
33734,SIN NOMBRE,33734,SIN NOMBRE
33735,SIN NOMBRE,33735,SIN NOMBRE
33749,BARRANC DE LA PARDINA,33750,SIN NOMBRE
33750,SIN NOMBRE,33750,SIN NOMBRE
33752,BARRANC DEL PORTELL,33753,SIN NOMBRE
33753,SIN NOMBRE,33753,SIN NOMBRE
33755,SIN NOMBRE,33755,SIN NOMBRE
33756,SIN NOMBRE,33756,SIN NOMBRE
33760,SIN NOMBRE,33760,SIN NOMBRE
33796,BARRANC GROS,33801,SIN NOMBRE
33796,BARRANC GROS,33802,SIN NOMBRE
33797,BARRANC DE LA CLUA,33799,SIN NOMBRE
33797,BARRANC DE LA CLUA,33800,SIN NOMBRE
33799,SIN NOMBRE,33799,SIN NOMBRE
33800,SIN NOMBRE,33800,SIN NOMBRE
33801,SIN NOMBRE,33801,SIN NOMBRE
33802,SIN NOMBRE,33802,SIN NOMBRE
33803,BARRANC DE CANTILLONS,33804,SIN NOMBRE
33803,BARRANC DE CANTILLONS,33805,SIN NOMBRE
33804,SIN NOMBRE,33804,SIN NOMBRE
33805,SIN NOMBRE,33805,SIN NOMBRE
33808,BARRANC DE LA MARRADA,33809,SIN NOMBRE
33809,SIN NOMBRE,33809,SIN NOMBRE
33810,BARRANC DE MONTLLOBAR,33814,SIN NOMBRE
33810,BARRANC DE MONTLLOBAR,33815,SIN NOMBRE
33814,SIN NOMBRE,33814,SIN NOMBRE
33815,SIN NOMBRE,33815,SIN NOMBRE
33816,BARRANC DE LA CASOTA,33817,SIN NOMBRE
33817,SIN NOMBRE,33817,SIN NOMBRE
33835,BARRANC DE CARGALLUDA,33836,SIN NOMBRE
33836,SIN NOMBRE,33836,SIN NOMBRE
33839,SIN NOMBRE,33839,SIN NOMBRE
33840,SIN NOMBRE,33840,SIN NOMBRE
33842,BARRANC DE LA VILETA,33845,SIN NOMBRE
33842,BARRANC DE LA VILETA,33849,SIN NOMBRE
33842,BARRANC DE LA VILETA,33852,SIN NOMBRE
33842,BARRANC DE LA VILETA,33853,SIN NOMBRE
33845,SIN NOMBRE,33845,SIN NOMBRE
33849,SIN NOMBRE,33849,SIN NOMBRE
33852,SIN NOMBRE,33852,SIN NOMBRE
33853,SIN NOMBRE,33853,SIN NOMBRE
33888,SIN NOMBRE,33888,SIN NOMBRE
33894,BARRANC DELS MASETS,33895,SIN NOMBRE
33894,BARRANC DELS MASETS,33896,SIN NOMBRE
33895,SIN NOMBRE,33895,SIN NOMBRE
33896,SIN NOMBRE,33896,SIN NOMBRE
33897,BARRANC DE RUSSIRERA,33896,SIN NOMBRE
33899,SIN NOMBRE,33899,SIN NOMBRE
33905,BARRANC D'ESPILLS,33908,SIN NOMBRE
33905,BARRANC D'ESPILLS,33910,SIN NOMBRE
33905,BARRANC D'ESPILLS,33913,SIN NOMBRE
33905,BARRANC D'ESPILLS,33916,SIN NOMBRE
33906,BARRANC DELS CABILASSOS,33907,SIN NOMBRE
33907,SIN NOMBRE,33907,SIN NOMBRE
33908,SIN NOMBRE,33908,SIN NOMBRE
33910,SIN NOMBRE,33910,SIN NOMBRE
33913,SIN NOMBRE,33913,SIN NOMBRE
33916,SIN NOMBRE,33916,SIN NOMBRE
33917,BARRANC DE BITGIMOSES,33918,SIN NOMBRE
33918,SIN NOMBRE,33918,SIN NOMBRE
33924,BARRANC DE LES CORTS,33925,SIN NOMBRE
33925,SIN NOMBRE,33925,SIN NOMBRE
33926,SIN NOMBRE,33926,SIN NOMBRE
33927,BARRANC DE GARGALLO,33928,SIN NOMBRE
33928,SIN NOMBRE,33928,SIN NOMBRE
33942,BARRANC D'ESCARLA,33946,SIN NOMBRE
33942,BARRANC D'ESCARLA,33947,SIN NOMBRE
33942,BARRANC D'ESCARLA,33950,SIN NOMBRE
33946,SIN NOMBRE,33946,SIN NOMBRE
33947,SIN NOMBRE,33947,SIN NOMBRE
33950,SIN NOMBRE,33950,SIN NOMBRE
33975,BARRANC DE TAMASSI,33976,SIN NOMBRE
33976,SIN NOMBRE,33976,SIN NOMBRE
33977,SIN NOMBRE,33977,SIN NOMBRE
33978,BARRANC DE MARTINET,33979,SIN NOMBRE
33979,SIN NOMBRE,33979,SIN NOMBRE
33982,BARRANC D'ORCIT,33983,SIN NOMBRE
33983,SIN NOMBRE,33983,SIN NOMBRE
33988,BARRANC DEL GRALLER,33992,SIN NOMBRE
33990,LLAU FONDA,33991,SIN NOMBRE
33991,SIN NOMBRE,33991,SIN NOMBRE
33992,SIN NOMBRE,33992,SIN NOMBRE
33995,BARRANC DE TURMEDA,33998,SIN NOMBRE
33996,BARRANC D'ESPLUGAFREDA,33997,SIN NOMBRE
33996,BARRANC D'ESPLUGAFREDA,33998,SIN NOMBRE
33997,SIN NOMBRE,33997,SIN NOMBRE
33998,SIN NOMBRE,33998,SIN NOMBRE
34026,BARRANC DEL SOLA,34029,SIN NOMBRE
34026,BARRANC DEL SOLA,34043,SIN NOMBRE
34029,SIN NOMBRE,34029,SIN NOMBRE
34031,BARRANC DE COMALROURE,34032,SIN NOMBRE
34031,BARRANC DE COMALROURE,34033,SIN NOMBRE
34032,SIN NOMBRE,34032,SIN NOMBRE
34033,SIN NOMBRE,34033,SIN NOMBRE
34034,BARRANC DE LLEPOS,34035,SIN NOMBRE
34035,SIN NOMBRE,34035,SIN NOMBRE
34037,BARRANC DEL CLOT DEL ROURE,34039,SIN NOMBRE
34037,BARRANC DEL CLOT DEL ROURE,34041,SIN NOMBRE
34039,SIN NOMBRE,34039,SIN NOMBRE
34041,SIN NOMBRE,34041,SIN NOMBRE
34043,SIN NOMBRE,34043,SIN NOMBRE
34044,LLAU DE LA TORRE,34045,SIN NOMBRE
34045,SIN NOMBRE,34045,SIN NOMBRE
34046,BARRANC DE TOROGO,34047,SIN NOMBRE
34046,BARRANC DE TOROGO,34048,SIN NOMBRE
34047,SIN NOMBRE,34047,SIN NOMBRE
34048,SIN NOMBRE,34048,SIN NOMBRE
34050,BARRANC DE SANT MIQUEL,34051,SIN NOMBRE
34051,SIN NOMBRE,34051,SIN NOMBRE
34055,SIN NOMBRE,34055,SIN NOMBRE
34056,SIN NOMBRE,34056,SIN NOMBRE
34063,BARRANC DE MIRALLES,34071,SIN NOMBRE
34063,BARRANC DE MIRALLES,34079,SIN NOMBRE
34063,BARRANC DE MIRALLES,34080,SIN NOMBRE
34071,SIN NOMBRE,34071,SIN NOMBRE
34079,SIN NOMBRE,34079,SIN NOMBRE
34080,SIN NOMBRE,34080,SIN NOMBRE
34080,SIN NOMBRE,34081,SIN NOMBRE
34081,SIN NOMBRE,34081,SIN NOMBRE
34119,SIN NOMBRE,34119,SIN NOMBRE
34121,BARRANC DE CANTALLOPS,34125,SIN NOMBRE
34122,BARRANC DEL PRATUSOT,34123,SIN NOMBRE
34123,SIN NOMBRE,34123,SIN NOMBRE
34125,SIN NOMBRE,34125,SIN NOMBRE
34126,BARRANC DEL CASTELL,34125,SIN NOMBRE
34129,SIN NOMBRE,34129,SIN NOMBRE
34130,BARRANC DE LES CASETES,34131,SIN NOMBRE
34130,BARRANC DE LES CASETES,34132,SIN NOMBRE
34131,SIN NOMBRE,34131,SIN NOMBRE
34132,SIN NOMBRE,34132,SIN NOMBRE
34135,SIN NOMBRE,34135,SIN NOMBRE
34136,SIN NOMBRE,34136,SIN NOMBRE
34138,BARRANC DE MONTIBERRI,34139,SIN NOMBRE
34139,SIN NOMBRE,34139,SIN NOMBRE
34140,BARRANC DE LA TORXIDA,34141,SIN NOMBRE
34141,SIN NOMBRE,34141,SIN NOMBRE
34142,BARRANC DE MALPAS,34143,SIN NOMBRE
34142,BARRANC DE MALPAS,34144,SIN NOMBRE
34142,BARRANC DE MALPAS,34145,SIN NOMBRE
34143,SIN NOMBRE,34143,SIN NOMBRE
34144,SIN NOMBRE,34144,SIN NOMBRE
34145,SIN NOMBRE,34145,SIN NOMBRE
34146,BARRANC DE PERANERA,34147,SIN NOMBRE
34146,BARRANC DE PERANERA,34148,SIN NOMBRE
34146,BARRANC DE PERANERA,34149,SIN NOMBRE
34147,SIN NOMBRE,34147,SIN NOMBRE
34148,SIN NOMBRE,34148,SIN NOMBRE
34149,SIN NOMBRE,34149,SIN NOMBRE
34150,BARRANC DE LES ESPLUGUES,34154,SIN NOMBRE
34151,BARRANC DE LA FONT GROSSA,34152,SIN NOMBRE
34152,SIN NOMBRE,34152,SIN NOMBRE
34154,SIN NOMBRE,34154,SIN NOMBRE
34155,BARRANC DE VIU,34169,SIN NOMBRE
34155,BARRANC DE VIU,34170,SIN NOMBRE
34155,BARRANC DE VIU,34171,SIN NOMBRE
34155,BARRANC DE VIU,34173,SIN NOMBRE
34156,BARRANC DE MISSIVERT,34168,SIN NOMBRE
34157,RIUET DEL PORT D'ERTA,34158,SIN NOMBRE
34157,RIUET DEL PORT D'ERTA,34159,SIN NOMBRE
34157,RIUET DEL PORT D'ERTA,34162,SIN NOMBRE
34157,RIUET DEL PORT D'ERTA,34165,SIN NOMBRE
34157,RIUET DEL PORT D'ERTA,34167,SIN NOMBRE
34157,RIUET DEL PORT D'ERTA,34168,SIN NOMBRE
34158,SIN NOMBRE,34158,SIN NOMBRE
34159,SIN NOMBRE,34159,SIN NOMBRE
34162,SIN NOMBRE,34162,SIN NOMBRE
34165,SIN NOMBRE,34165,SIN NOMBRE
34167,SIN NOMBRE,34167,SIN NOMBRE
34168,SIN NOMBRE,34168,SIN NOMBRE
34169,SIN NOMBRE,34169,SIN NOMBRE
34170,SIN NOMBRE,34170,SIN NOMBRE
34171,SIN NOMBRE,34171,SIN NOMBRE
34171,SIN NOMBRE,34172,SIN NOMBRE
34172,SIN NOMBRE,34172,SIN NOMBRE
34173,SIN NOMBRE,34173,SIN NOMBRE
34175,BARRANC D'ADONS,34176,SIN NOMBRE
34175,BARRANC D'ADONS,34177,SIN NOMBRE
34175,BARRANC D'ADONS,34179,SIN NOMBRE
34175,BARRANC D'ADONS,34180,SIN NOMBRE
34175,BARRANC D'ADONS,34182,SIN NOMBRE
34176,SIN NOMBRE,34176,SIN NOMBRE
34177,SIN NOMBRE,34177,SIN NOMBRE
34179,SIN NOMBRE,34179,SIN NOMBRE
34180,SIN NOMBRE,34180,SIN NOMBRE
34182,SIN NOMBRE,34182,SIN NOMBRE
34192,BARRANC D'ESPERAN,34193,SIN NOMBRE
34192,BARRANC D'ESPERAN,34194,SIN NOMBRE
34192,BARRANC D'ESPERAN,34195,SIN NOMBRE
34193,SIN NOMBRE,34193,SIN NOMBRE
34194,SIN NOMBRE,34194,SIN NOMBRE
34195,SIN NOMBRE,34195,SIN NOMBRE
34196,SIN NOMBRE,34196,SIN NOMBRE
34198,SIN NOMBRE,34198,SIN NOMBRE
34209,LA NOGUERA DE TOR,34211,SIN NOMBRE
34209,LA NOGUERA DE TOR,34215,SIN NOMBRE
34209,LA NOGUERA DE TOR,34224,SIN NOMBRE
34209,LA NOGUERA DE TOR,34232,SIN NOMBRE
34209,LA NOGUERA DE TOR,34237,SIN NOMBRE
34209,LA NOGUERA DE TOR,34246,SIN NOMBRE
34209,LA NOGUERA DE TOR,34247,SIN NOMBRE
34209,LA NOGUERA DE TOR,34331,SIN NOMBRE
34210,SIN NOMBRE,34210,SIN NOMBRE
34211,SIN NOMBRE,34211,SIN NOMBRE
34212,BARRANC DEL CAMI D'IRGO,34213,SIN NOMBRE
34212,BARRANC DEL CAMI D'IRGO,34214,SIN NOMBRE
34213,SIN NOMBRE,34213,SIN NOMBRE
34214,SIN NOMBRE,34214,SIN NOMBRE
34215,SIN NOMBRE,34215,SIN NOMBRE
34215,SIN NOMBRE,34216,SIN NOMBRE
34216,SIN NOMBRE,34216,SIN NOMBRE
34217,BARRANC DE CANTILANS,34218,SIN NOMBRE
34217,BARRANC DE CANTILANS,34219,SIN NOMBRE
34218,SIN NOMBRE,34218,SIN NOMBRE
34219,SIN NOMBRE,34219,SIN NOMBRE
34222,BARRANC DE LA BASSA,34223,SIN NOMBRE
34223,SIN NOMBRE,34223,SIN NOMBRE
34224,SIN NOMBRE,34224,SIN NOMBRE
34225,BARRANC D'IRAN,34229,SIN NOMBRE
34229,SIN NOMBRE,34229,SIN NOMBRE
34230,BARRANC DE FENERO,34231,SIN NOMBRE
34231,SIN NOMBRE,34231,SIN NOMBRE
34232,SIN NOMBRE,34232,SIN NOMBRE
34233,BARRANC DE SARAIS,34235,SIN NOMBRE
34235,SIN NOMBRE,34235,SIN NOMBRE
34237,SIN NOMBRE,34237,SIN NOMBRE
34238,BARRANC DE COMABONA,34239,SIN NOMBRE
34239,SIN NOMBRE,34239,SIN NOMBRE
34240,BARRANC DE L'EMPRIU,34241,SIN NOMBRE
34241,SIN NOMBRE,34241,SIN NOMBRE
34246,SIN NOMBRE,34246,SIN NOMBRE
34247,SIN NOMBRE,34247,SIN NOMBRE
34251,BARRANC DELS ORRIS,34252,SIN NOMBRE
34251,BARRANC DELS ORRIS,34253,SIN NOMBRE
34251,BARRANC DELS ORRIS,34254,SIN NOMBRE
34252,SIN NOMBRE,34252,SIN NOMBRE
34253,SIN NOMBRE,34253,SIN NOMBRE
34254,SIN NOMBRE,34254,SIN NOMBRE
34263,RIUET DE BARRUERA,34264,SIN NOMBRE
34264,SIN NOMBRE,34264,SIN NOMBRE
34265,BARRANC DE LA MUNTANYETA DE BARRUERA,34266,SIN NOMBRE
34266,SIN NOMBRE,34266,SIN NOMBRE
34272,RIU DE SANT MARTI,34286,SIN NOMBRE
34272,RIU DE SANT MARTI,34288,SIN NOMBRE
34277,RIUET DE MULLERES,34278,SIN NOMBRE
34277,RIUET DE MULLERES,34279,SIN NOMBRE
34277,RIUET DE MULLERES,34282,SIN NOMBRE
34278,SIN NOMBRE,34278,SIN NOMBRE
34279,SIN NOMBRE,34279,SIN NOMBRE
34282,SIN NOMBRE,34282,SIN NOMBRE
34286,SIN NOMBRE,34286,SIN NOMBRE
34288,SIN NOMBRE,34288,SIN NOMBRE
34289,BARRANC DEL PORT,34288,SIN NOMBRE
34289,BARRANC DEL PORT,34290,SIN NOMBRE
34290,SIN NOMBRE,34290,SIN NOMBRE
34296,RIU DE SANT NICOLAU,34298,SIN NOMBRE
34296,RIU DE SANT NICOLAU,34299,SIN NOMBRE
34296,RIU DE SANT NICOLAU,34300,SIN NOMBRE
34296,RIU DE SANT NICOLAU,34304,SIN NOMBRE
34296,RIU DE SANT NICOLAU,34307,SIN NOMBRE
34298,SIN NOMBRE,34298,SIN NOMBRE
34299,SIN NOMBRE,34299,SIN NOMBRE
34300,SIN NOMBRE,34300,SIN NOMBRE
34304,SIN NOMBRE,34304,SIN NOMBRE
34305,BARRANC DE SARRADE,34306,SIN NOMBRE
34306,SIN NOMBRE,34306,SIN NOMBRE
34307,SIN NOMBRE,34307,SIN NOMBRE
34309,BARRANC DE LES MUSSOLES,34310,SIN NOMBRE
34310,SIN NOMBRE,34310,SIN NOMBRE
34314,BARRANC DE CONTRAIX,34315,SIN NOMBRE
34314,BARRANC DE CONTRAIX,34316,SIN NOMBRE
34315,SIN NOMBRE,34315,SIN NOMBRE
34316,SIN NOMBRE,34316,SIN NOMBRE
34317,BARRANC DEL PORTARRO,34318,SIN NOMBRE
34318,SIN NOMBRE,34318,SIN NOMBRE
34318,SIN NOMBRE,34319,SIN NOMBRE
34318,SIN NOMBRE,34320,SIN NOMBRE
34319,SIN NOMBRE,34319,SIN NOMBRE
34320,SIN NOMBRE,34320,SIN NOMBRE
34326,BARRANC DEL SALLENT,34327,SIN NOMBRE
34327,SIN NOMBRE,34327,SIN NOMBRE
34331,SIN NOMBRE,34331,SIN NOMBRE
34332,BARRANC DE RIUMALO,34331,SIN NOMBRE
34332,BARRANC DE RIUMALO,34344,SIN NOMBRE
34333,BARRANC DE LES LLASTRES,34343,SIN NOMBRE
34334,RIUET DEL NEGRE,34335,SIN NOMBRE
34334,RIUET DEL NEGRE,34338,SIN NOMBRE
34334,RIUET DEL NEGRE,34339,SIN NOMBRE
34335,SIN NOMBRE,34335,SIN NOMBRE
34335,SIN NOMBRE,34336,SIN NOMBRE
34335,SIN NOMBRE,34337,SIN NOMBRE
34336,SIN NOMBRE,34336,SIN NOMBRE
34337,SIN NOMBRE,34337,SIN NOMBRE
34338,SIN NOMBRE,34338,SIN NOMBRE
34339,SIN NOMBRE,34339,SIN NOMBRE
34339,SIN NOMBRE,34340,SIN NOMBRE
34339,SIN NOMBRE,34341,SIN NOMBRE
34340,SIN NOMBRE,34340,SIN NOMBRE
34340,SIN NOMBRE,34341,SIN NOMBRE
34341,SIN NOMBRE,34340,SIN NOMBRE
34341,SIN NOMBRE,34341,SIN NOMBRE
34343,SIN NOMBRE,34343,SIN NOMBRE
34344,SIN NOMBRE,34344,SIN NOMBRE
34410,BARRANC DELS ARENALS,34411,SIN NOMBRE
34411,SIN NOMBRE,34411,SIN NOMBRE
34416,SIN NOMBRE,34416,SIN NOMBRE
34417,SIN NOMBRE,34417,SIN NOMBRE
34418,BARRANC DEL RAMADER,34419,SIN NOMBRE
34418,BARRANC DEL RAMADER,34420,SIN NOMBRE
34419,SIN NOMBRE,34419,SIN NOMBRE
34420,SIN NOMBRE,34420,SIN NOMBRE
34422,SIN NOMBRE,34422,SIN NOMBRE
34423,BARRANC DEL MOLI,34424,SIN NOMBRE
34424,SIN NOMBRE,34424,SIN NOMBRE
34425,BARRANC DE CASOS,34426,SIN NOMBRE
34425,BARRANC DE CASOS,34427,SIN NOMBRE
34426,SIN NOMBRE,34426,SIN NOMBRE
34427,SIN NOMBRE,34427,SIN NOMBRE
34427,SIN NOMBRE,34428,SIN NOMBRE
34428,SIN NOMBRE,34428,SIN NOMBRE
34435,SIN NOMBRE,34435,SIN NOMBRE
34469,BARRANC DE LA BAIXADA,34470,SIN NOMBRE
34469,BARRANC DE LA BAIXADA,34471,SIN NOMBRE
34470,SIN NOMBRE,34470,SIN NOMBRE
34471,SIN NOMBRE,34471,SIN NOMBRE
34491,BARRANC DE BESIBERRI,34492,SIN NOMBRE
34491,BARRANC DE BESIBERRI,34493,SIN NOMBRE
34492,SIN NOMBRE,34492,SIN NOMBRE
34493,SIN NOMBRE,34493,SIN NOMBRE
34494,BARRANC DEL MOLAR GRAN,34495,SIN NOMBRE
34495,SIN NOMBRE,34495,SIN NOMBRE
34497,SIN NOMBRE,34497,SIN NOMBRE
34504,RIU CORB,34508,SIN NOMBRE
34504,RIU CORB,34521,SIN NOMBRE
34504,RIU CORB,34540,SIN NOMBRE
34504,RIU CORB,34543,SIN NOMBRE
34504,RIU CORB,34547,SIN NOMBRE
34504,RIU CORB,34549,SIN NOMBRE
34508,SIN NOMBRE,34508,SIN NOMBRE
34516,BARRANC DE VINYET,34517,SIN NOMBRE
34517,SIN NOMBRE,34517,SIN NOMBRE
34518,BARRANC DE LA TEULERA,34519,SIN NOMBRE
34518,BARRANC DE LA TEULERA,34520,SIN NOMBRE
34519,SIN NOMBRE,34519,SIN NOMBRE
34520,SIN NOMBRE,34520,SIN NOMBRE
34521,SIN NOMBRE,34521,SIN NOMBRE
34522,BARRANC DEL CLOT DE MUNDETA,34523,SIN NOMBRE
34522,BARRANC DEL CLOT DE MUNDETA,34524,SIN NOMBRE
34523,SIN NOMBRE,34523,SIN NOMBRE
34524,SIN NOMBRE,34524,SIN NOMBRE
34525,RIERA DE SALADERN,34535,SIN NOMBRE
34526,TORRENT DE FORES,34527,SIN NOMBRE
34526,TORRENT DE FORES,34528,SIN NOMBRE
34526,TORRENT DE FORES,34529,SIN NOMBRE
34526,TORRENT DE FORES,34530,SIN NOMBRE
34526,TORRENT DE FORES,34531,SIN NOMBRE
34526,TORRENT DE FORES,34532,SIN NOMBRE
34527,SIN NOMBRE,34527,SIN NOMBRE
34528,SIN NOMBRE,34528,SIN NOMBRE
34529,SIN NOMBRE,34529,SIN NOMBRE
34530,SIN NOMBRE,34530,SIN NOMBRE
34531,SIN NOMBRE,34531,SIN NOMBRE
34532,SIN NOMBRE,34532,SIN NOMBRE
34533,BARRANC DE LA CANALETA,34534,SIN NOMBRE
34534,SIN NOMBRE,34534,SIN NOMBRE
34535,SIN NOMBRE,34535,SIN NOMBRE
34540,SIN NOMBRE,34540,SIN NOMBRE
34543,SIN NOMBRE,34543,SIN NOMBRE
34544,RASA DE LA CASABLANCA,34546,SIN NOMBRE
34546,SIN NOMBRE,34546,SIN NOMBRE
34547,SIN NOMBRE,34547,SIN NOMBRE
34549,SIN NOMBRE,34549,SIN NOMBRE
34551,RIU DE FARFANYA,34552,SIN NOMBRE
34551,RIU DE FARFANYA,34553,SIN NOMBRE
34551,RIU DE FARFANYA,34558,SIN NOMBRE
34551,RIU DE FARFANYA,34560,SIN NOMBRE
34551,RIU DE FARFANYA,34561,SIN NOMBRE
34551,RIU DE FARFANYA,34563,SIN NOMBRE
34551,RIU DE FARFANYA,34564,SIN NOMBRE
34551,RIU DE FARFANYA,34565,SIN NOMBRE
34552,SIN NOMBRE,34552,SIN NOMBRE
34553,SIN NOMBRE,34553,SIN NOMBRE
34558,SIN NOMBRE,34558,SIN NOMBRE
34558,SIN NOMBRE,34559,SIN NOMBRE
34559,SIN NOMBRE,34559,SIN NOMBRE
34560,SIN NOMBRE,34560,SIN NOMBRE
34561,SIN NOMBRE,34561,SIN NOMBRE
34563,SIN NOMBRE,34563,SIN NOMBRE
34564,SIN NOMBRE,34564,SIN NOMBRE
34565,SIN NOMBRE,34565,SIN NOMBRE
34566,BARRANC DE VILA-SECA,34567,SIN NOMBRE
34566,BARRANC DE VILA-SECA,34568,SIN NOMBRE
34566,BARRANC DE VILA-SECA,34569,SIN NOMBRE
34566,BARRANC DE VILA-SECA,34570,SIN NOMBRE
34566,BARRANC DE VILA-SECA,34573,SIN NOMBRE
34566,BARRANC DE VILA-SECA,34574,SIN NOMBRE
34566,BARRANC DE VILA-SECA,34575,SIN NOMBRE
34567,SIN NOMBRE,34567,SIN NOMBRE
34568,SIN NOMBRE,34568,SIN NOMBRE
34569,SIN NOMBRE,34569,SIN NOMBRE
34570,SIN NOMBRE,34570,SIN NOMBRE
34570,SIN NOMBRE,34571,SIN NOMBRE
34570,SIN NOMBRE,34572,SIN NOMBRE
34571,SIN NOMBRE,34571,SIN NOMBRE
34572,SIN NOMBRE,34572,SIN NOMBRE
34573,SIN NOMBRE,34573,SIN NOMBRE
34574,SIN NOMBRE,34574,SIN NOMBRE
34575,SIN NOMBRE,34575,SIN NOMBRE
34576,RIEROL DELS BAULONS,34577,SIN NOMBRE
34576,RIEROL DELS BAULONS,34579,SIN NOMBRE
34577,SIN NOMBRE,34577,SIN NOMBRE
34577,SIN NOMBRE,34578,SIN NOMBRE
34578,SIN NOMBRE,34578,SIN NOMBRE
34579,SIN NOMBRE,34579,SIN NOMBRE
34580,BARRANC DE TRIAPOLLS,34581,SIN NOMBRE
34581,SIN NOMBRE,34581,SIN NOMBRE
34582,BARRANC DEL REGUER,34583,SIN NOMBRE
34582,BARRANC DEL REGUER,34586,SIN NOMBRE
34583,SIN NOMBRE,34583,SIN NOMBRE
34586,SIN NOMBRE,34586,SIN NOMBRE
34587,BARRANC DE COMALLONGA,34603,SIN NOMBRE
34591,BARRANC DE LA BADINA,34592,SIN NOMBRE
34592,SIN NOMBRE,34592,SIN NOMBRE
34600,BARRANC DEL CORRAL DEL ROIG,34601,SIN NOMBRE
34601,SIN NOMBRE,34601,SIN NOMBRE
34603,SIN NOMBRE,34603,SIN NOMBRE
34604,RIU D'ONDARA,34615,SIN NOMBRE
34604,RIU D'ONDARA,34620,SIN NOMBRE
34604,RIU D'ONDARA,34630,SIN NOMBRE
34604,RIU D'ONDARA,34631,SIN NOMBRE
34604,RIU D'ONDARA,34633,SIN NOMBRE
34604,RIU D'ONDARA,34634,SIN NOMBRE
34604,RIU D'ONDARA,34638,SIN NOMBRE
34604,RIU D'ONDARA,34639,SIN NOMBRE
34604,RIU D'ONDARA,34640,SIN NOMBRE
34605,BARRANC DE LA FIGUEROSA,34606,SIN NOMBRE
34606,SIN NOMBRE,34606,SIN NOMBRE
34615,SIN NOMBRE,34615,SIN NOMBRE
34620,SIN NOMBRE,34620,SIN NOMBRE
34621,TORRENT SALAT,34623,SIN NOMBRE
34623,SIN NOMBRE,34623,SIN NOMBRE
34624,BARRANC FONT VOLTADA,34625,SIN NOMBRE
34624,BARRANC FONT VOLTADA,34626,SIN NOMBRE
34625,SIN NOMBRE,34625,SIN NOMBRE
34626,SIN NOMBRE,34626,SIN NOMBRE
34626,SIN NOMBRE,34627,SIN NOMBRE
34627,SIN NOMBRE,34627,SIN NOMBRE
34630,SIN NOMBRE,34630,SIN NOMBRE
34631,SIN NOMBRE,34631,SIN NOMBRE
34633,SIN NOMBRE,34633,SIN NOMBRE
34634,SIN NOMBRE,34634,SIN NOMBRE
34635,TORRENT DEL PRAT,34636,SIN NOMBRE
34636,SIN NOMBRE,34636,SIN NOMBRE
34636,SIN NOMBRE,34637,SIN NOMBRE
34637,SIN NOMBRE,34637,SIN NOMBRE
34638,SIN NOMBRE,34638,SIN NOMBRE
34639,SIN NOMBRE,34639,SIN NOMBRE
34640,SIN NOMBRE,34640,SIN NOMBRE
34640,SIN NOMBRE,34641,SIN NOMBRE
34641,SIN NOMBRE,34641,SIN NOMBRE
34644,RIU SIO,34656,SIN NOMBRE
34644,RIU SIO,34667,SIN NOMBRE
34644,RIU SIO,34692,SIN NOMBRE
34644,RIU SIO,34695,SIN NOMBRE
34644,RIU SIO,34709,SIN NOMBRE
34644,RIU SIO,34710,SIN NOMBRE
34644,RIU SIO,34711,SIN NOMBRE
34644,RIU SIO,34712,SIN NOMBRE
34644,RIU SIO,34713,SIN NOMBRE
34645,TORRENT DEL PLANTAT,34646,SIN NOMBRE
34646,SIN NOMBRE,34646,SIN NOMBRE
34649,CLOT DE CASTELLBLANC,34652,SIN NOMBRE
34652,SIN NOMBRE,34652,SIN NOMBRE
34656,SIN NOMBRE,34656,SIN NOMBRE
34656,SIN NOMBRE,34657,SIN NOMBRE
34657,SIN NOMBRE,34657,SIN NOMBRE
34659,BARRANC DE VANTALADA,34660,SIN NOMBRE
34659,BARRANC DE VANTALADA,34661,SIN NOMBRE
34659,BARRANC DE VANTALADA,34663,SIN NOMBRE
34660,SIN NOMBRE,34660,SIN NOMBRE
34661,SIN NOMBRE,34661,SIN NOMBRE
34663,SIN NOMBRE,34663,SIN NOMBRE
34664,BARRANC DEL JUNCAR,34666,SIN NOMBRE
34666,SIN NOMBRE,34666,SIN NOMBRE
34667,SIN NOMBRE,34667,SIN NOMBRE
34671,TORRENT DEL PASSERELL,34672,SIN NOMBRE
34671,TORRENT DEL PASSERELL,34673,SIN NOMBRE
34672,SIN NOMBRE,34672,SIN NOMBRE
34673,SIN NOMBRE,34673,SIN NOMBRE
34674,TORRENT DE L'ORO,34675,SIN NOMBRE
34674,TORRENT DE L'ORO,34684,SIN NOMBRE
34675,SIN NOMBRE,34675,SIN NOMBRE
34676,TORRENT DE TERRAUBA,34677,SIN NOMBRE
34676,TORRENT DE TERRAUBA,34678,SIN NOMBRE
34676,TORRENT DE TERRAUBA,34679,SIN NOMBRE
34677,SIN NOMBRE,34677,SIN NOMBRE
34678,SIN NOMBRE,34678,SIN NOMBRE
34679,SIN NOMBRE,34679,SIN NOMBRE
34679,SIN NOMBRE,34680,SIN NOMBRE
34680,SIN NOMBRE,34680,SIN NOMBRE
34681,CLOT DELS ARENALS,34682,SIN NOMBRE
34682,SIN NOMBRE,34682,SIN NOMBRE
34682,SIN NOMBRE,34683,SIN NOMBRE
34683,SIN NOMBRE,34683,SIN NOMBRE
34684,SIN NOMBRE,34684,SIN NOMBRE
34685,TORRENT DE VALLS,34686,SIN NOMBRE
34686,SIN NOMBRE,34686,SIN NOMBRE
34688,CLOT DE SAN MIQUEL,34689,SIN NOMBRE
34688,CLOT DE SAN MIQUEL,34690,SIN NOMBRE
34689,SIN NOMBRE,34689,SIN NOMBRE
34690,SIN NOMBRE,34690,SIN NOMBRE
34692,SIN NOMBRE,34692,SIN NOMBRE
34693,RASA LLOBATERA,34694,SIN NOMBRE
34694,SIN NOMBRE,34694,SIN NOMBRE
34695,SIN NOMBRE,34695,SIN NOMBRE
34696,RIERA DE VERGOS,34697,SIN NOMBRE
34696,RIERA DE VERGOS,34698,SIN NOMBRE
34697,SIN NOMBRE,34697,SIN NOMBRE
34698,SIN NOMBRE,34698,SIN NOMBRE
34701,TORRENT DE LA MALACARA,34704,SIN NOMBRE
34701,TORRENT DE LA MALACARA,34705,SIN NOMBRE
34701,TORRENT DE LA MALACARA,34706,SIN NOMBRE
34701,TORRENT DE LA MALACARA,34707,SIN NOMBRE
34701,TORRENT DE LA MALACARA,34708,SIN NOMBRE
34704,SIN NOMBRE,34704,SIN NOMBRE
34705,SIN NOMBRE,34705,SIN NOMBRE
34706,SIN NOMBRE,34706,SIN NOMBRE
34707,SIN NOMBRE,34707,SIN NOMBRE
34708,SIN NOMBRE,34708,SIN NOMBRE
34709,SIN NOMBRE,34709,SIN NOMBRE
34710,SIN NOMBRE,34710,SIN NOMBRE
34711,SIN NOMBRE,34711,SIN NOMBRE
34712,SIN NOMBRE,34712,SIN NOMBRE
34713,SIN NOMBRE,34713,SIN NOMBRE
34714,FONDO DEL CAMI DE GAVER,34715,SIN NOMBRE
34715,SIN NOMBRE,34715,SIN NOMBRE
34715,SIN NOMBRE,34716,SIN NOMBRE
34715,SIN NOMBRE,34717,SIN NOMBRE
34716,SIN NOMBRE,34716,SIN NOMBRE
34717,SIN NOMBRE,34717,SIN NOMBRE
34718,CLOT DE L'HOME,34719,SIN NOMBRE
34718,CLOT DE L'HOME,34722,SIN NOMBRE
34719,SIN NOMBRE,34719,SIN NOMBRE
34720,RIERA DEL CASTELL,34721,SIN NOMBRE
34721,SIN NOMBRE,34721,SIN NOMBRE
34722,SIN NOMBRE,34722,SIN NOMBRE
34722,SIN NOMBRE,34723,SIN NOMBRE
34723,SIN NOMBRE,34723,SIN NOMBRE
34725,BARRANC DEL MACIP,34726,SIN NOMBRE
34725,BARRANC DEL MACIP,34727,SIN NOMBRE
34725,BARRANC DEL MACIP,34728,SIN NOMBRE
34726,SIN NOMBRE,34726,SIN NOMBRE
34727,SIN NOMBRE,34727,SIN NOMBRE
34728,SIN NOMBRE,34728,SIN NOMBRE
34730,BARRANC DE LA BOGA,34731,SIN NOMBRE
34731,SIN NOMBRE,34731,SIN NOMBRE
34732,SIN NOMBRE,34732,SIN NOMBRE
34733,SEQUIA DE LLORENÇ I DE GERO,34734,SIN NOMBRE
34734,SIN NOMBRE,34734,SIN NOMBRE
34736,BARRANC FONDO,34737,SIN NOMBRE
34737,SIN NOMBRE,34737,SIN NOMBRE
34738,BARRANC DELS ULLS DE LLORENÇ,34740,SIN NOMBRE
34738,BARRANC DELS ULLS DE LLORENÇ,34741,SIN NOMBRE
34740,SIN NOMBRE,34740,SIN NOMBRE
34741,SIN NOMBRE,34741,SIN NOMBRE
34741,SIN NOMBRE,34742,SIN NOMBRE
34742,SIN NOMBRE,34742,SIN NOMBRE
34748,SIN NOMBRE,34748,SIN NOMBRE
34749,LA NOGUERA PALLARESA,34795,SIN NOMBRE
34749,LA NOGUERA PALLARESA,34796,SIN NOMBRE
34749,LA NOGUERA PALLARESA,34845,SIN NOMBRE
34749,LA NOGUERA PALLARESA,34850,SIN NOMBRE
34749,LA NOGUERA PALLARESA,34857,SIN NOMBRE
34749,LA NOGUERA PALLARESA,34861,SIN NOMBRE
34749,LA NOGUERA PALLARESA,34862,SIN NOMBRE
34749,LA NOGUERA PALLARESA,34863,SIN NOMBRE
34749,LA NOGUERA PALLARESA,34864,SIN NOMBRE
34749,LA NOGUERA PALLARESA,34868,SIN NOMBRE
34749,LA NOGUERA PALLARESA,34869,SIN NOMBRE
34749,LA NOGUERA PALLARESA,34870,SIN NOMBRE
34749,LA NOGUERA PALLARESA,34871,SIN NOMBRE
34749,LA NOGUERA PALLARESA,34960,SIN NOMBRE
34749,LA NOGUERA PALLARESA,34961,SIN NOMBRE
34749,LA NOGUERA PALLARESA,34962,SIN NOMBRE
34749,LA NOGUERA PALLARESA,34975,SIN NOMBRE
34749,LA NOGUERA PALLARESA,34976,SIN NOMBRE
34749,LA NOGUERA PALLARESA,34979,SIN NOMBRE
34749,LA NOGUERA PALLARESA,34981,SIN NOMBRE
34749,LA NOGUERA PALLARESA,35178,SIN NOMBRE
34749,LA NOGUERA PALLARESA,35179,SIN NOMBRE
34749,LA NOGUERA PALLARESA,35180,SIN NOMBRE
34749,LA NOGUERA PALLARESA,35181,SIN NOMBRE
34749,LA NOGUERA PALLARESA,35182,SIN NOMBRE
34749,LA NOGUERA PALLARESA,35183,SIN NOMBRE
34749,LA NOGUERA PALLARESA,35184,SIN NOMBRE
34749,LA NOGUERA PALLARESA,35185,SIN NOMBRE
34749,LA NOGUERA PALLARESA,35241,SIN NOMBRE
34749,LA NOGUERA PALLARESA,35242,SIN NOMBRE
34749,LA NOGUERA PALLARESA,35243,SIN NOMBRE
34749,LA NOGUERA PALLARESA,35261,SIN NOMBRE
34749,LA NOGUERA PALLARESA,35494,SIN NOMBRE
34749,LA NOGUERA PALLARESA,35499,SIN NOMBRE
34749,LA NOGUERA PALLARESA,35501,SIN NOMBRE
34749,LA NOGUERA PALLARESA,35502,SIN NOMBRE
34749,LA NOGUERA PALLARESA,35512,SIN NOMBRE
34749,LA NOGUERA PALLARESA,35569,SIN NOMBRE
34749,LA NOGUERA PALLARESA,35570,SIN NOMBRE
34749,LA NOGUERA PALLARESA,35572,SIN NOMBRE
34749,LA NOGUERA PALLARESA,35602,SIN NOMBRE
34749,LA NOGUERA PALLARESA,35603,SIN NOMBRE
34749,LA NOGUERA PALLARESA,35654,SIN NOMBRE
34749,LA NOGUERA PALLARESA,35656,SIN NOMBRE
34749,LA NOGUERA PALLARESA,35673,SIN NOMBRE
34749,LA NOGUERA PALLARESA,35674,SIN NOMBRE
34749,LA NOGUERA PALLARESA,35698,SIN NOMBRE
34749,LA NOGUERA PALLARESA,35712,SIN NOMBRE
34749,LA NOGUERA PALLARESA,35763,SIN NOMBRE
34749,LA NOGUERA PALLARESA,36000,SIN NOMBRE
34749,LA NOGUERA PALLARESA,36033,SIN NOMBRE
34749,LA NOGUERA PALLARESA,36034,SIN NOMBRE
34749,LA NOGUERA PALLARESA,36120,SIN NOMBRE
34749,LA NOGUERA PALLARESA,36147,SIN NOMBRE
34749,LA NOGUERA PALLARESA,36159,SIN NOMBRE
34749,LA NOGUERA PALLARESA,36169,SIN NOMBRE
34749,LA NOGUERA PALLARESA,36184,SIN NOMBRE
34749,LA NOGUERA PALLARESA,36192,SIN NOMBRE
34750,BARRANC DE LA RIBERA,34762,SIN NOMBRE
34750,BARRANC DE LA RIBERA,34763,SIN NOMBRE
34750,BARRANC DE LA RIBERA,34764,SIN NOMBRE
34750,BARRANC DE LA RIBERA,34765,SIN NOMBRE
34750,BARRANC DE LA RIBERA,34766,SIN NOMBRE
34750,BARRANC DE LA RIBERA,34767,SIN NOMBRE
34752,BARRANC DE SANT MIQUEL,34753,SIN NOMBRE
34752,BARRANC DE SANT MIQUEL,34754,SIN NOMBRE
34753,SIN NOMBRE,34753,SIN NOMBRE
34754,SIN NOMBRE,34754,SIN NOMBRE
34756,BARRANC DELS POUS,34759,SIN NOMBRE
34757,BARRANC DE CONQUETA,34758,SIN NOMBRE
34758,SIN NOMBRE,34758,SIN NOMBRE
34759,SIN NOMBRE,34759,SIN NOMBRE
34760,BARRANC DE TORDEGANDA,34761,SIN NOMBRE
34761,SIN NOMBRE,34761,SIN NOMBRE
34762,SIN NOMBRE,34762,SIN NOMBRE
34763,SIN NOMBRE,34763,SIN NOMBRE
34764,SIN NOMBRE,34764,SIN NOMBRE
34765,SIN NOMBRE,34765,SIN NOMBRE
34766,SIN NOMBRE,34766,SIN NOMBRE
34767,SIN NOMBRE,34767,SIN NOMBRE
34769,BARRANC DE LA FIGUERETA,34770,SIN NOMBRE
34769,BARRANC DE LA FIGUERETA,34771,SIN NOMBRE
34769,BARRANC DE LA FIGUERETA,34778,SIN NOMBRE
34770,SIN NOMBRE,34770,SIN NOMBRE
34771,SIN NOMBRE,34771,SIN NOMBRE
34774,BARRANC DE LA FIGUERETA II,34777,SIN NOMBRE
34775,BARRANC DEL DIABLE,34776,SIN NOMBRE
34776,SIN NOMBRE,34776,SIN NOMBRE
34777,SIN NOMBRE,34777,SIN NOMBRE
34778,SIN NOMBRE,34778,SIN NOMBRE
34780,CLOT DE VALL-LLOBAR,34781,SIN NOMBRE
34780,CLOT DE VALL-LLOBAR,34782,SIN NOMBRE
34780,CLOT DE VALL-LLOBAR,34783,SIN NOMBRE
34780,CLOT DE VALL-LLOBAR,34784,SIN NOMBRE
34781,SIN NOMBRE,34781,SIN NOMBRE
34782,SIN NOMBRE,34782,SIN NOMBRE
34783,SIN NOMBRE,34783,SIN NOMBRE
34783,SIN NOMBRE,34784,SIN NOMBRE
34784,SIN NOMBRE,34783,SIN NOMBRE
34784,SIN NOMBRE,34784,SIN NOMBRE
34785,BARRANC DE MALPARTIT,34786,SIN NOMBRE
34786,SIN NOMBRE,34786,SIN NOMBRE
34790,BARRANC DELS CURNIARS,34791,SIN NOMBRE
34791,SIN NOMBRE,34791,SIN NOMBRE
34795,SIN NOMBRE,34795,SIN NOMBRE
34796,SIN NOMBRE,34796,SIN NOMBRE
34798,BARRANC DE CANEMARS,34799,SIN NOMBRE
34798,BARRANC DE CANEMARS,34806,SIN NOMBRE
34798,BARRANC DE CANEMARS,34807,SIN NOMBRE
34798,BARRANC DE CANEMARS,34808,SIN NOMBRE
34798,BARRANC DE CANEMARS,34809,SIN NOMBRE
34799,SIN NOMBRE,34799,SIN NOMBRE
34804,BARRANC DE FIGUEROLA,34805,SIN NOMBRE
34805,SIN NOMBRE,34805,SIN NOMBRE
34806,SIN NOMBRE,34806,SIN NOMBRE
34807,SIN NOMBRE,34807,SIN NOMBRE
34808,SIN NOMBRE,34808,SIN NOMBRE
34809,SIN NOMBRE,34809,SIN NOMBRE
34811,RIU FRED DE PUI,34824,SIN NOMBRE
34812,BARRANC DE MARCO,34813,SIN NOMBRE
34813,SIN NOMBRE,34813,SIN NOMBRE
34815,BARRANC COLOBOR,34816,SIN NOMBRE
34815,BARRANC COLOBOR,34819,SIN NOMBRE
34816,SIN NOMBRE,34816,SIN NOMBRE
34817,BARRANC DE TENRENTI,34818,SIN NOMBRE
34818,SIN NOMBRE,34818,SIN NOMBRE
34819,SIN NOMBRE,34819,SIN NOMBRE
34820,BARRANC DE FINESTRELLES,34821,SIN NOMBRE
34821,SIN NOMBRE,34821,SIN NOMBRE
34824,SIN NOMBRE,34824,SIN NOMBRE
34824,SIN NOMBRE,34825,SIN NOMBRE
34825,SIN NOMBRE,34825,SIN NOMBRE
34830,BARRANC DE MENARGUENS,34831,SIN NOMBRE
34831,SIN NOMBRE,34831,SIN NOMBRE
34832,BARRANC DEL CORB,34836,SIN NOMBRE
34836,SIN NOMBRE,34836,SIN NOMBRE
34838,BARRANC DEL BOTADOR,34839,SIN NOMBRE
34839,SIN NOMBRE,34839,SIN NOMBRE
34841,BARRANC DE FUSTERO,34842,SIN NOMBRE
34842,SIN NOMBRE,34842,SIN NOMBRE
34845,SIN NOMBRE,34845,SIN NOMBRE
34846,BARRANC DE LES COLS,34847,SIN NOMBRE
34846,BARRANC DE LES COLS,34848,SIN NOMBRE
34846,BARRANC DE LES COLS,34849,SIN NOMBRE
34847,SIN NOMBRE,34847,SIN NOMBRE
34848,SIN NOMBRE,34848,SIN NOMBRE
34849,SIN NOMBRE,34849,SIN NOMBRE
34850,SIN NOMBRE,34850,SIN NOMBRE
34852,BARRANC DE COLL D'ORENGA O DE PERALBA,34853,SIN NOMBRE
34853,SIN NOMBRE,34853,SIN NOMBRE
34853,SIN NOMBRE,34854,SIN NOMBRE
34854,SIN NOMBRE,34854,SIN NOMBRE
34857,SIN NOMBRE,34857,SIN NOMBRE
34859,BARRANC DE CABRERA,34860,SIN NOMBRE
34860,SIN NOMBRE,34860,SIN NOMBRE
34861,SIN NOMBRE,34861,SIN NOMBRE
34862,SIN NOMBRE,34862,SIN NOMBRE
34863,SIN NOMBRE,34863,SIN NOMBRE
34864,SIN NOMBRE,34864,SIN NOMBRE
34866,BARRANC DE RUBIES,34867,SIN NOMBRE
34867,SIN NOMBRE,34867,SIN NOMBRE
34868,SIN NOMBRE,34868,SIN NOMBRE
34869,SIN NOMBRE,34869,SIN NOMBRE
34869,SIN NOMBRE,34870,SIN NOMBRE
34870,SIN NOMBRE,34869,SIN NOMBRE
34870,SIN NOMBRE,34870,SIN NOMBRE
34871,SIN NOMBRE,34871,SIN NOMBRE
34872,BARRANC DEL BOSC,34873,SIN NOMBRE
34872,BARRANC DEL BOSC,34874,SIN NOMBRE
34872,BARRANC DEL BOSC,34875,SIN NOMBRE
34872,BARRANC DEL BOSC,34876,SIN NOMBRE
34872,BARRANC DEL BOSC,34878,SIN NOMBRE
34872,BARRANC DEL BOSC,34912,SIN NOMBRE
34873,SIN NOMBRE,34873,SIN NOMBRE
34874,SIN NOMBRE,34874,SIN NOMBRE
34875,SIN NOMBRE,34875,SIN NOMBRE
34876,SIN NOMBRE,34876,SIN NOMBRE
34878,SIN NOMBRE,34878,SIN NOMBRE
34881,LLAU DE SALITO,34882,SIN NOMBRE
34882,SIN NOMBRE,34882,SIN NOMBRE
34883,LLAU DELS HOMES MORTS,34884,SIN NOMBRE
34884,SIN NOMBRE,34884,SIN NOMBRE
34885,BARRANC DE LA MULLA,34886,SIN NOMBRE
34885,BARRANC DE LA MULLA,34887,SIN NOMBRE
34885,BARRANC DE LA MULLA,34889,SIN NOMBRE
34885,BARRANC DE LA MULLA,34890,SIN NOMBRE
34885,BARRANC DE LA MULLA,34893,SIN NOMBRE
34886,SIN NOMBRE,34886,SIN NOMBRE
34887,SIN NOMBRE,34887,SIN NOMBRE
34887,SIN NOMBRE,34888,SIN NOMBRE
34888,SIN NOMBRE,34888,SIN NOMBRE
34889,SIN NOMBRE,34889,SIN NOMBRE
34890,SIN NOMBRE,34890,SIN NOMBRE
34891,BARRANC DE CARBONERS,34892,SIN NOMBRE
34892,SIN NOMBRE,34892,SIN NOMBRE
34893,SIN NOMBRE,34893,SIN NOMBRE
34895,BARRANC DE LA FONT DE LA VEÇA,34896,SIN NOMBRE
34896,SIN NOMBRE,34896,SIN NOMBRE
34903,BARRANC DE LA REBOLLERA,34905,SIN NOMBRE
34905,SIN NOMBRE,34905,SIN NOMBRE
34912,SIN NOMBRE,34912,SIN NOMBRE
34913,BARRANC DE LA PUA,34914,SIN NOMBRE
34913,BARRANC DE LA PUA,34916,SIN NOMBRE
34914,SIN NOMBRE,34914,SIN NOMBRE
34916,SIN NOMBRE,34916,SIN NOMBRE
34919,BARRANC DE BARCEDANA,34920,SIN NOMBRE
34919,BARRANC DE BARCEDANA,34922,SIN NOMBRE
34919,BARRANC DE BARCEDANA,34923,SIN NOMBRE
34919,BARRANC DE BARCEDANA,34928,SIN NOMBRE
34919,BARRANC DE BARCEDANA,34929,SIN NOMBRE
34919,BARRANC DE BARCEDANA,34930,SIN NOMBRE
34919,BARRANC DE BARCEDANA,34939,SIN NOMBRE
34919,BARRANC DE BARCEDANA,34940,SIN NOMBRE
34919,BARRANC DE BARCEDANA,34941,SIN NOMBRE
34919,BARRANC DE BARCEDANA,34943,SIN NOMBRE
34919,BARRANC DE BARCEDANA,34952,SIN NOMBRE
34920,SIN NOMBRE,34920,SIN NOMBRE
34922,SIN NOMBRE,34922,SIN NOMBRE
34923,SIN NOMBRE,34923,SIN NOMBRE
34924,LLAU DEL VALENTI,34925,SIN NOMBRE
34925,SIN NOMBRE,34925,SIN NOMBRE
34928,SIN NOMBRE,34928,SIN NOMBRE
34929,SIN NOMBRE,34929,SIN NOMBRE
34930,SIN NOMBRE,34930,SIN NOMBRE
34933,BARRANC DE LES MOLES,34936,SIN NOMBRE
34933,BARRANC DE LES MOLES,34938,SIN NOMBRE
34936,SIN NOMBRE,34936,SIN NOMBRE
34938,SIN NOMBRE,34938,SIN NOMBRE
34939,SIN NOMBRE,34939,SIN NOMBRE
34940,SIN NOMBRE,34940,SIN NOMBRE
34941,SIN NOMBRE,34941,SIN NOMBRE
34943,SIN NOMBRE,34943,SIN NOMBRE
34946,BARRANC DE ROSO,34947,SIN NOMBRE
34947,SIN NOMBRE,34947,SIN NOMBRE
34948,LLAU DE COMATORTA,34949,SIN NOMBRE
34948,LLAU DE COMATORTA,34950,SIN NOMBRE
34948,LLAU DE COMATORTA,34951,SIN NOMBRE
34949,SIN NOMBRE,34949,SIN NOMBRE
34950,SIN NOMBRE,34950,SIN NOMBRE
34951,SIN NOMBRE,34951,SIN NOMBRE
34952,SIN NOMBRE,34952,SIN NOMBRE
34960,SIN NOMBRE,34960,SIN NOMBRE
34961,SIN NOMBRE,34961,SIN NOMBRE
34962,SIN NOMBRE,34962,SIN NOMBRE
34968,BARRANC DE XERCOLES,34969,SIN NOMBRE
34968,BARRANC DE XERCOLES,34971,SIN NOMBRE
34969,SIN NOMBRE,34969,SIN NOMBRE
34971,SIN NOMBRE,34971,SIN NOMBRE
34975,SIN NOMBRE,34975,SIN NOMBRE
34976,SIN NOMBRE,34976,SIN NOMBRE
34977,BARRANC DE LA SERRA,34976,SIN NOMBRE
34979,SIN NOMBRE,34979,SIN NOMBRE
34981,SIN NOMBRE,34981,SIN NOMBRE
34982,BARRANC DE L'ESPONA,34987,SIN NOMBRE
34983,BARRANC DE LLORIGUER,34984,SIN NOMBRE
34984,SIN NOMBRE,34984,SIN NOMBRE
34987,SIN NOMBRE,34987,SIN NOMBRE
34991,BARRANC DE FORNOLS,34992,SIN NOMBRE
34992,SIN NOMBRE,34992,SIN NOMBRE
34995,RIU DE CONQUES,34997,SIN NOMBRE
34995,RIU DE CONQUES,35038,SIN NOMBRE
34995,RIU DE CONQUES,35042,SIN NOMBRE
34995,RIU DE CONQUES,35048,SIN NOMBRE
34995,RIU DE CONQUES,35049,SIN NOMBRE
34995,RIU DE CONQUES,35099,SIN NOMBRE
34995,RIU DE CONQUES,35100,SIN NOMBRE
34997,SIN NOMBRE,34997,SIN NOMBRE
34998,RIU D'ABELLA,35005,SIN NOMBRE
34998,RIU D'ABELLA,35022,SIN NOMBRE
34998,RIU D'ABELLA,35023,SIN NOMBRE
34998,RIU D'ABELLA,35027,SIN NOMBRE
34998,RIU D'ABELLA,35033,SIN NOMBRE
34998,RIU D'ABELLA,35034,SIN NOMBRE
34999,BARRANC DEL PONT DE FUSTA,35004,SIN NOMBRE
35004,SIN NOMBRE,35004,SIN NOMBRE
35005,SIN NOMBRE,35005,SIN NOMBRE
35006,LLAU DE VALL D'EN PERE,35011,SIN NOMBRE
35006,LLAU DE VALL D'EN PERE,35014,SIN NOMBRE
35006,LLAU DE VALL D'EN PERE,35016,SIN NOMBRE
35007,BARRANC DE LA COSTA GRAU,35009,SIN NOMBRE
35008,BARRANC DE LA COSTA GRAN,35009,SIN NOMBRE
35009,SIN NOMBRE,35009,SIN NOMBRE
35011,SIN NOMBRE,35011,SIN NOMBRE
35012,BARRANC DE LA CULTIA,35013,SIN NOMBRE
35013,SIN NOMBRE,35013,SIN NOMBRE
35014,SIN NOMBRE,35014,SIN NOMBRE
35014,SIN NOMBRE,35015,SIN NOMBRE
35015,SIN NOMBRE,35015,SIN NOMBRE
35016,SIN NOMBRE,35016,SIN NOMBRE
35018,BARRANC DE GASSO,35020,SIN NOMBRE
35018,BARRANC DE GASSO,35021,SIN NOMBRE
35020,SIN NOMBRE,35020,SIN NOMBRE
35021,SIN NOMBRE,35021,SIN NOMBRE
35022,SIN NOMBRE,35022,SIN NOMBRE
35023,SIN NOMBRE,35023,SIN NOMBRE
35027,SIN NOMBRE,35027,SIN NOMBRE
35028,BARRANC DE LA VALL,35031,SIN NOMBRE
35029,BARRANC DE CABORRIU,35030,SIN NOMBRE
35030,SIN NOMBRE,35030,SIN NOMBRE
35031,SIN NOMBRE,35031,SIN NOMBRE
35033,SIN NOMBRE,35033,SIN NOMBRE
35034,SIN NOMBRE,35034,SIN NOMBRE
35038,SIN NOMBRE,35038,SIN NOMBRE
35042,SIN NOMBRE,35042,SIN NOMBRE
35044,BARRANC DE GUIXERS,35045,SIN NOMBRE
35045,SIN NOMBRE,35045,SIN NOMBRE
35048,SIN NOMBRE,35048,SIN NOMBRE
35049,SIN NOMBRE,35049,SIN NOMBRE
35050,BARRANC DE LA BOIGA,35051,SIN NOMBRE
35051,SIN NOMBRE,35051,SIN NOMBRE
35051,SIN NOMBRE,35052,SIN NOMBRE
35052,SIN NOMBRE,35052,SIN NOMBRE
35057,LLAUETA DE PRESQUIRO,35058,SIN NOMBRE
35057,LLAUETA DE PRESQUIRO,35059,SIN NOMBRE
35058,SIN NOMBRE,35058,SIN NOMBRE
35059,SIN NOMBRE,35059,SIN NOMBRE
35063,BARRANC DE LA COLOMERA,35064,SIN NOMBRE
35064,SIN NOMBRE,35064,SIN NOMBRE
35073,BARRANC DEL CANALIS,35074,SIN NOMBRE
35074,SIN NOMBRE,35074,SIN NOMBRE
35077,TORRENT DE RENOU,35078,SIN NOMBRE
35077,TORRENT DE RENOU,35079,SIN NOMBRE
35078,SIN NOMBRE,35078,SIN NOMBRE
35079,SIN NOMBRE,35079,SIN NOMBRE
35081,BARRANC DE LES VALLS,35082,SIN NOMBRE
35082,SIN NOMBRE,35082,SIN NOMBRE
35093,BARRANC DE MAS DE GUILLEM,35095,SIN NOMBRE
35095,SIN NOMBRE,35095,SIN NOMBRE
35097,BARRANC DE LA BOGA,35098,SIN NOMBRE
35098,SIN NOMBRE,35098,SIN NOMBRE
35099,SIN NOMBRE,35099,SIN NOMBRE
35100,SIN NOMBRE,35100,SIN NOMBRE
35101,LLAU DE LA FONT,35102,SIN NOMBRE
35102,SIN NOMBRE,35102,SIN NOMBRE
35107,BARRANC DE PALAU,35109,SIN NOMBRE
35109,SIN NOMBRE,35109,SIN NOMBRE
35115,BARRANC DEL GORGORI,35116,SIN NOMBRE
35116,SIN NOMBRE,35116,SIN NOMBRE
35119,BARRANC DEL JUNCAR,35120,SIN NOMBRE
35120,SIN NOMBRE,35120,SIN NOMBRE
35121,BARRANC DE TENDRUI,35122,SIN NOMBRE
35122,SIN NOMBRE,35122,SIN NOMBRE
35127,BARRANC DE SANT ADRIA,35128,SIN NOMBRE
35127,BARRANC DE SANT ADRIA,35129,SIN NOMBRE
35128,SIN NOMBRE,35128,SIN NOMBRE
35129,SIN NOMBRE,35129,SIN NOMBRE
35135,BARRANC DE LES PASTEROLES,35136,SIN NOMBRE
35136,SIN NOMBRE,35136,SIN NOMBRE
35137,BARRANC DE LA FONT GRAN,35138,SIN NOMBRE
35138,SIN NOMBRE,35138,SIN NOMBRE
35141,BARRANC DE LA COMA,35142,SIN NOMBRE
35142,SIN NOMBRE,35142,SIN NOMBRE
35143,TORRENT DE FONTVELLA,35147,SIN NOMBRE
35144,LLAU DELS SABARISSOS,35145,SIN NOMBRE
35145,SIN NOMBRE,35145,SIN NOMBRE
35147,SIN NOMBRE,35147,SIN NOMBRE
35148,LLAU DEL TAPO,35149,SIN NOMBRE
35149,SIN NOMBRE,35149,SIN NOMBRE
35151,BARRANC DE SEROS,35152,SIN NOMBRE
35151,BARRANC DE SEROS,35153,SIN NOMBRE
35151,BARRANC DE SEROS,35155,SIN NOMBRE
35151,BARRANC DE SEROS,35156,SIN NOMBRE
35151,BARRANC DE SEROS,35157,SIN NOMBRE
35151,BARRANC DE SEROS,35159,SIN NOMBRE
35152,SIN NOMBRE,35152,SIN NOMBRE
35153,SIN NOMBRE,35153,SIN NOMBRE
35153,SIN NOMBRE,35154,SIN NOMBRE
35154,SIN NOMBRE,35154,SIN NOMBRE
35155,SIN NOMBRE,35155,SIN NOMBRE
35156,SIN NOMBRE,35156,SIN NOMBRE
35157,SIN NOMBRE,35157,SIN NOMBRE
35159,SIN NOMBRE,35159,SIN NOMBRE
35163,BARRANC DE REMILLANS,35164,SIN NOMBRE
35164,SIN NOMBRE,35164,SIN NOMBRE
35165,BARRANC DEL GRAU,35167,SIN NOMBRE
35165,BARRANC DEL GRAU,35168,SIN NOMBRE
35167,SIN NOMBRE,35167,SIN NOMBRE
35168,SIN NOMBRE,35168,SIN NOMBRE
35169,BARRANC DE LES GARANTS,35170,SIN NOMBRE
35170,SIN NOMBRE,35170,SIN NOMBRE
35173,BARRANC DE CARAMELL,35174,SIN NOMBRE
35174,SIN NOMBRE,35174,SIN NOMBRE
35178,SIN NOMBRE,35178,SIN NOMBRE
35179,SIN NOMBRE,35179,SIN NOMBRE
35180,SIN NOMBRE,35180,SIN NOMBRE
35181,SIN NOMBRE,35181,SIN NOMBRE
35182,SIN NOMBRE,35182,SIN NOMBRE
35183,SIN NOMBRE,35183,SIN NOMBRE
35184,SIN NOMBRE,35184,SIN NOMBRE
35185,SIN NOMBRE,35185,SIN NOMBRE
35186,BARRANC DE FONTFREDA,35190,SIN NOMBRE
35186,BARRANC DE FONTFREDA,35191,SIN NOMBRE
35190,SIN NOMBRE,35190,SIN NOMBRE
35191,SIN NOMBRE,35191,SIN NOMBRE
35192,BARRANC DE LA CALL,35193,SIN NOMBRE
35193,SIN NOMBRE,35193,SIN NOMBRE
35194,BARRANC DE RUBIOL,35195,SIN NOMBRE
35194,BARRANC DE RUBIOL,35196,SIN NOMBRE
35195,SIN NOMBRE,35195,SIN NOMBRE
35196,SIN NOMBRE,35196,SIN NOMBRE
35197,BARRANC DE PODEGA,35198,SIN NOMBRE
35198,SIN NOMBRE,35198,SIN NOMBRE
35199,BARRANC DE SANT PERE,35200,SIN NOMBRE
35200,SIN NOMBRE,35200,SIN NOMBRE
35201,RIU DE CARREU,35202,SIN NOMBRE
35201,RIU DE CARREU,35203,SIN NOMBRE
35201,RIU DE CARREU,35208,SIN NOMBRE
35201,RIU DE CARREU,35209,SIN NOMBRE
35201,RIU DE CARREU,35210,SIN NOMBRE
35201,RIU DE CARREU,35211,SIN NOMBRE
35201,RIU DE CARREU,35216,SIN NOMBRE
35201,RIU DE CARREU,35219,SIN NOMBRE
35201,RIU DE CARREU,35220,SIN NOMBRE
35201,RIU DE CARREU,35226,SIN NOMBRE
35201,RIU DE CARREU,35227,SIN NOMBRE
35202,SIN NOMBRE,35202,SIN NOMBRE
35203,SIN NOMBRE,35203,SIN NOMBRE
35203,SIN NOMBRE,35204,SIN NOMBRE
35204,SIN NOMBRE,35204,SIN NOMBRE
35208,SIN NOMBRE,35208,SIN NOMBRE
35209,SIN NOMBRE,35209,SIN NOMBRE
35210,SIN NOMBRE,35210,SIN NOMBRE
35211,SIN NOMBRE,35211,SIN NOMBRE
35216,SIN NOMBRE,35216,SIN NOMBRE
35219,SIN NOMBRE,35219,SIN NOMBRE
35220,SIN NOMBRE,35220,SIN NOMBRE
35222,LLAU DELS RAMALS,35223,SIN NOMBRE
35223,SIN NOMBRE,35223,SIN NOMBRE
35223,SIN NOMBRE,35224,SIN NOMBRE
35224,SIN NOMBRE,35224,SIN NOMBRE
35226,SIN NOMBRE,35226,SIN NOMBRE
35227,SIN NOMBRE,35227,SIN NOMBRE
35228,BARRANC DE LA MALALLAU,35229,SIN NOMBRE
35228,BARRANC DE LA MALALLAU,35230,SIN NOMBRE
35229,SIN NOMBRE,35229,SIN NOMBRE
35230,SIN NOMBRE,35230,SIN NOMBRE
35231,BARRANC DE LA CREUETA,35236,SIN NOMBRE
35231,BARRANC DE LA CREUETA,35239,SIN NOMBRE
35233,BARRANC DE GALLINER,35234,SIN NOMBRE
35234,SIN NOMBRE,35234,SIN NOMBRE
35234,SIN NOMBRE,35235,SIN NOMBRE
35235,SIN NOMBRE,35235,SIN NOMBRE
35236,SIN NOMBRE,35236,SIN NOMBRE
35237,BARRANC DE LA GARGALLA,35238,SIN NOMBRE
35238,SIN NOMBRE,35238,SIN NOMBRE
35239,SIN NOMBRE,35239,SIN NOMBRE
35241,SIN NOMBRE,35241,SIN NOMBRE
35242,SIN NOMBRE,35242,SIN NOMBRE
35243,SIN NOMBRE,35243,SIN NOMBRE
35247,BARRANC DE PALOMERA,35251,SIN NOMBRE
35249,LLAU DE LA VIELLA,35250,SIN NOMBRE
35250,SIN NOMBRE,35250,SIN NOMBRE
35251,SIN NOMBRE,35251,SIN NOMBRE
35258,BARRANC DE SANTA LLUCIA,35260,SIN NOMBRE
35260,SIN NOMBRE,35260,SIN NOMBRE
35261,SIN NOMBRE,35261,SIN NOMBRE
35265,EL FLAMISELL,35267,SIN NOMBRE
35265,EL FLAMISELL,35268,SIN NOMBRE
35265,EL FLAMISELL,35295,SIN NOMBRE
35265,EL FLAMISELL,35296,SIN NOMBRE
35265,EL FLAMISELL,35298,SIN NOMBRE
35265,EL FLAMISELL,35382,SIN NOMBRE
35265,EL FLAMISELL,35390,SIN NOMBRE
35265,EL FLAMISELL,35391,SIN NOMBRE
35265,EL FLAMISELL,35396,SIN NOMBRE
35265,EL FLAMISELL,35405,SIN NOMBRE
35265,EL FLAMISELL,35417,SIN NOMBRE
35265,EL FLAMISELL,35418,SIN NOMBRE
35265,EL FLAMISELL,35419,SIN NOMBRE
35265,EL FLAMISELL,35436,SIN NOMBRE
35265,EL FLAMISELL,35441,SIN NOMBRE
35265,EL FLAMISELL,35442,SIN NOMBRE
35265,EL FLAMISELL,35446,SIN NOMBRE
35265,EL FLAMISELL,35480,SIN NOMBRE
35265,EL FLAMISELL,35486,SIN NOMBRE
35267,SIN NOMBRE,35267,SIN NOMBRE
35268,SIN NOMBRE,35268,SIN NOMBRE
35270,RIU DE SERRADELL,35271,SIN NOMBRE
35270,RIU DE SERRADELL,35273,SIN NOMBRE
35270,RIU DE SERRADELL,35275,SIN NOMBRE
35270,RIU DE SERRADELL,35276,SIN NOMBRE
35270,RIU DE SERRADELL,35278,SIN NOMBRE
35270,RIU DE SERRADELL,35283,SIN NOMBRE
35271,SIN NOMBRE,35271,SIN NOMBRE
35271,SIN NOMBRE,35272,SIN NOMBRE
35272,SIN NOMBRE,35272,SIN NOMBRE
35273,SIN NOMBRE,35273,SIN NOMBRE
35275,SIN NOMBRE,35275,SIN NOMBRE
35276,SIN NOMBRE,35276,SIN NOMBRE
35278,SIN NOMBRE,35278,SIN NOMBRE
35283,SIN NOMBRE,35283,SIN NOMBRE
35286,BARRANC D'ENSEROLA,35287,SIN NOMBRE
35287,SIN NOMBRE,35287,SIN NOMBRE
35292,BARRANC DE LA VINYASSA,35293,SIN NOMBRE
35293,SIN NOMBRE,35293,SIN NOMBRE
35295,SIN NOMBRE,35295,SIN NOMBRE
35296,SIN NOMBRE,35296,SIN NOMBRE
35298,SIN NOMBRE,35298,SIN NOMBRE
35299,RIU DE SARROCA,35301,SIN NOMBRE
35299,RIU DE SARROCA,35302,SIN NOMBRE
35301,SIN NOMBRE,35301,SIN NOMBRE
35302,SIN NOMBRE,35302,SIN NOMBRE
35303,RIU DE BELLERA,35305,SIN NOMBRE
35303,RIU DE BELLERA,35306,SIN NOMBRE
35303,RIU DE BELLERA,35307,SIN NOMBRE
35303,RIU DE BELLERA,35310,SIN NOMBRE
35303,RIU DE BELLERA,35311,SIN NOMBRE
35303,RIU DE BELLERA,35312,SIN NOMBRE
35303,RIU DE BELLERA,35313,SIN NOMBRE
35305,SIN NOMBRE,35305,SIN NOMBRE
35306,SIN NOMBRE,35306,SIN NOMBRE
35307,SIN NOMBRE,35307,SIN NOMBRE
35308,BARRANC DE SANT JULIA,35307,SIN NOMBRE
35310,SIN NOMBRE,35310,SIN NOMBRE
35311,SIN NOMBRE,35311,SIN NOMBRE
35312,SIN NOMBRE,35312,SIN NOMBRE
35313,SIN NOMBRE,35313,SIN NOMBRE
35314,BARRANC DEL LLADRER,35315,SIN NOMBRE
35315,SIN NOMBRE,35315,SIN NOMBRE
35319,RIU DE LES IGLESIES,35320,SIN NOMBRE
35319,RIU DE LES IGLESIES,35322,SIN NOMBRE
35320,SIN NOMBRE,35320,SIN NOMBRE
35322,SIN NOMBRE,35322,SIN NOMBRE
35324,BARRANC DELS MIANS,35325,SIN NOMBRE
35324,BARRANC DELS MIANS,35326,SIN NOMBRE
35325,SIN NOMBRE,35325,SIN NOMBRE
35326,SIN NOMBRE,35326,SIN NOMBRE
35327,BARRANC DE CANARILL,35328,SIN NOMBRE
35328,SIN NOMBRE,35328,SIN NOMBRE
35329,RIU DE MANYANET,35343,SIN NOMBRE
35329,RIU DE MANYANET,35344,SIN NOMBRE
35329,RIU DE MANYANET,35345,SIN NOMBRE
35329,RIU DE MANYANET,35347,SIN NOMBRE
35330,LA VALIRI,35332,SIN NOMBRE
35330,LA VALIRI,35333,SIN NOMBRE
35330,LA VALIRI,35334,SIN NOMBRE
35330,LA VALIRI,35336,SIN NOMBRE
35332,SIN NOMBRE,35332,SIN NOMBRE
35333,SIN NOMBRE,35333,SIN NOMBRE
35334,SIN NOMBRE,35334,SIN NOMBRE
35336,SIN NOMBRE,35336,SIN NOMBRE
35343,SIN NOMBRE,35343,SIN NOMBRE
35344,SIN NOMBRE,35344,SIN NOMBRE
35345,SIN NOMBRE,35345,SIN NOMBRE
35347,SIN NOMBRE,35347,SIN NOMBRE
35360,BARRANC DEL CAP DE LLEVATA,35363,SIN NOMBRE
35360,BARRANC DEL CAP DE LLEVATA,35364,SIN NOMBRE
35361,BARRANC GROS,35362,SIN NOMBRE
35362,SIN NOMBRE,35362,SIN NOMBRE
35363,SIN NOMBRE,35363,SIN NOMBRE
35364,SIN NOMBRE,35364,SIN NOMBRE
35366,BARRANC DE PINYANA,35367,SIN NOMBRE
35366,BARRANC DE PINYANA,35368,SIN NOMBRE
35366,BARRANC DE PINYANA,35369,SIN NOMBRE
35367,SIN NOMBRE,35367,SIN NOMBRE
35368,SIN NOMBRE,35368,SIN NOMBRE
35369,SIN NOMBRE,35369,SIN NOMBRE
35370,BARRANC DEL RIAL,35371,SIN NOMBRE
35371,SIN NOMBRE,35371,SIN NOMBRE
35375,LLAU DE L'ESPADELLA,35376,SIN NOMBRE
35376,SIN NOMBRE,35376,SIN NOMBRE
35377,BARRANC DE SANTA MAGDALENA,35378,SIN NOMBRE
35378,SIN NOMBRE,35378,SIN NOMBRE
35382,SIN NOMBRE,35382,SIN NOMBRE
35383,BARRANC DE SANT GENIS,35384,SIN NOMBRE
35383,BARRANC DE SANT GENIS,35385,SIN NOMBRE
35384,SIN NOMBRE,35384,SIN NOMBRE
35385,SIN NOMBRE,35385,SIN NOMBRE
35390,SIN NOMBRE,35390,SIN NOMBRE
35391,SIN NOMBRE,35391,SIN NOMBRE
35392,BARRANC DE RUIXOU,35394,SIN NOMBRE
35394,SIN NOMBRE,35394,SIN NOMBRE
35396,SIN NOMBRE,35396,SIN NOMBRE
35401,LLAU DEL BOSC,35402,SIN NOMBRE
35402,SIN NOMBRE,35402,SIN NOMBRE
35405,SIN NOMBRE,35405,SIN NOMBRE
35406,BARRANC DE GRAMENET,35407,SIN NOMBRE
35406,BARRANC DE GRAMENET,35408,SIN NOMBRE
35407,SIN NOMBRE,35407,SIN NOMBRE
35408,SIN NOMBRE,35408,SIN NOMBRE
35409,BARRANC DE LES CULTIES,35410,SIN NOMBRE
35410,SIN NOMBRE,35410,SIN NOMBRE
35411,BARRANC ROI,35415,SIN NOMBRE
35412,BARRANC DE LA PLANA,35413,SIN NOMBRE
35412,BARRANC DE LA PLANA,35414,SIN NOMBRE
35413,SIN NOMBRE,35413,SIN NOMBRE
35414,SIN NOMBRE,35414,SIN NOMBRE
35415,SIN NOMBRE,35415,SIN NOMBRE
35417,SIN NOMBRE,35417,SIN NOMBRE
35418,SIN NOMBRE,35418,SIN NOMBRE
35419,SIN NOMBRE,35419,SIN NOMBRE
35420,BARRANC DEL FOGUER,35421,SIN NOMBRE
35420,BARRANC DEL FOGUER,35422,SIN NOMBRE
35421,SIN NOMBRE,35421,SIN NOMBRE
35422,SIN NOMBRE,35422,SIN NOMBRE
35427,CANAL DEL PORTARRO,35428,SIN NOMBRE
35428,SIN NOMBRE,35428,SIN NOMBRE
35430,BARRANC DEL BAN,35431,SIN NOMBRE
35430,BARRANC DEL BAN,35433,SIN NOMBRE
35431,SIN NOMBRE,35431,SIN NOMBRE
35431,SIN NOMBRE,35432,SIN NOMBRE
35432,SIN NOMBRE,35432,SIN NOMBRE
35433,SIN NOMBRE,35433,SIN NOMBRE
35436,SIN NOMBRE,35436,SIN NOMBRE
35439,BARRANC DE LA CREU,35440,SIN NOMBRE
35440,SIN NOMBRE,35440,SIN NOMBRE
35441,SIN NOMBRE,35441,SIN NOMBRE
35442,SIN NOMBRE,35442,SIN NOMBRE
35446,SIN NOMBRE,35446,SIN NOMBRE
35448,RIU DE RIQÜERNA,35460,SIN NOMBRE
35448,RIU DE RIQÜERNA,35462,SIN NOMBRE
35448,RIU DE RIQÜERNA,35463,SIN NOMBRE
35449,RIU DE FILIA,35450,SIN NOMBRE
35450,SIN NOMBRE,35450,SIN NOMBRE
35451,BARRANC DE LA COMA DE FUSES,35452,SIN NOMBRE
35452,SIN NOMBRE,35452,SIN NOMBRE
35454,BARRANC DE LA COMA DEL PORT,35456,SIN NOMBRE
35454,BARRANC DE LA COMA DEL PORT,35457,SIN NOMBRE
35456,SIN NOMBRE,35456,SIN NOMBRE
35457,SIN NOMBRE,35457,SIN NOMBRE
35458,BARRANC DE LA COMA DE L'ESTANY,35459,SIN NOMBRE
35459,SIN NOMBRE,35459,SIN NOMBRE
35460,SIN NOMBRE,35460,SIN NOMBRE
35462,SIN NOMBRE,35462,SIN NOMBRE
35463,SIN NOMBRE,35463,SIN NOMBRE
35464,BARRANC DE COMA DEL PORT,35465,SIN NOMBRE
35464,BARRANC DE COMA DEL PORT,35466,SIN NOMBRE
35465,SIN NOMBRE,35465,SIN NOMBRE
35466,SIN NOMBRE,35466,SIN NOMBRE
35467,BARRANC DE FRANCI,35468,SIN NOMBRE
35467,BARRANC DE FRANCI,35472,SIN NOMBRE
35467,BARRANC DE FRANCI,35473,SIN NOMBRE
35468,SIN NOMBRE,35468,SIN NOMBRE
35468,SIN NOMBRE,35469,SIN NOMBRE
35468,SIN NOMBRE,35470,SIN NOMBRE
35468,SIN NOMBRE,35471,SIN NOMBRE
35469,SIN NOMBRE,35469,SIN NOMBRE
35470,SIN NOMBRE,35470,SIN NOMBRE
35471,SIN NOMBRE,35471,SIN NOMBRE
35472,SIN NOMBRE,35472,SIN NOMBRE
35473,SIN NOMBRE,35473,SIN NOMBRE
35474,BARRANC DE TORPLA,35475,SIN NOMBRE
35475,SIN NOMBRE,35475,SIN NOMBRE
35476,BARRANC DE PUIROLA,35477,SIN NOMBRE
35477,SIN NOMBRE,35477,SIN NOMBRE
35480,SIN NOMBRE,35480,SIN NOMBRE
35481,CANAL DE PIGOLO,35482,SIN NOMBRE
35481,CANAL DE PIGOLO,35485,SIN NOMBRE
35482,SIN NOMBRE,35482,SIN NOMBRE
35482,SIN NOMBRE,35483,SIN NOMBRE
35482,SIN NOMBRE,35484,SIN NOMBRE
35483,SIN NOMBRE,35483,SIN NOMBRE
35484,SIN NOMBRE,35484,SIN NOMBRE
35485,SIN NOMBRE,35485,SIN NOMBRE
35486,SIN NOMBRE,35486,SIN NOMBRE
35487,BARRANC DE LA LORA,35486,SIN NOMBRE
35487,BARRANC DE LA LORA,35488,SIN NOMBRE
35488,SIN NOMBRE,35488,SIN NOMBRE
35488,SIN NOMBRE,35489,SIN NOMBRE
35488,SIN NOMBRE,35490,SIN NOMBRE
35488,SIN NOMBRE,35491,SIN NOMBRE
35488,SIN NOMBRE,35492,SIN NOMBRE
35489,SIN NOMBRE,35489,SIN NOMBRE
35490,SIN NOMBRE,35490,SIN NOMBRE
35491,SIN NOMBRE,35491,SIN NOMBRE
35492,SIN NOMBRE,35492,SIN NOMBRE
35493,TORRENT DE SALLENTE,35488,SIN NOMBRE
35494,SIN NOMBRE,35494,SIN NOMBRE
35495,BARRANC DE VALLCARCA,35496,SIN NOMBRE
35495,BARRANC DE VALLCARCA,35497,SIN NOMBRE
35496,SIN NOMBRE,35496,SIN NOMBRE
35497,SIN NOMBRE,35497,SIN NOMBRE
35499,SIN NOMBRE,35499,SIN NOMBRE
35499,SIN NOMBRE,35500,SIN NOMBRE
35500,SIN NOMBRE,35500,SIN NOMBRE
35501,SIN NOMBRE,35501,SIN NOMBRE
35502,SIN NOMBRE,35502,SIN NOMBRE
35503,BARRANC DE SANTA,35504,SIN NOMBRE
35503,BARRANC DE SANTA,35506,SIN NOMBRE
35504,SIN NOMBRE,35504,SIN NOMBRE
35506,SIN NOMBRE,35506,SIN NOMBRE
35506,SIN NOMBRE,35507,SIN NOMBRE
35507,SIN NOMBRE,35507,SIN NOMBRE
35512,SIN NOMBRE,35512,SIN NOMBRE
35518,BARRANC DE LES TOSQUES,35521,SIN NOMBRE
35519,LLAU DE LA TEULERA,35520,SIN NOMBRE
35520,SIN NOMBRE,35520,SIN NOMBRE
35521,SIN NOMBRE,35521,SIN NOMBRE
35523,BARRANC DE LLADO,35525,SIN NOMBRE
35523,BARRANC DE LLADO,35533,SIN NOMBRE
35525,SIN NOMBRE,35525,SIN NOMBRE
35527,BARRANC DE LA COMA DE L'OLLA,35530,SIN NOMBRE
35530,SIN NOMBRE,35530,SIN NOMBRE
35533,SIN NOMBRE,35533,SIN NOMBRE
35534,LLAU DE LA GAVARNERA,35535,SIN NOMBRE
35535,SIN NOMBRE,35535,SIN NOMBRE
35538,BARRANC DE L'INFERN,35539,SIN NOMBRE
35539,SIN NOMBRE,35539,SIN NOMBRE
35542,LLAU DE PERAUBA,35553,SIN NOMBRE
35542,LLAU DE PERAUBA,35556,SIN NOMBRE
35543,BARRANC DE LA COMA D'ORIENT,35545,SIN NOMBRE
35543,BARRANC DE LA COMA D'ORIENT,35546,SIN NOMBRE
35543,BARRANC DE LA COMA D'ORIENT,35547,SIN NOMBRE
35543,BARRANC DE LA COMA D'ORIENT,35550,SIN NOMBRE
35545,SIN NOMBRE,35545,SIN NOMBRE
35546,SIN NOMBRE,35546,SIN NOMBRE
35547,SIN NOMBRE,35547,SIN NOMBRE
35550,SIN NOMBRE,35550,SIN NOMBRE
35550,SIN NOMBRE,35551,SIN NOMBRE
35550,SIN NOMBRE,35552,SIN NOMBRE
35551,SIN NOMBRE,35551,SIN NOMBRE
35552,SIN NOMBRE,35552,SIN NOMBRE
35553,SIN NOMBRE,35553,SIN NOMBRE
35556,SIN NOMBRE,35556,SIN NOMBRE
35559,BARRANC DE LA TORRE DE SENYUS,35560,SIN NOMBRE
35560,SIN NOMBRE,35560,SIN NOMBRE
35561,BARRANC DE LES MORRERES,35562,SIN NOMBRE
35561,BARRANC DE LES MORRERES,35563,SIN NOMBRE
35561,BARRANC DE LES MORRERES,35568,SIN NOMBRE
35562,SIN NOMBRE,35562,SIN NOMBRE
35563,SIN NOMBRE,35563,SIN NOMBRE
35568,SIN NOMBRE,35568,SIN NOMBRE
35569,SIN NOMBRE,35569,SIN NOMBRE
35570,SIN NOMBRE,35570,SIN NOMBRE
35572,SIN NOMBRE,35572,SIN NOMBRE
35573,RIU MAJOR,35578,SIN NOMBRE
35573,RIU MAJOR,35579,SIN NOMBRE
35578,SIN NOMBRE,35578,SIN NOMBRE
35579,SIN NOMBRE,35579,SIN NOMBRE
35582,BARRANC DELS CASTELLS,35586,SIN NOMBRE
35586,SIN NOMBRE,35586,SIN NOMBRE
35587,RIU DE TAUS,35588,SIN NOMBRE
35587,RIU DE TAUS,35597,SIN NOMBRE
35588,SIN NOMBRE,35588,SIN NOMBRE
35588,SIN NOMBRE,35589,SIN NOMBRE
35589,SIN NOMBRE,35589,SIN NOMBRE
35591,LLAU DE LAJOANIT,35592,SIN NOMBRE
35591,LLAU DE LAJOANIT,35593,SIN NOMBRE
35592,SIN NOMBRE,35592,SIN NOMBRE
35593,SIN NOMBRE,35593,SIN NOMBRE
35595,LLAU DE LES COSTES,35596,SIN NOMBRE
35596,SIN NOMBRE,35596,SIN NOMBRE
35597,SIN NOMBRE,35597,SIN NOMBRE
35599,BARRANC DE GAVARRET,35601,SIN NOMBRE
35601,SIN NOMBRE,35601,SIN NOMBRE
35602,SIN NOMBRE,35602,SIN NOMBRE
35603,SIN NOMBRE,35603,SIN NOMBRE
35604,BARRANC D'ENSEU,35606,SIN NOMBRE
35606,SIN NOMBRE,35606,SIN NOMBRE
35607,BARRANC DE LES PLETES,35608,SIN NOMBRE
35608,SIN NOMBRE,35608,SIN NOMBRE
35610,RIU D'ANCS,35616,SIN NOMBRE
35610,RIU D'ANCS,35617,SIN NOMBRE
35610,RIU D'ANCS,35623,SIN NOMBRE
35610,RIU D'ANCS,35624,SIN NOMBRE
35610,RIU D'ANCS,35625,SIN NOMBRE
35610,RIU D'ANCS,35627,SIN NOMBRE
35612,BARRANC DEL BAELL,35613,SIN NOMBRE
35612,BARRANC DEL BAELL,35614,SIN NOMBRE
35612,BARRANC DEL BAELL,35615,SIN NOMBRE
35613,SIN NOMBRE,35613,SIN NOMBRE
35614,SIN NOMBRE,35614,SIN NOMBRE
35615,SIN NOMBRE,35615,SIN NOMBRE
35616,SIN NOMBRE,35616,SIN NOMBRE
35617,SIN NOMBRE,35617,SIN NOMBRE
35623,SIN NOMBRE,35623,SIN NOMBRE
35624,SIN NOMBRE,35624,SIN NOMBRE
35625,SIN NOMBRE,35625,SIN NOMBRE
35627,SIN NOMBRE,35627,SIN NOMBRE
35636,RIU D'ESCOS,35637,SIN NOMBRE
35637,SIN NOMBRE,35637,SIN NOMBRE
35638,BARRANC DE LES AIGÜERES,35639,SIN NOMBRE
35639,SIN NOMBRE,35639,SIN NOMBRE
35640,BARRANC DE MILLERES,35644,SIN NOMBRE
35641,BARRANC DE MENCUI,35643,SIN NOMBRE
35642,BARRANC DEL BOSC,35643,SIN NOMBRE
35643,SIN NOMBRE,35643,SIN NOMBRE
35644,SIN NOMBRE,35644,SIN NOMBRE
35654,SIN NOMBRE,35654,SIN NOMBRE
35656,SIN NOMBRE,35656,SIN NOMBRE
35657,BARRANC DEL FONT DE SALLENT,35659,SIN NOMBRE
35657,BARRANC DEL FONT DE SALLENT,35660,SIN NOMBRE
35659,SIN NOMBRE,35659,SIN NOMBRE
35660,SIN NOMBRE,35660,SIN NOMBRE
35662,BARRANC DE MONTARDIT,35664,SIN NOMBRE
35662,BARRANC DE MONTARDIT,35665,SIN NOMBRE
35662,BARRANC DE MONTARDIT,35666,SIN NOMBRE
35664,SIN NOMBRE,35664,SIN NOMBRE
35665,SIN NOMBRE,35665,SIN NOMBRE
35666,SIN NOMBRE,35666,SIN NOMBRE
35668,BARRANC DE COBRISTA,35669,SIN NOMBRE
35668,BARRANC DE COBRISTA,35671,SIN NOMBRE
35668,BARRANC DE COBRISTA,35672,SIN NOMBRE
35669,SIN NOMBRE,35669,SIN NOMBRE
35671,SIN NOMBRE,35671,SIN NOMBRE
35672,SIN NOMBRE,35672,SIN NOMBRE
35673,SIN NOMBRE,35673,SIN NOMBRE
35674,SIN NOMBRE,35674,SIN NOMBRE
35676,RIU DEL CANTO,35683,SIN NOMBRE
35676,RIU DEL CANTO,35691,SIN NOMBRE
35683,SIN NOMBRE,35683,SIN NOMBRE
35686,BARRANC DE COMA-SARRERA,35689,SIN NOMBRE
35689,SIN NOMBRE,35689,SIN NOMBRE
35691,SIN NOMBRE,35691,SIN NOMBRE
35696,BARRANC DE LA COMA DE L'ORRI,35697,SIN NOMBRE
35697,SIN NOMBRE,35697,SIN NOMBRE
35698,SIN NOMBRE,35698,SIN NOMBRE
35706,BARRANC DE LA PIETAT,35707,SIN NOMBRE
35707,SIN NOMBRE,35707,SIN NOMBRE
35708,BARRANC DE TORRES NEGRES,35709,SIN NOMBRE
35709,SIN NOMBRE,35709,SIN NOMBRE
35712,SIN NOMBRE,35712,SIN NOMBRE
35715,RIU DE BERASTI,35717,SIN NOMBRE
35715,RIU DE BERASTI,35749,SIN NOMBRE
35715,RIU DE BERASTI,35751,SIN NOMBRE
35715,RIU DE BERASTI,35752,SIN NOMBRE
35715,RIU DE BERASTI,35754,SIN NOMBRE
35715,RIU DE BERASTI,35756,SIN NOMBRE
35715,RIU DE BERASTI,35761,SIN NOMBRE
35715,RIU DE BERASTI,35762,SIN NOMBRE
35717,SIN NOMBRE,35717,SIN NOMBRE
35718,RIU D'ALTRON,35726,SIN NOMBRE
35718,RIU D'ALTRON,35727,SIN NOMBRE
35718,RIU D'ALTRON,35729,SIN NOMBRE
35718,RIU D'ALTRON,35730,SIN NOMBRE
35723,BARRANC DEL PORTELL,35724,SIN NOMBRE
35724,SIN NOMBRE,35724,SIN NOMBRE
35726,SIN NOMBRE,35726,SIN NOMBRE
35727,SIN NOMBRE,35727,SIN NOMBRE
35729,SIN NOMBRE,35729,SIN NOMBRE
35730,SIN NOMBRE,35730,SIN NOMBRE
35731,RIU DE CAREGUE,35732,SIN NOMBRE
35731,RIU DE CAREGUE,35733,SIN NOMBRE
35731,RIU DE CAREGUE,35734,SIN NOMBRE
35731,RIU DE CAREGUE,35737,SIN NOMBRE
35731,RIU DE CAREGUE,35738,SIN NOMBRE
35731,RIU DE CAREGUE,35740,SIN NOMBRE
35731,RIU DE CAREGUE,35743,SIN NOMBRE
35731,RIU DE CAREGUE,35744,SIN NOMBRE
35731,RIU DE CAREGUE,35745,SIN NOMBRE
35731,RIU DE CAREGUE,35748,SIN NOMBRE
35732,SIN NOMBRE,35732,SIN NOMBRE
35733,SIN NOMBRE,35733,SIN NOMBRE
35734,SIN NOMBRE,35734,SIN NOMBRE
35735,BARRANC DELS SOLANS,35736,SIN NOMBRE
35736,SIN NOMBRE,35736,SIN NOMBRE
35737,SIN NOMBRE,35737,SIN NOMBRE
35738,SIN NOMBRE,35738,SIN NOMBRE
35740,SIN NOMBRE,35740,SIN NOMBRE
35741,BARRANC DE LA PORTELLA,35742,SIN NOMBRE
35742,SIN NOMBRE,35742,SIN NOMBRE
35743,SIN NOMBRE,35743,SIN NOMBRE
35744,SIN NOMBRE,35744,SIN NOMBRE
35745,SIN NOMBRE,35745,SIN NOMBRE
35746,TORRENT DE SENDES,35747,SIN NOMBRE
35747,SIN NOMBRE,35747,SIN NOMBRE
35748,SIN NOMBRE,35748,SIN NOMBRE
35749,SIN NOMBRE,35749,SIN NOMBRE
35751,SIN NOMBRE,35751,SIN NOMBRE
35752,SIN NOMBRE,35752,SIN NOMBRE
35754,SIN NOMBRE,35754,SIN NOMBRE
35756,SIN NOMBRE,35756,SIN NOMBRE
35757,BARRANC DE BAÜRSI,35758,SIN NOMBRE
35758,SIN NOMBRE,35758,SIN NOMBRE
35761,SIN NOMBRE,35761,SIN NOMBRE
35762,SIN NOMBRE,35762,SIN NOMBRE
35763,SIN NOMBRE,35763,SIN NOMBRE
35771,RIU DE SANTA MAGDALENA,35778,SIN NOMBRE
35778,SIN NOMBRE,35778,SIN NOMBRE
35787,BARRANC DEL FORCAT,35791,SIN NOMBRE
35791,SIN NOMBRE,35791,SIN NOMBRE
35820,BARRANC DE LA MATA FONT DE FORAT,35821,SIN NOMBRE
35821,SIN NOMBRE,35821,SIN NOMBRE
35832,LA NOGUERA DE VALLFERRERA,35867,SIN NOMBRE
35832,LA NOGUERA DE VALLFERRERA,35872,SIN NOMBRE
35832,LA NOGUERA DE VALLFERRERA,35874,SIN NOMBRE
35832,LA NOGUERA DE VALLFERRERA,35878,SIN NOMBRE
35835,BARRANC DE BESAN,35836,SIN NOMBRE
35836,SIN NOMBRE,35836,SIN NOMBRE
35839,BARRANC DE BUSCALLADO,35840,SIN NOMBRE
35839,BARRANC DE BUSCALLADO,35841,SIN NOMBRE
35840,SIN NOMBRE,35840,SIN NOMBRE
35841,SIN NOMBRE,35841,SIN NOMBRE
35842,LA NOGUERA DE TOR,35848,SIN NOMBRE
35845,BARRANC DE BOIXEDO,35846,SIN NOMBRE
35846,SIN NOMBRE,35846,SIN NOMBRE
35848,SIN NOMBRE,35848,SIN NOMBRE
35850,BARRANC DE GERRI,35851,SIN NOMBRE
35850,BARRANC DE GERRI,35854,SIN NOMBRE
35851,SIN NOMBRE,35851,SIN NOMBRE
35851,SIN NOMBRE,35852,SIN NOMBRE
35851,SIN NOMBRE,35853,SIN NOMBRE
35852,SIN NOMBRE,35852,SIN NOMBRE
35853,SIN NOMBRE,35853,SIN NOMBRE
35854,SIN NOMBRE,35854,SIN NOMBRE
35856,RIU DE SALICS,35857,SIN NOMBRE
35857,SIN NOMBRE,35857,SIN NOMBRE
35867,SIN NOMBRE,35867,SIN NOMBRE
35867,SIN NOMBRE,35868,SIN NOMBRE
35868,SIN NOMBRE,35868,SIN NOMBRE
35870,BARRANC DE LLORIGA,35871,SIN NOMBRE
35871,SIN NOMBRE,35871,SIN NOMBRE
35872,SIN NOMBRE,35872,SIN NOMBRE
35874,SIN NOMBRE,35874,SIN NOMBRE
35875,BARRANC DE CRUSOS,35876,SIN NOMBRE
35876,SIN NOMBRE,35876,SIN NOMBRE
35878,SIN NOMBRE,35878,SIN NOMBRE
35880,BARRANC DE BEDET,35882,SIN NOMBRE
35882,SIN NOMBRE,35882,SIN NOMBRE
35883,BARRANC DEL TORN,35884,SIN NOMBRE
35884,SIN NOMBRE,35884,SIN NOMBRE
35888,BARRANC DE SOTLLO,35889,SIN NOMBRE
35888,BARRANC DE SOTLLO,35890,SIN NOMBRE
35889,SIN NOMBRE,35889,SIN NOMBRE
35890,SIN NOMBRE,35890,SIN NOMBRE
35890,SIN NOMBRE,35891,SIN NOMBRE
35891,SIN NOMBRE,35891,SIN NOMBRE
35892,BARRANC D'ARESTE,35894,SIN NOMBRE
35894,SIN NOMBRE,35894,SIN NOMBRE
35895,BARRANC D'ARCALIS,35896,SIN NOMBRE
35895,BARRANC D'ARCALIS,35897,SIN NOMBRE
35895,BARRANC D'ARCALIS,35898,SIN NOMBRE
35896,SIN NOMBRE,35896,SIN NOMBRE
35897,SIN NOMBRE,35897,SIN NOMBRE
35898,SIN NOMBRE,35898,SIN NOMBRE
35899,RIU DE BAIAU,35900,SIN NOMBRE
35899,RIU DE BAIAU,35901,SIN NOMBRE
35899,RIU DE BAIAU,35902,SIN NOMBRE
35900,SIN NOMBRE,35900,SIN NOMBRE
35901,SIN NOMBRE,35901,SIN NOMBRE
35902,SIN NOMBRE,35902,SIN NOMBRE
35907,RIU D'ESTAON,35908,SIN NOMBRE
35908,SIN NOMBRE,35908,SIN NOMBRE
35915,TORRENT D'ENTRERRIUS,35916,SIN NOMBRE
35915,TORRENT D'ENTRERRIUS,35917,SIN NOMBRE
35916,SIN NOMBRE,35916,SIN NOMBRE
35917,SIN NOMBRE,35917,SIN NOMBRE
35921,TORRENT D'ESTERRI,35925,SIN NOMBRE
35922,BARRANC DE LA MOLINA,35924,SIN NOMBRE
35924,SIN NOMBRE,35924,SIN NOMBRE
35925,SIN NOMBRE,35925,SIN NOMBRE
35931,RIU D'ESTANILLES,35932,SIN NOMBRE
35932,SIN NOMBRE,35932,SIN NOMBRE
35933,RIU DE LLADORRE,35935,SIN NOMBRE
35933,RIU DE LLADORRE,35936,SIN NOMBRE
35933,RIU DE LLADORRE,35961,SIN NOMBRE
35933,RIU DE LLADORRE,35962,SIN NOMBRE
35933,RIU DE LLADORRE,35966,SIN NOMBRE
35933,RIU DE LLADORRE,35967,SIN NOMBRE
35935,SIN NOMBRE,35935,SIN NOMBRE
35936,SIN NOMBRE,35936,SIN NOMBRE
35938,RIU DE PIULORA,35939,SIN NOMBRE
35939,SIN NOMBRE,35939,SIN NOMBRE
35943,RIU DE NOARRE,35945,SIN NOMBRE
35945,SIN NOMBRE,35945,SIN NOMBRE
35946,RIU DE GUEROSSO,35948,SIN NOMBRE
35948,SIN NOMBRE,35948,SIN NOMBRE
35950,TORRENT DE CRESTUIS,35951,SIN NOMBRE
35951,SIN NOMBRE,35951,SIN NOMBRE
35952,RIU DEL PORT,35953,SIN NOMBRE
35952,RIU DEL PORT,35954,SIN NOMBRE
35953,SIN NOMBRE,35953,SIN NOMBRE
35954,SIN NOMBRE,35954,SIN NOMBRE
35955,BARRANC DE VEDOS,35956,SIN NOMBRE
35956,SIN NOMBRE,35956,SIN NOMBRE
35957,TORRENT DE LA ROIA DE MOLLAS,35959,SIN NOMBRE
35959,SIN NOMBRE,35959,SIN NOMBRE
35959,SIN NOMBRE,35960,SIN NOMBRE
35960,SIN NOMBRE,35960,SIN NOMBRE
35961,SIN NOMBRE,35961,SIN NOMBRE
35962,SIN NOMBRE,35962,SIN NOMBRE
35963,RIBERA DE BOLDIS,35964,SIN NOMBRE
35964,SIN NOMBRE,35964,SIN NOMBRE
35966,SIN NOMBRE,35966,SIN NOMBRE
35967,SIN NOMBRE,35967,SIN NOMBRE
35970,CANAL DE SERRELLO,35971,SIN NOMBRE
35971,SIN NOMBRE,35971,SIN NOMBRE
35975,RIU DE CERTASCAN,35977,SIN NOMBRE
35975,RIU DE CERTASCAN,35978,SIN NOMBRE
35975,RIU DE CERTASCAN,35979,SIN NOMBRE
35977,SIN NOMBRE,35977,SIN NOMBRE
35978,SIN NOMBRE,35978,SIN NOMBRE
35979,SIN NOMBRE,35979,SIN NOMBRE
35980,RIUET DE LA SERRA PLANA,35981,SIN NOMBRE
35980,RIUET DE LA SERRA PLANA,35982,SIN NOMBRE
35981,SIN NOMBRE,35981,SIN NOMBRE
35982,SIN NOMBRE,35982,SIN NOMBRE
35983,RIU DE BROATE,35986,SIN NOMBRE
35983,RIU DE BROATE,35987,SIN NOMBRE
35986,SIN NOMBRE,35986,SIN NOMBRE
35987,SIN NOMBRE,35987,SIN NOMBRE
35987,SIN NOMBRE,35988,SIN NOMBRE
35987,SIN NOMBRE,35989,SIN NOMBRE
35988,SIN NOMBRE,35988,SIN NOMBRE
35989,SIN NOMBRE,35989,SIN NOMBRE
35990,RIU DE ROMEDO,35991,SIN NOMBRE
35990,RIU DE ROMEDO,35993,SIN NOMBRE
35990,RIU DE ROMEDO,35996,SIN NOMBRE
35991,SIN NOMBRE,35991,SIN NOMBRE
35993,SIN NOMBRE,35993,SIN NOMBRE
35993,SIN NOMBRE,35994,SIN NOMBRE
35993,SIN NOMBRE,35995,SIN NOMBRE
35994,SIN NOMBRE,35994,SIN NOMBRE
35995,SIN NOMBRE,35995,SIN NOMBRE
35996,SIN NOMBRE,35996,SIN NOMBRE
36000,SIN NOMBRE,36000,SIN NOMBRE
36001,TORRENT DEL RIU,36002,SIN NOMBRE
36002,SIN NOMBRE,36002,SIN NOMBRE
36002,SIN NOMBRE,36003,SIN NOMBRE
36003,SIN NOMBRE,36003,SIN NOMBRE
36004,RIU DE BAIASCA,36006,SIN NOMBRE
36006,SIN NOMBRE,36006,SIN NOMBRE
36008,BARRANC D'ESTADINA,36009,SIN NOMBRE
36008,BARRANC D'ESTADINA,36010,SIN NOMBRE
36009,SIN NOMBRE,36009,SIN NOMBRE
36010,SIN NOMBRE,36010,SIN NOMBRE
36013,BARRANC D'ENCASI,36014,SIN NOMBRE
36014,SIN NOMBRE,36014,SIN NOMBRE
36015,BARRANC DEL CARGOL,36016,SIN NOMBRE
36016,SIN NOMBRE,36016,SIN NOMBRE
36017,BARRANC DE CULTIUS,36018,SIN NOMBRE
36017,BARRANC DE CULTIUS,36019,SIN NOMBRE
36018,SIN NOMBRE,36018,SIN NOMBRE
36019,SIN NOMBRE,36019,SIN NOMBRE
36020,BARRANC DE LES AUBAGUES,36021,SIN NOMBRE
36021,SIN NOMBRE,36021,SIN NOMBRE
36023,RIU D'ESCART,36024,SIN NOMBRE
36023,RIU D'ESCART,36026,SIN NOMBRE
36023,RIU D'ESCART,36028,SIN NOMBRE
36023,RIU D'ESCART,36029,SIN NOMBRE
36023,RIU D'ESCART,36031,SIN NOMBRE
36024,SIN NOMBRE,36024,SIN NOMBRE
36026,SIN NOMBRE,36026,SIN NOMBRE
36028,SIN NOMBRE,36028,SIN NOMBRE
36029,SIN NOMBRE,36029,SIN NOMBRE
36029,SIN NOMBRE,36030,SIN NOMBRE
36030,SIN NOMBRE,36030,SIN NOMBRE
36031,SIN NOMBRE,36031,SIN NOMBRE
36033,SIN NOMBRE,36033,SIN NOMBRE
36034,SIN NOMBRE,36034,SIN NOMBRE
36036,SIN NOMBRE,36036,SIN NOMBRE
36036,SIN NOMBRE,36037,SIN NOMBRE
36037,SIN NOMBRE,36036,SIN NOMBRE
36037,SIN NOMBRE,36037,SIN NOMBRE
36042,RIU DE PEGUERA,36043,SIN NOMBRE
36042,RIU DE PEGUERA,36044,SIN NOMBRE
36042,RIU DE PEGUERA,36046,SIN NOMBRE
36042,RIU DE PEGUERA,36047,SIN NOMBRE
36042,RIU DE PEGUERA,36050,SIN NOMBRE
36043,SIN NOMBRE,36043,SIN NOMBRE
36044,SIN NOMBRE,36044,SIN NOMBRE
36046,SIN NOMBRE,36046,SIN NOMBRE
36047,SIN NOMBRE,36047,SIN NOMBRE
36047,SIN NOMBRE,36048,SIN NOMBRE
36047,SIN NOMBRE,36049,SIN NOMBRE
36048,SIN NOMBRE,36048,SIN NOMBRE
36049,SIN NOMBRE,36049,SIN NOMBRE
36050,SIN NOMBRE,36050,SIN NOMBRE
36056,RIU DE RATERA,36059,SIN NOMBRE
36057,BARRANC DE L'ABELLER,36058,SIN NOMBRE
36058,SIN NOMBRE,36058,SIN NOMBRE
36059,SIN NOMBRE,36059,SIN NOMBRE
36061,RIU DE MONESTERO,36062,SIN NOMBRE
36062,SIN NOMBRE,36062,SIN NOMBRE
36072,BARRANC DE LLAVORRE,36073,SIN NOMBRE
36073,SIN NOMBRE,36073,SIN NOMBRE
36075,BARRANC D'ESCRITA,36076,SIN NOMBRE
36076,SIN NOMBRE,36076,SIN NOMBRE
36077,RIU D'UNARRE,36088,SIN NOMBRE
36077,RIU D'UNARRE,36089,SIN NOMBRE
36077,RIU D'UNARRE,36091,SIN NOMBRE
36078,RIUET DE BURGO,36079,SIN NOMBRE
36079,SIN NOMBRE,36079,SIN NOMBRE
36080,BARRANC DELS PRADETS,36081,SIN NOMBRE
36081,SIN NOMBRE,36081,SIN NOMBRE
36083,BARRANC DE LABEDO,36084,SIN NOMBRE
36084,SIN NOMBRE,36084,SIN NOMBRE
36086,BARRANC DE NYIRI,36087,SIN NOMBRE
36087,SIN NOMBRE,36087,SIN NOMBRE
36088,SIN NOMBRE,36088,SIN NOMBRE
36089,SIN NOMBRE,36089,SIN NOMBRE
36089,SIN NOMBRE,36090,SIN NOMBRE
36090,SIN NOMBRE,36090,SIN NOMBRE
36091,SIN NOMBRE,36091,SIN NOMBRE
36092,RIU DE LA BONAIGUA,36095,SIN NOMBRE
36092,RIU DE LA BONAIGUA,36103,SIN NOMBRE
36092,RIU DE LA BONAIGUA,36104,SIN NOMBRE
36093,RIU DE CABANES,36094,SIN NOMBRE
36094,SIN NOMBRE,36094,SIN NOMBRE
36095,SIN NOMBRE,36095,SIN NOMBRE
36096,BARRANC DE GERBER,36097,SIN NOMBRE
36096,BARRANC DE GERBER,36098,SIN NOMBRE
36096,BARRANC DE GERBER,36099,SIN NOMBRE
36096,BARRANC DE GERBER,36100,SIN NOMBRE
36096,BARRANC DE GERBER,36101,SIN NOMBRE
36096,BARRANC DE GERBER,36102,SIN NOMBRE
36097,SIN NOMBRE,36097,SIN NOMBRE
36098,SIN NOMBRE,36098,SIN NOMBRE
36099,SIN NOMBRE,36099,SIN NOMBRE
36100,SIN NOMBRE,36100,SIN NOMBRE
36101,SIN NOMBRE,36101,SIN NOMBRE
36102,SIN NOMBRE,36102,SIN NOMBRE
36103,SIN NOMBRE,36103,SIN NOMBRE
36104,SIN NOMBRE,36104,SIN NOMBRE
36106,TORRENT DE BOIXERRI,36108,SIN NOMBRE
36108,SIN NOMBRE,36108,SIN NOMBRE
36109,RIU D'ARREU,36113,SIN NOMBRE
36109,RIU D'ARREU,36114,SIN NOMBRE
36111,BARRANC DEL MUNTANYO,36112,SIN NOMBRE
36112,SIN NOMBRE,36112,SIN NOMBRE
36113,SIN NOMBRE,36113,SIN NOMBRE
36114,SIN NOMBRE,36114,SIN NOMBRE
36115,RIVET D'AIROTO,36116,SIN NOMBRE
36116,SIN NOMBRE,36116,SIN NOMBRE
36120,SIN NOMBRE,36120,SIN NOMBRE
36121,BARRANC DE SOMIS,36122,SIN NOMBRE
36122,SIN NOMBRE,36122,SIN NOMBRE
36122,SIN NOMBRE,36123,SIN NOMBRE
36123,SIN NOMBRE,36123,SIN NOMBRE
36126,BARRANC DE PORTIERO,36127,SIN NOMBRE
36127,SIN NOMBRE,36127,SIN NOMBRE
36131,BARRANC DE COMAMALA,36132,SIN NOMBRE
36132,SIN NOMBRE,36132,SIN NOMBRE
36132,SIN NOMBRE,36133,SIN NOMBRE
36133,SIN NOMBRE,36133,SIN NOMBRE
36136,BARRANC DE VALARAN,36137,SIN NOMBRE
36136,BARRANC DE VALARAN,36138,SIN NOMBRE
36137,SIN NOMBRE,36137,SIN NOMBRE
36138,SIN NOMBRE,36138,SIN NOMBRE
36141,BARRANC DEL PORT DE SALAU,36142,SIN NOMBRE
36142,SIN NOMBRE,36142,SIN NOMBRE
36143,BARRANC DELS VINYALS,36144,SIN NOMBRE
36143,BARRANC DELS VINYALS,36145,SIN NOMBRE
36144,SIN NOMBRE,36144,SIN NOMBRE
36145,SIN NOMBRE,36145,SIN NOMBRE
36147,SIN NOMBRE,36147,SIN NOMBRE
36149,TORRENT DE CIRERES,36150,SIN NOMBRE
36150,SIN NOMBRE,36150,SIN NOMBRE
36155,BARRANC DE MONTGOS,36156,SIN NOMBRE
36156,SIN NOMBRE,36156,SIN NOMBRE
36157,TORRENT DE LLANÇANES,36158,SIN NOMBRE
36158,SIN NOMBRE,36158,SIN NOMBRE
36159,SIN NOMBRE,36159,SIN NOMBRE
36160,ARRIU DE MARIMANHA,36161,SIN NOMBRE
36161,SIN NOMBRE,36161,SIN NOMBRE
36165,ARRIU DES BANDOLERS,36166,SIN NOMBRE
36166,SIN NOMBRE,36166,SIN NOMBRE
36169,SIN NOMBRE,36169,SIN NOMBRE
36170,ARRIU DETH HORCALH,36175,SIN NOMBRE
36170,ARRIU DETH HORCALH,36176,SIN NOMBRE
36170,ARRIU DETH HORCALH,36177,SIN NOMBRE
36171,ARRIU DE VERNATAR,36172,SIN NOMBRE
36171,ARRIU DE VERNATAR,36173,SIN NOMBRE
36171,ARRIU DE VERNATAR,36174,SIN NOMBRE
36172,SIN NOMBRE,36172,SIN NOMBRE
36173,SIN NOMBRE,36173,SIN NOMBRE
36174,SIN NOMBRE,36174,SIN NOMBRE
36175,SIN NOMBRE,36175,SIN NOMBRE
36176,SIN NOMBRE,36176,SIN NOMBRE
36177,SIN NOMBRE,36177,SIN NOMBRE
36178,RIBERA D'ORLA,36177,SIN NOMBRE
36181,ARRIU DE PARROS,36182,SIN NOMBRE
36182,SIN NOMBRE,36182,SIN NOMBRE
36184,SIN NOMBRE,36184,SIN NOMBRE
36185,ARRIU DE CABANES,36186,SIN NOMBRE
36186,SIN NOMBRE,36186,SIN NOMBRE
36188,ARRIU DERA SERRA,36189,SIN NOMBRE
36189,SIN NOMBRE,36189,SIN NOMBRE
36192,SIN NOMBRE,36192,SIN NOMBRE
36194,SIN NOMBRE,36194,SIN NOMBRE
36196,SIN NOMBRE,36196,SIN NOMBRE
36198,BARRANC DEL MU,36199,SIN NOMBRE
36198,BARRANC DEL MU,36200,SIN NOMBRE
36199,SIN NOMBRE,36199,SIN NOMBRE
36200,SIN NOMBRE,36200,SIN NOMBRE
36201,BARRANC DE CARBONERA,36202,SIN NOMBRE
36202,SIN NOMBRE,36202,SIN NOMBRE
36203,SIN NOMBRE,36203,SIN NOMBRE
36204,SIN NOMBRE,36204,SIN NOMBRE
36207,BARRANC DE LES SEGUES,36208,SIN NOMBRE
36208,SIN NOMBRE,36208,SIN NOMBRE
36211,BARRANC DE LES PLETES,36212,SIN NOMBRE
36212,SIN NOMBRE,36212,SIN NOMBRE
36213,BARRANC DE MALACOSTA,36214,SIN NOMBRE
36213,BARRANC DE MALACOSTA,36215,SIN NOMBRE
36213,BARRANC DE MALACOSTA,36216,SIN NOMBRE
36214,SIN NOMBRE,36214,SIN NOMBRE
36215,SIN NOMBRE,36215,SIN NOMBRE
36216,SIN NOMBRE,36216,SIN NOMBRE
36217,BARRANC DELS BUFONS,36218,SIN NOMBRE
36218,SIN NOMBRE,36218,SIN NOMBRE
36220,TORRENT DE LA GRANOLLA,36222,SIN NOMBRE
36222,SIN NOMBRE,36222,SIN NOMBRE
36226,BARRANC DELS CODONYS,36227,SIN NOMBRE
36226,BARRANC DELS CODONYS,36228,SIN NOMBRE
36226,BARRANC DELS CODONYS,36229,SIN NOMBRE
36226,BARRANC DELS CODONYS,36230,SIN NOMBRE
36227,SIN NOMBRE,36227,SIN NOMBRE
36228,SIN NOMBRE,36228,SIN NOMBRE
36229,SIN NOMBRE,36229,SIN NOMBRE
36230,SIN NOMBRE,36230,SIN NOMBRE
36231,SIN NOMBRE,36231,SIN NOMBRE
36233,BARRANC DELS TRULLS,36234,SIN NOMBRE
36234,SIN NOMBRE,36234,SIN NOMBRE
36236,SIN NOMBRE,36236,SIN NOMBRE
36237,RIU BOIX,36242,SIN NOMBRE
36237,RIU BOIX,36260,SIN NOMBRE
36237,RIU BOIX,36261,SIN NOMBRE
36237,RIU BOIX,36262,SIN NOMBRE
36237,RIU BOIX,36263,SIN NOMBRE
36237,RIU BOIX,36265,SIN NOMBRE
36237,RIU BOIX,36266,SIN NOMBRE
36237,RIU BOIX,36275,SIN NOMBRE
36237,RIU BOIX,36278,SIN NOMBRE
36238,BARRANC DE SANT PERE,36239,SIN NOMBRE
36239,SIN NOMBRE,36239,SIN NOMBRE
36242,SIN NOMBRE,36242,SIN NOMBRE
36244,BARRANC DE LA CLUA,36245,SIN NOMBRE
36244,BARRANC DE LA CLUA,36250,SIN NOMBRE
36244,BARRANC DE LA CLUA,36251,SIN NOMBRE
36244,BARRANC DE LA CLUA,36252,SIN NOMBRE
36245,SIN NOMBRE,36245,SIN NOMBRE
36246,CLOT D'AMETLLER,36249,SIN NOMBRE
36247,BARRANC DE LA COLLADA,36248,SIN NOMBRE
36248,SIN NOMBRE,36248,SIN NOMBRE
36249,SIN NOMBRE,36249,SIN NOMBRE
36250,SIN NOMBRE,36250,SIN NOMBRE
36251,SIN NOMBRE,36251,SIN NOMBRE
36251,SIN NOMBRE,36252,SIN NOMBRE
36252,SIN NOMBRE,36251,SIN NOMBRE
36252,SIN NOMBRE,36252,SIN NOMBRE
36252,SIN NOMBRE,36253,SIN NOMBRE
36252,SIN NOMBRE,36254,SIN NOMBRE
36253,SIN NOMBRE,36253,SIN NOMBRE
36254,SIN NOMBRE,36254,SIN NOMBRE
36256,BARRANC DE GENER,36259,SIN NOMBRE
36259,SIN NOMBRE,36259,SIN NOMBRE
36260,SIN NOMBRE,36260,SIN NOMBRE
36261,SIN NOMBRE,36261,SIN NOMBRE
36262,SIN NOMBRE,36262,SIN NOMBRE
36263,SIN NOMBRE,36263,SIN NOMBRE
36265,SIN NOMBRE,36265,SIN NOMBRE
36266,SIN NOMBRE,36266,SIN NOMBRE
36267,BARRANC DE SANT PERE,36268,SIN NOMBRE
36267,BARRANC DE SANT PERE,36269,SIN NOMBRE
36267,BARRANC DE SANT PERE,36270,SIN NOMBRE
36268,SIN NOMBRE,36268,SIN NOMBRE
36269,SIN NOMBRE,36269,SIN NOMBRE
36270,SIN NOMBRE,36270,SIN NOMBRE
36272,RIU DE L'OBAC,36273,SIN NOMBRE
36273,SIN NOMBRE,36273,SIN NOMBRE
36275,SIN NOMBRE,36275,SIN NOMBRE
36278,SIN NOMBRE,36278,SIN NOMBRE
36279,BARRANC DE LA COMA GRAN,36278,SIN NOMBRE
36279,BARRANC DE LA COMA GRAN,36280,SIN NOMBRE
36279,BARRANC DE LA COMA GRAN,36281,SIN NOMBRE
36280,SIN NOMBRE,36280,SIN NOMBRE
36281,SIN NOMBRE,36281,SIN NOMBRE
36283,SIN NOMBRE,36283,SIN NOMBRE
36291,BARRANC DEL PONT DE LES RAIES,36292,SIN NOMBRE
36291,BARRANC DEL PONT DE LES RAIES,36293,SIN NOMBRE
36291,BARRANC DEL PONT DE LES RAIES,36294,SIN NOMBRE
36291,BARRANC DEL PONT DE LES RAIES,36295,SIN NOMBRE
36292,SIN NOMBRE,36292,SIN NOMBRE
36293,SIN NOMBRE,36293,SIN NOMBRE
36294,SIN NOMBRE,36294,SIN NOMBRE
36295,SIN NOMBRE,36295,SIN NOMBRE
36296,BARRANC FONTFREDA,36297,SIN NOMBRE
36296,BARRANC FONTFREDA,36298,SIN NOMBRE
36296,BARRANC FONTFREDA,36299,SIN NOMBRE
36296,BARRANC FONTFREDA,36300,SIN NOMBRE
36296,BARRANC FONTFREDA,36307,SIN NOMBRE
36297,SIN NOMBRE,36297,SIN NOMBRE
36298,SIN NOMBRE,36298,SIN NOMBRE
36299,SIN NOMBRE,36299,SIN NOMBRE
36300,SIN NOMBRE,36300,SIN NOMBRE
36307,SIN NOMBRE,36307,SIN NOMBRE
36309,BARRANC DE LES PLANES,36310,SIN NOMBRE
36310,SIN NOMBRE,36310,SIN NOMBRE
36311,BARRANC DE LES ALIGUES,36312,SIN NOMBRE
36311,BARRANC DE LES ALIGUES,36313,SIN NOMBRE
36312,SIN NOMBRE,36312,SIN NOMBRE
36313,SIN NOMBRE,36313,SIN NOMBRE
36315,BARRANC DE CUBER,36316,SIN NOMBRE
36316,SIN NOMBRE,36316,SIN NOMBRE
36318,BARRANC DE LA JONA,36319,SIN NOMBRE
36318,BARRANC DE LA JONA,36320,SIN NOMBRE
36318,BARRANC DE LA JONA,36323,SIN NOMBRE
36319,SIN NOMBRE,36319,SIN NOMBRE
36320,SIN NOMBRE,36320,SIN NOMBRE
36321,BARRANC DE LA FONT DELS COMS,36322,SIN NOMBRE
36322,SIN NOMBRE,36322,SIN NOMBRE
36323,SIN NOMBRE,36323,SIN NOMBRE
36323,SIN NOMBRE,36324,SIN NOMBRE
36324,SIN NOMBRE,36324,SIN NOMBRE
36327,BARRANC DE LES PLETES,36328,SIN NOMBRE
36328,SIN NOMBRE,36328,SIN NOMBRE
36334,BARRANC DE TORREBLANCA,36335,SIN NOMBRE
36334,BARRANC DE TORREBLANCA,36338,SIN NOMBRE
36334,BARRANC DE TORREBLANCA,36339,SIN NOMBRE
36334,BARRANC DE TORREBLANCA,36343,SIN NOMBRE
36334,BARRANC DE TORREBLANCA,36344,SIN NOMBRE
36334,BARRANC DE TORREBLANCA,36346,SIN NOMBRE
36334,BARRANC DE TORREBLANCA,36350,SIN NOMBRE
36335,SIN NOMBRE,36335,SIN NOMBRE
36338,SIN NOMBRE,36338,SIN NOMBRE
36339,SIN NOMBRE,36339,SIN NOMBRE
36340,BARRANC DE LA TEULERA,36341,SIN NOMBRE
36340,BARRANC DE LA TEULERA,36342,SIN NOMBRE
36341,SIN NOMBRE,36341,SIN NOMBRE
36342,SIN NOMBRE,36342,SIN NOMBRE
36343,SIN NOMBRE,36343,SIN NOMBRE
36344,SIN NOMBRE,36344,SIN NOMBRE
36346,SIN NOMBRE,36346,SIN NOMBRE
36347,BARRANC DE LA COLOMINA,36349,SIN NOMBRE
36349,SIN NOMBRE,36349,SIN NOMBRE
36350,SIN NOMBRE,36350,SIN NOMBRE
36352,BARRANC DEL FIDEL,36355,SIN NOMBRE
36353,BARRANC DE CAL FORTO,36354,SIN NOMBRE
36354,SIN NOMBRE,36354,SIN NOMBRE
36355,SIN NOMBRE,36355,SIN NOMBRE
36357,RIU LLOBREGOS,36425,SIN NOMBRE
36357,RIU LLOBREGOS,36467,SIN NOMBRE
36357,RIU LLOBREGOS,36473,SIN NOMBRE
36357,RIU LLOBREGOS,36474,SIN NOMBRE
36357,RIU LLOBREGOS,36475,SIN NOMBRE
36357,RIU LLOBREGOS,36480,SIN NOMBRE
36357,RIU LLOBREGOS,36489,SIN NOMBRE
36358,BARRANC DE FEMIDES,36359,SIN NOMBRE
36359,SIN NOMBRE,36359,SIN NOMBRE
36361,TORRENT DE CABANABONA,36362,SIN NOMBRE
36362,SIN NOMBRE,36362,SIN NOMBRE
36364,TORRENT DE VALLDORIES,36365,SIN NOMBRE
36364,TORRENT DE VALLDORIES,36366,SIN NOMBRE
36364,TORRENT DE VALLDORIES,36367,SIN NOMBRE
36364,TORRENT DE VALLDORIES,36368,SIN NOMBRE
36364,TORRENT DE VALLDORIES,36371,SIN NOMBRE
36365,SIN NOMBRE,36365,SIN NOMBRE
36366,SIN NOMBRE,36366,SIN NOMBRE
36367,SIN NOMBRE,36367,SIN NOMBRE
36368,SIN NOMBRE,36368,SIN NOMBRE
36369,BARRANC DE SORRIBES,36370,SIN NOMBRE
36370,SIN NOMBRE,36370,SIN NOMBRE
36371,SIN NOMBRE,36371,SIN NOMBRE
36374,RIERA DE SANAÜJA,36389,SIN NOMBRE
36374,RIERA DE SANAÜJA,36390,SIN NOMBRE
36374,RIERA DE SANAÜJA,36394,SIN NOMBRE
36374,RIERA DE SANAÜJA,36395,SIN NOMBRE
36374,RIERA DE SANAÜJA,36399,SIN NOMBRE
36376,RASA DE PUJOL,36377,SIN NOMBRE
36377,SIN NOMBRE,36377,SIN NOMBRE
36380,RASA DE COLL DE FRARES,36381,SIN NOMBRE
36381,SIN NOMBRE,36381,SIN NOMBRE
36382,RIERA DE SALLENT,36383,SIN NOMBRE
36383,SIN NOMBRE,36383,SIN NOMBRE
36389,SIN NOMBRE,36389,SIN NOMBRE
36390,SIN NOMBRE,36390,SIN NOMBRE
36394,SIN NOMBRE,36394,SIN NOMBRE
36395,SIN NOMBRE,36395,SIN NOMBRE
36399,SIN NOMBRE,36399,SIN NOMBRE
36400,TORRENT DE GRANOLLERS,36404,SIN NOMBRE
36402,BARRANC DE SELVANERA,36403,SIN NOMBRE
36403,SIN NOMBRE,36403,SIN NOMBRE
36404,SIN NOMBRE,36404,SIN NOMBRE
36405,BARRANC DE GRANOLLERS,36406,SIN NOMBRE
36405,BARRANC DE GRANOLLERS,36407,SIN NOMBRE
36406,SIN NOMBRE,36406,SIN NOMBRE
36407,SIN NOMBRE,36407,SIN NOMBRE
36408,TORRENT DE MASSOTERES,36409,SIN NOMBRE
36408,TORRENT DE MASSOTERES,36410,SIN NOMBRE
36409,SIN NOMBRE,36409,SIN NOMBRE
36410,SIN NOMBRE,36410,SIN NOMBRE
36411,RIERA DE BIOSCA,36416,SIN NOMBRE
36411,RIERA DE BIOSCA,36417,SIN NOMBRE
36411,RIERA DE BIOSCA,36418,SIN NOMBRE
36416,SIN NOMBRE,36416,SIN NOMBRE
36417,SIN NOMBRE,36417,SIN NOMBRE
36418,SIN NOMBRE,36418,SIN NOMBRE
36419,TORRENT DE PALOU,36420,SIN NOMBRE
36419,TORRENT DE PALOU,36421,SIN NOMBRE
36419,TORRENT DE PALOU,36422,SIN NOMBRE
36420,SIN NOMBRE,36420,SIN NOMBRE
36421,SIN NOMBRE,36421,SIN NOMBRE
36422,SIN NOMBRE,36422,SIN NOMBRE
36425,SIN NOMBRE,36425,SIN NOMBRE
36427,RASA DE LLANERA,36429,SIN NOMBRE
36427,RASA DE LLANERA,36444,SIN NOMBRE
36429,SIN NOMBRE,36429,SIN NOMBRE
36430,BARRANC DE FIGUEROLA,36431,SIN NOMBRE
36430,BARRANC DE FIGUEROLA,36432,SIN NOMBRE
36430,BARRANC DE FIGUEROLA,36433,SIN NOMBRE
36431,SIN NOMBRE,36431,SIN NOMBRE
36432,SIN NOMBRE,36432,SIN NOMBRE
36433,SIN NOMBRE,36433,SIN NOMBRE
36435,RASA DE LA FONT DE VILELLA,36436,SIN NOMBRE
36436,SIN NOMBRE,36436,SIN NOMBRE
36439,BARRANC DELS QUADROS,36441,SIN NOMBRE
36441,SIN NOMBRE,36441,SIN NOMBRE
36444,SIN NOMBRE,36444,SIN NOMBRE
36445,RASA DE LA ROVIRA,36444,SIN NOMBRE
36445,RASA DE LA ROVIRA,36459,SIN NOMBRE
36447,RASA D'ARDEVOL,36449,SIN NOMBRE
36449,SIN NOMBRE,36449,SIN NOMBRE
36450,BARRANCO DE SANTA MARIA,36456,SIN NOMBRE
36456,SIN NOMBRE,36456,SIN NOMBRE
36457,RASA DEL MOLI DE MOIXONS,36458,SIN NOMBRE
36458,SIN NOMBRE,36458,SIN NOMBRE
36459,SIN NOMBRE,36459,SIN NOMBRE
36460,TORRENT DE LA GARGANTA,36461,SIN NOMBRE
36460,TORRENT DE LA GARGANTA,36466,SIN NOMBRE
36461,SIN NOMBRE,36461,SIN NOMBRE
36462,CLOT DE LA COMA,36463,SIN NOMBRE
36463,SIN NOMBRE,36463,SIN NOMBRE
36466,SIN NOMBRE,36466,SIN NOMBRE
36467,SIN NOMBRE,36467,SIN NOMBRE
36468,TORRENT D'ENCONILLS,36469,SIN NOMBRE
36469,SIN NOMBRE,36469,SIN NOMBRE
36470,TORRENT DE MORELL,36471,SIN NOMBRE
36470,TORRENT DE MORELL,36472,SIN NOMBRE
36471,SIN NOMBRE,36471,SIN NOMBRE
36472,SIN NOMBRE,36472,SIN NOMBRE
36473,SIN NOMBRE,36473,SIN NOMBRE
36474,SIN NOMBRE,36474,SIN NOMBRE
36475,SIN NOMBRE,36475,SIN NOMBRE
36476,TORRENT MAGRE,36477,SIN NOMBRE
36477,SIN NOMBRE,36477,SIN NOMBRE
36478,TORRENT DE CAN GILET,36479,SIN NOMBRE
36479,SIN NOMBRE,36479,SIN NOMBRE
36480,SIN NOMBRE,36480,SIN NOMBRE
36481,TORRENT BO,36483,SIN NOMBRE
36481,TORRENT BO,36487,SIN NOMBRE
36483,SIN NOMBRE,36483,SIN NOMBRE
36485,TORRENT DE CONILL,36486,SIN NOMBRE
36486,SIN NOMBRE,36486,SIN NOMBRE
36487,SIN NOMBRE,36487,SIN NOMBRE
36489,SIN NOMBRE,36489,SIN NOMBRE
36491,RIERA DE MANTELLI,36493,SIN NOMBRE
36493,SIN NOMBRE,36493,SIN NOMBRE
36494,TORRENT DE CAL MORROS,36495,SIN NOMBRE
36494,TORRENT DE CAL MORROS,36496,SIN NOMBRE
36495,SIN NOMBRE,36495,SIN NOMBRE
36496,SIN NOMBRE,36496,SIN NOMBRE
36497,TORRENT DEL FITO,36499,SIN NOMBRE
36499,SIN NOMBRE,36499,SIN NOMBRE
36500,TORRENT DE GUINER,36501,SIN NOMBRE
36501,SIN NOMBRE,36501,SIN NOMBRE
36502,TORRENT DELS PILOTS,36503,SIN NOMBRE
36503,SIN NOMBRE,36503,SIN NOMBRE
36507,BARRANC DE LA GUIXERA,36508,SIN NOMBRE
36507,BARRANC DE LA GUIXERA,36511,SIN NOMBRE
36507,BARRANC DE LA GUIXERA,36512,SIN NOMBRE
36507,BARRANC DE LA GUIXERA,36513,SIN NOMBRE
36507,BARRANC DE LA GUIXERA,36514,SIN NOMBRE
36507,BARRANC DE LA GUIXERA,36515,SIN NOMBRE
36508,SIN NOMBRE,36508,SIN NOMBRE
36509,BARRANC DEL CLOT D'ALBESA,36510,SIN NOMBRE
36510,SIN NOMBRE,36510,SIN NOMBRE
36511,SIN NOMBRE,36511,SIN NOMBRE
36512,SIN NOMBRE,36512,SIN NOMBRE
36513,SIN NOMBRE,36513,SIN NOMBRE
36514,SIN NOMBRE,36514,SIN NOMBRE
36515,SIN NOMBRE,36515,SIN NOMBRE
36518,BARRANC DE VALLDANS,36519,SIN NOMBRE
36519,SIN NOMBRE,36519,SIN NOMBRE
36520,SIN NOMBRE,36520,SIN NOMBRE
36521,SIN NOMBRE,36521,SIN NOMBRE
36523,SIN NOMBRE,36523,SIN NOMBRE
36524,EL RIALB,36527,SIN NOMBRE
36524,EL RIALB,36573,SIN NOMBRE
36524,EL RIALB,36596,SIN NOMBRE
36524,EL RIALB,36597,SIN NOMBRE
36524,EL RIALB,36601,SIN NOMBRE
36525,CLOT DELS FONDOS,36526,SIN NOMBRE
36526,SIN NOMBRE,36526,SIN NOMBRE
36527,SIN NOMBRE,36527,SIN NOMBRE
36530,BARRANC DE VILARO,36531,SIN NOMBRE
36531,SIN NOMBRE,36531,SIN NOMBRE
36532,BARRANC DE CORNUDELLA,36533,SIN NOMBRE
36533,SIN NOMBRE,36533,SIN NOMBRE
36541,RASA DE CAL SEGARRA,36542,SIN NOMBRE
36542,SIN NOMBRE,36542,SIN NOMBRE
36545,BARRANC DE L'ESPLUGA DE LES CABRES,36546,SIN NOMBRE
36545,BARRANC DE L'ESPLUGA DE LES CABRES,36548,SIN NOMBRE
36546,SIN NOMBRE,36546,SIN NOMBRE
36548,SIN NOMBRE,36548,SIN NOMBRE
36549,BARRANC DE MAÇANERS,36550,SIN NOMBRE
36549,BARRANC DE MAÇANERS,36551,SIN NOMBRE
36550,SIN NOMBRE,36550,SIN NOMBRE
36551,SIN NOMBRE,36551,SIN NOMBRE
36552,BARRANC DE SALINOVES,36553,SIN NOMBRE
36553,SIN NOMBRE,36553,SIN NOMBRE
36557,BARRANC DEL SERRAT DEL PEL,36558,SIN NOMBRE
36558,SIN NOMBRE,36558,SIN NOMBRE
36561,LA RASETA,36562,SIN NOMBRE
36562,SIN NOMBRE,36562,SIN NOMBRE
36565,BARRANC DE L'HEDRA,36566,SIN NOMBRE
36565,BARRANC DE L'HEDRA,36567,SIN NOMBRE
36566,SIN NOMBRE,36566,SIN NOMBRE
36567,SIN NOMBRE,36567,SIN NOMBRE
36571,BARRANC DE FABREGADA,36572,SIN NOMBRE
36572,SIN NOMBRE,36572,SIN NOMBRE
36573,SIN NOMBRE,36573,SIN NOMBRE
36574,BARRANC DE MAS BARRAT,36575,SIN NOMBRE
36575,SIN NOMBRE,36575,SIN NOMBRE
36580,TORRENT DE GAVARRA,36594,SIN NOMBRE
36581,TORRENT DE CARREU,36582,SIN NOMBRE
36582,SIN NOMBRE,36582,SIN NOMBRE
36583,TORRENT DEL TEIX,36584,SIN NOMBRE
36584,SIN NOMBRE,36584,SIN NOMBRE
36586,TORRENT DEL FAI,36587,SIN NOMBRE
36587,SIN NOMBRE,36587,SIN NOMBRE
36588,BARRANC DE RELLA,36589,SIN NOMBRE
36589,SIN NOMBRE,36589,SIN NOMBRE
36590,TORRENT D'ISOT,36593,SIN NOMBRE
36591,TORRENT DE LA MALESA,36592,SIN NOMBRE
36592,SIN NOMBRE,36592,SIN NOMBRE
36593,SIN NOMBRE,36593,SIN NOMBRE
36594,SIN NOMBRE,36594,SIN NOMBRE
36596,SIN NOMBRE,36596,SIN NOMBRE
36597,SIN NOMBRE,36597,SIN NOMBRE
36601,SIN NOMBRE,36601,SIN NOMBRE
36602,BARRANC DE LES COLLADETES,36604,SIN NOMBRE
36604,SIN NOMBRE,36604,SIN NOMBRE
36605,RASA DEL COLL D'ESPINA,36606,SIN NOMBRE
36606,SIN NOMBRE,36606,SIN NOMBRE
36607,RIU DE PUJALS,36608,SIN NOMBRE
36607,RIU DE PUJALS,36609,SIN NOMBRE
36608,SIN NOMBRE,36608,SIN NOMBRE
36609,SIN NOMBRE,36609,SIN NOMBRE
36610,CLOT D'ESPINAUBA,36611,SIN NOMBRE
36610,CLOT D'ESPINAUBA,36613,SIN NOMBRE
36611,SIN NOMBRE,36611,SIN NOMBRE
36611,SIN NOMBRE,36612,SIN NOMBRE
36612,SIN NOMBRE,36612,SIN NOMBRE
36613,SIN NOMBRE,36613,SIN NOMBRE
36614,BARRANC DE L'OBAGA,36615,SIN NOMBRE
36615,SIN NOMBRE,36615,SIN NOMBRE
36617,SIN NOMBRE,36617,SIN NOMBRE
36619,TORRENT DE MORAGUER,36620,SIN NOMBRE
36619,TORRENT DE MORAGUER,36621,SIN NOMBRE
36620,SIN NOMBRE,36620,SIN NOMBRE
36621,SIN NOMBRE,36621,SIN NOMBRE
36622,SIN NOMBRE,36622,SIN NOMBRE
36623,BARRANC DE LA FONT,36624,SIN NOMBRE
36624,SIN NOMBRE,36624,SIN NOMBRE
36629,BARRANC DE LA BASTIDA,36630,SIN NOMBRE
36629,BARRANC DE LA BASTIDA,36631,SIN NOMBRE
36630,SIN NOMBRE,36630,SIN NOMBRE
36631,SIN NOMBRE,36631,SIN NOMBRE
36634,SIN NOMBRE,36634,SIN NOMBRE
36635,SIN NOMBRE,36635,SIN NOMBRE
36636,SIN NOMBRE,36636,SIN NOMBRE
36637,RIERA DE MADRONA,36638,SIN NOMBRE
36637,RIERA DE MADRONA,36640,SIN NOMBRE
36637,RIERA DE MADRONA,36644,SIN NOMBRE
36637,RIERA DE MADRONA,36651,SIN NOMBRE
36638,SIN NOMBRE,36638,SIN NOMBRE
36640,SIN NOMBRE,36640,SIN NOMBRE
36641,BARRANC DE GUARDIOLA,36642,SIN NOMBRE
36642,SIN NOMBRE,36642,SIN NOMBRE
36644,SIN NOMBRE,36644,SIN NOMBRE
36646,BARRANC DE SANGRA,36647,SIN NOMBRE
36646,BARRANC DE SANGRA,36648,SIN NOMBRE
36647,SIN NOMBRE,36647,SIN NOMBRE
36648,SIN NOMBRE,36648,SIN NOMBRE
36649,BARRANC DE MAÇANA,36650,SIN NOMBRE
36650,SIN NOMBRE,36650,SIN NOMBRE
36651,SIN NOMBRE,36651,SIN NOMBRE
36652,BARRANC DE PINELL,36653,SIN NOMBRE
36652,BARRANC DE PINELL,36656,SIN NOMBRE
36652,BARRANC DE PINELL,36657,SIN NOMBRE
36652,BARRANC DE PINELL,36661,SIN NOMBRE
36653,SIN NOMBRE,36653,SIN NOMBRE
36654,RASA DE LA CASETA,36655,SIN NOMBRE
36655,SIN NOMBRE,36655,SIN NOMBRE
36656,SIN NOMBRE,36656,SIN NOMBRE
36657,SIN NOMBRE,36657,SIN NOMBRE
36657,SIN NOMBRE,36658,SIN NOMBRE
36657,SIN NOMBRE,36659,SIN NOMBRE
36657,SIN NOMBRE,36660,SIN NOMBRE
36658,SIN NOMBRE,36658,SIN NOMBRE
36659,SIN NOMBRE,36659,SIN NOMBRE
36660,SIN NOMBRE,36660,SIN NOMBRE
36661,SIN NOMBRE,36661,SIN NOMBRE
36662,BARRANC DEL GASPAR,36663,SIN NOMBRE
36662,BARRANC DEL GASPAR,36664,SIN NOMBRE
36663,SIN NOMBRE,36663,SIN NOMBRE
36664,SIN NOMBRE,36664,SIN NOMBRE
36665,RASA DE PUJOL,36666,SIN NOMBRE
36665,RASA DE PUJOL,36667,SIN NOMBRE
36666,SIN NOMBRE,36666,SIN NOMBRE
36667,SIN NOMBRE,36667,SIN NOMBRE
36669,BARRANC DE LA FORADADA,36670,SIN NOMBRE
36670,SIN NOMBRE,36670,SIN NOMBRE
36671,BARRANC DE SANT TIRS,36673,SIN NOMBRE
36671,BARRANC DE SANT TIRS,36674,SIN NOMBRE
36671,BARRANC DE SANT TIRS,36677,SIN NOMBRE
36671,BARRANC DE SANT TIRS,36678,SIN NOMBRE
36673,SIN NOMBRE,36673,SIN NOMBRE
36674,SIN NOMBRE,36674,SIN NOMBRE
36674,SIN NOMBRE,36675,SIN NOMBRE
36674,SIN NOMBRE,36676,SIN NOMBRE
36675,SIN NOMBRE,36675,SIN NOMBRE
36676,SIN NOMBRE,36676,SIN NOMBRE
36677,SIN NOMBRE,36677,SIN NOMBRE
36678,SIN NOMBRE,36678,SIN NOMBRE
36687,TORRENT DE RIUDEBAS,36689,SIN NOMBRE
36687,TORRENT DE RIUDEBAS,36690,SIN NOMBRE
36689,SIN NOMBRE,36689,SIN NOMBRE
36690,SIN NOMBRE,36690,SIN NOMBRE
36691,RASA DE MONTJUIC,36692,SIN NOMBRE
36692,SIN NOMBRE,36692,SIN NOMBRE
36694,RASA DE CAL CERDA,36695,SIN NOMBRE
36695,SIN NOMBRE,36695,SIN NOMBRE
36696,RASA DE LA PASTERA,36697,SIN NOMBRE
36697,SIN NOMBRE,36697,SIN NOMBRE
36698,RIBERA SALADA,36699,SIN NOMBRE
36698,RIBERA SALADA,36700,SIN NOMBRE
36698,RIBERA SALADA,36701,SIN NOMBRE
36698,RIBERA SALADA,36705,SIN NOMBRE
36698,RIBERA SALADA,36723,SIN NOMBRE
36698,RIBERA SALADA,36731,SIN NOMBRE
36698,RIBERA SALADA,36732,SIN NOMBRE
36698,RIBERA SALADA,36741,SIN NOMBRE
36698,RIBERA SALADA,36769,SIN NOMBRE
36698,RIBERA SALADA,36771,SIN NOMBRE
36698,RIBERA SALADA,36772,SIN NOMBRE
36698,RIBERA SALADA,36775,SIN NOMBRE
36698,RIBERA SALADA,36776,SIN NOMBRE
36699,SIN NOMBRE,36699,SIN NOMBRE
36700,SIN NOMBRE,36700,SIN NOMBRE
36701,SIN NOMBRE,36701,SIN NOMBRE
36703,RASA DE LA CODINA,36704,SIN NOMBRE
36704,SIN NOMBRE,36704,SIN NOMBRE
36705,SIN NOMBRE,36705,SIN NOMBRE
36706,RASA DE COSCOLLOLA,36707,SIN NOMBRE
36706,RASA DE COSCOLLOLA,36708,SIN NOMBRE
36706,RASA DE COSCOLLOLA,36715,SIN NOMBRE
36706,RASA DE COSCOLLOLA,36718,SIN NOMBRE
36706,RASA DE COSCOLLOLA,36719,SIN NOMBRE
36707,SIN NOMBRE,36707,SIN NOMBRE
36708,SIN NOMBRE,36708,SIN NOMBRE
36709,RASA DELS PICONS,36710,SIN NOMBRE
36710,SIN NOMBRE,36710,SIN NOMBRE
36713,RASA DE PAMPE,36714,SIN NOMBRE
36714,SIN NOMBRE,36714,SIN NOMBRE
36715,SIN NOMBRE,36715,SIN NOMBRE
36716,RASA DE SOLANES,36717,SIN NOMBRE
36717,SIN NOMBRE,36717,SIN NOMBRE
36718,SIN NOMBRE,36718,SIN NOMBRE
36719,SIN NOMBRE,36719,SIN NOMBRE
36723,SIN NOMBRE,36723,SIN NOMBRE
36725,TORRENT DE LA VILA,36727,SIN NOMBRE
36725,TORRENT DE LA VILA,36728,SIN NOMBRE
36727,SIN NOMBRE,36727,SIN NOMBRE
36728,SIN NOMBRE,36728,SIN NOMBRE
36729,RASA DEL PONT DE L'HOSTAL,36728,SIN NOMBRE
36731,SIN NOMBRE,36731,SIN NOMBRE
36732,SIN NOMBRE,36732,SIN NOMBRE
36733,BARRANC DE QUEROL,36734,SIN NOMBRE
36733,BARRANC DE QUEROL,36736,SIN NOMBRE
36733,BARRANC DE QUEROL,36737,SIN NOMBRE
36734,SIN NOMBRE,36734,SIN NOMBRE
36736,SIN NOMBRE,36736,SIN NOMBRE
36737,SIN NOMBRE,36737,SIN NOMBRE
36741,SIN NOMBRE,36741,SIN NOMBRE
36742,RASA DE LA MUSELLA,36743,SIN NOMBRE
36742,RASA DE LA MUSELLA,36744,SIN NOMBRE
36743,SIN NOMBRE,36743,SIN NOMBRE
36744,SIN NOMBRE,36744,SIN NOMBRE
36744,SIN NOMBRE,36745,SIN NOMBRE
36745,SIN NOMBRE,36745,SIN NOMBRE
36749,EL RIARD,36754,SIN NOMBRE
36749,EL RIARD,36755,SIN NOMBRE
36749,EL RIARD,36757,SIN NOMBRE
36749,EL RIARD,36758,SIN NOMBRE
36749,EL RIARD,36765,SIN NOMBRE
36749,EL RIARD,36766,SIN NOMBRE
36749,EL RIARD,36767,SIN NOMBRE
36750,RASA DEL BARRANC,36752,SIN NOMBRE
36752,SIN NOMBRE,36752,SIN NOMBRE
36754,SIN NOMBRE,36754,SIN NOMBRE
36755,SIN NOMBRE,36755,SIN NOMBRE
36757,SIN NOMBRE,36757,SIN NOMBRE
36758,SIN NOMBRE,36758,SIN NOMBRE
36758,SIN NOMBRE,36759,SIN NOMBRE
36759,SIN NOMBRE,36759,SIN NOMBRE
36760,RASA DE CAL,36761,SIN NOMBRE
36760,RASA DE CAL,36762,SIN NOMBRE
36760,RASA DE CAL,36763,SIN NOMBRE
36760,RASA DE CAL,36764,SIN NOMBRE
36761,SIN NOMBRE,36761,SIN NOMBRE
36762,SIN NOMBRE,36762,SIN NOMBRE
36763,SIN NOMBRE,36763,SIN NOMBRE
36764,SIN NOMBRE,36764,SIN NOMBRE
36765,SIN NOMBRE,36765,SIN NOMBRE
36766,SIN NOMBRE,36766,SIN NOMBRE
36767,SIN NOMBRE,36767,SIN NOMBRE
36769,SIN NOMBRE,36769,SIN NOMBRE
36771,SIN NOMBRE,36771,SIN NOMBRE
36772,SIN NOMBRE,36772,SIN NOMBRE
36773,TORRENT PREGON,36774,SIN NOMBRE
36774,SIN NOMBRE,36774,SIN NOMBRE
36775,SIN NOMBRE,36775,SIN NOMBRE
36776,SIN NOMBRE,36776,SIN NOMBRE
36777,RIERA DE CANALDA,36785,SIN NOMBRE
36777,RIERA DE CANALDA,36786,SIN NOMBRE
36777,RIERA DE CANALDA,36789,SIN NOMBRE
36777,RIERA DE CANALDA,36790,SIN NOMBRE
36777,RIERA DE CANALDA,36791,SIN NOMBRE
36777,RIERA DE CANALDA,36792,SIN NOMBRE
36778,RIBERA DELS POUETS,36779,SIN NOMBRE
36778,RIBERA DELS POUETS,36783,SIN NOMBRE
36778,RIBERA DELS POUETS,36784,SIN NOMBRE
36779,SIN NOMBRE,36779,SIN NOMBRE
36780,RASA DE BALLETBO,36781,SIN NOMBRE
36780,RASA DE BALLETBO,36782,SIN NOMBRE
36781,SIN NOMBRE,36781,SIN NOMBRE
36782,SIN NOMBRE,36782,SIN NOMBRE
36783,SIN NOMBRE,36783,SIN NOMBRE
36784,SIN NOMBRE,36784,SIN NOMBRE
36785,SIN NOMBRE,36785,SIN NOMBRE
36786,SIN NOMBRE,36786,SIN NOMBRE
36789,SIN NOMBRE,36789,SIN NOMBRE
36790,SIN NOMBRE,36790,SIN NOMBRE
36791,SIN NOMBRE,36791,SIN NOMBRE
36792,SIN NOMBRE,36792,SIN NOMBRE
36793,RASA D'ENCIES,36798,SIN NOMBRE
36793,RASA D'ENCIES,36799,SIN NOMBRE
36793,RASA D'ENCIES,36800,SIN NOMBRE
36793,RASA D'ENCIES,36801,SIN NOMBRE
36794,TORRENT DE JUNYENT,36795,SIN NOMBRE
36794,TORRENT DE JUNYENT,36796,SIN NOMBRE
36794,TORRENT DE JUNYENT,36797,SIN NOMBRE
36795,SIN NOMBRE,36795,SIN NOMBRE
36796,SIN NOMBRE,36796,SIN NOMBRE
36797,SIN NOMBRE,36797,SIN NOMBRE
36798,SIN NOMBRE,36798,SIN NOMBRE
36799,SIN NOMBRE,36799,SIN NOMBRE
36800,SIN NOMBRE,36800,SIN NOMBRE
36801,SIN NOMBRE,36801,SIN NOMBRE
36803,TORRENT DEL GRAU,36804,SIN NOMBRE
36803,TORRENT DEL GRAU,36805,SIN NOMBRE
36804,SIN NOMBRE,36804,SIN NOMBRE
36805,SIN NOMBRE,36805,SIN NOMBRE
36805,SIN NOMBRE,36806,SIN NOMBRE
36806,SIN NOMBRE,36806,SIN NOMBRE
36808,RIERA DE CANALDA,36809,SIN NOMBRE
36809,SIN NOMBRE,36809,SIN NOMBRE
36810,RIU D'ODEN,36812,SIN NOMBRE
36812,SIN NOMBRE,36812,SIN NOMBRE
36814,RIU FRED,36817,SIN NOMBRE
36814,RIU FRED,36818,SIN NOMBRE
36814,RIU FRED,36820,SIN NOMBRE
36814,RIU FRED,36831,SIN NOMBRE
36817,SIN NOMBRE,36817,SIN NOMBRE
36818,SIN NOMBRE,36818,SIN NOMBRE
36820,SIN NOMBRE,36820,SIN NOMBRE
36822,RASA DE LES OLLES,36825,SIN NOMBRE
36822,RASA DE LES OLLES,36826,SIN NOMBRE
36825,SIN NOMBRE,36825,SIN NOMBRE
36826,SIN NOMBRE,36826,SIN NOMBRE
36829,TORRENT DE LLEU,36830,SIN NOMBRE
36830,SIN NOMBRE,36830,SIN NOMBRE
36831,SIN NOMBRE,36831,SIN NOMBRE
36835,SIN NOMBRE,36835,SIN NOMBRE
36840,BARRANC DE PERAMOLA,36843,SIN NOMBRE
36840,BARRANC DE PERAMOLA,36844,SIN NOMBRE
36843,SIN NOMBRE,36843,SIN NOMBRE
36844,SIN NOMBRE,36844,SIN NOMBRE
36845,BARRANC DE NEROLA,36846,SIN NOMBRE
36846,SIN NOMBRE,36846,SIN NOMBRE
36848,SIN NOMBRE,36848,SIN NOMBRE
36849,SIN NOMBRE,36849,SIN NOMBRE
36851,RASA DE LA FONT DE LA SALUT,36852,SIN NOMBRE
36852,SIN NOMBRE,36852,SIN NOMBRE
36855,TORRENT DE REIXA,36862,SIN NOMBRE
36858,RASA DE LA VALLDAN,36859,SIN NOMBRE
36858,RASA DE LA VALLDAN,36860,SIN NOMBRE
36858,RASA DE LA VALLDAN,36861,SIN NOMBRE
36859,SIN NOMBRE,36859,SIN NOMBRE
36860,SIN NOMBRE,36860,SIN NOMBRE
36861,SIN NOMBRE,36861,SIN NOMBRE
36862,SIN NOMBRE,36862,SIN NOMBRE
36863,RASA DE CARISSOLS,36864,SIN NOMBRE
36863,RASA DE CARISSOLS,36868,SIN NOMBRE
36864,SIN NOMBRE,36864,SIN NOMBRE
36866,RASA DE CAL MARC,36867,SIN NOMBRE
36867,SIN NOMBRE,36867,SIN NOMBRE
36868,SIN NOMBRE,36868,SIN NOMBRE
36869,SIN NOMBRE,36869,SIN NOMBRE
36870,BARRANC DE LES CAUBES,36871,SIN NOMBRE
36870,BARRANC DE LES CAUBES,36872,SIN NOMBRE
36871,SIN NOMBRE,36871,SIN NOMBRE
36872,SIN NOMBRE,36872,SIN NOMBRE
36873,CLOT D'AUBENÇ,36874,SIN NOMBRE
36874,SIN NOMBRE,36874,SIN NOMBRE
36875,SIN NOMBRE,36875,SIN NOMBRE
36876,SIN NOMBRE,36876,SIN NOMBRE
36877,RASA DEL BOTADOR,36878,SIN NOMBRE
36878,SIN NOMBRE,36878,SIN NOMBRE
36879,RIU DE LA MORA,36880,SIN NOMBRE
36879,RIU DE LA MORA,36881,SIN NOMBRE
36879,RIU DE LA MORA,36882,SIN NOMBRE
36879,RIU DE LA MORA,36883,SIN NOMBRE
36879,RIU DE LA MORA,36885,SIN NOMBRE
36879,RIU DE LA MORA,36886,SIN NOMBRE
36879,RIU DE LA MORA,36887,SIN NOMBRE
36880,SIN NOMBRE,36880,SIN NOMBRE
36881,SIN NOMBRE,36881,SIN NOMBRE
36882,SIN NOMBRE,36882,SIN NOMBRE
36883,SIN NOMBRE,36883,SIN NOMBRE
36885,SIN NOMBRE,36885,SIN NOMBRE
36886,SIN NOMBRE,36886,SIN NOMBRE
36887,SIN NOMBRE,36887,SIN NOMBRE
36890,BARRANC DEL BOTER,36891,SIN NOMBRE
36891,SIN NOMBRE,36891,SIN NOMBRE
36892,RIU DE SANT JOAN,36893,SIN NOMBRE
36893,SIN NOMBRE,36893,SIN NOMBRE
36896,TORRENT DE LA SELVA D'AUBENÇ,36899,SIN NOMBRE
36899,SIN NOMBRE,36899,SIN NOMBRE
36901,SIN NOMBRE,36901,SIN NOMBRE
36902,SIN NOMBRE,36902,SIN NOMBRE
36903,SIN NOMBRE,36903,SIN NOMBRE
36904,SIN NOMBRE,36904,SIN NOMBRE
36905,SIN NOMBRE,36905,SIN NOMBRE
36906,SIN NOMBRE,36906,SIN NOMBRE
36907,SIN NOMBRE,36907,SIN NOMBRE
36908,RIU DE SALLENT,36909,SIN NOMBRE
36908,RIU DE SALLENT,36910,SIN NOMBRE
36908,RIU DE SALLENT,36936,SIN NOMBRE
36909,SIN NOMBRE,36909,SIN NOMBRE
36910,SIN NOMBRE,36910,SIN NOMBRE
36911,BARRANC DE LES MASIES,36912,SIN NOMBRE
36911,BARRANC DE LES MASIES,36913,SIN NOMBRE
36912,SIN NOMBRE,36912,SIN NOMBRE
36913,SIN NOMBRE,36913,SIN NOMBRE
36914,BARRANC DEL FAIG,36915,SIN NOMBRE
36915,SIN NOMBRE,36915,SIN NOMBRE
36917,BARRANC DE LES GRASES,36918,SIN NOMBRE
36918,SIN NOMBRE,36918,SIN NOMBRE
36919,BARRANC DE CULLES,36920,SIN NOMBRE
36920,SIN NOMBRE,36920,SIN NOMBRE
36921,RIU DE VALLDARQUES,36923,SIN NOMBRE
36921,RIU DE VALLDARQUES,36924,SIN NOMBRE
36921,RIU DE VALLDARQUES,36926,SIN NOMBRE
36921,RIU DE VALLDARQUES,36930,SIN NOMBRE
36921,RIU DE VALLDARQUES,36935,SIN NOMBRE
36923,SIN NOMBRE,36923,SIN NOMBRE
36924,SIN NOMBRE,36924,SIN NOMBRE
36926,SIN NOMBRE,36926,SIN NOMBRE
36926,SIN NOMBRE,36927,SIN NOMBRE
36926,SIN NOMBRE,36929,SIN NOMBRE
36927,SIN NOMBRE,36927,SIN NOMBRE
36927,SIN NOMBRE,36928,SIN NOMBRE
36928,SIN NOMBRE,36928,SIN NOMBRE
36929,SIN NOMBRE,36929,SIN NOMBRE
36930,SIN NOMBRE,36930,SIN NOMBRE
36931,RIU DE SANTA MARIA,36932,SIN NOMBRE
36932,SIN NOMBRE,36932,SIN NOMBRE
36935,SIN NOMBRE,36935,SIN NOMBRE
36936,SIN NOMBRE,36936,SIN NOMBRE
36941,BARRANC DE LES COSTES,36942,SIN NOMBRE
36942,SIN NOMBRE,36942,SIN NOMBRE
36943,SIN NOMBRE,36943,SIN NOMBRE
36945,RIU DE PERLES,36946,SIN NOMBRE
36946,SIN NOMBRE,36946,SIN NOMBRE
36947,RIU DE CANELLES,36948,SIN NOMBRE
36947,RIU DE CANELLES,36949,SIN NOMBRE
36948,SIN NOMBRE,36948,SIN NOMBRE
36949,SIN NOMBRE,36949,SIN NOMBRE
36953,TORRENT DE L'ESCURA,36954,SIN NOMBRE
36954,SIN NOMBRE,36954,SIN NOMBRE
36958,RIU D'ALINYA,36959,SIN NOMBRE
36959,SIN NOMBRE,36959,SIN NOMBRE
36961,BARRANC DE L'ALZINA,36962,SIN NOMBRE
36962,SIN NOMBRE,36962,SIN NOMBRE
36965,RASA D'URDIET,36966,SIN NOMBRE
36966,SIN NOMBRE,36966,SIN NOMBRE
36966,SIN NOMBRE,36967,SIN NOMBRE
36967,SIN NOMBRE,36967,SIN NOMBRE
36969,RASA DE L'ESCURA,36970,SIN NOMBRE
36969,RASA DE L'ESCURA,36971,SIN NOMBRE
36970,SIN NOMBRE,36970,SIN NOMBRE
36971,SIN NOMBRE,36971,SIN NOMBRE
36972,SIN NOMBRE,36972,SIN NOMBRE
36973,RIUET DE FONTANET,36975,SIN NOMBRE
36973,RIUET DE FONTANET,36976,SIN NOMBRE
36975,SIN NOMBRE,36975,SIN NOMBRE
36976,SIN NOMBRE,36976,SIN NOMBRE
36978,TORRENT DE LES TINES,36979,SIN NOMBRE
36979,SIN NOMBRE,36979,SIN NOMBRE
36983,RIU DE CABO,36985,SIN NOMBRE
36983,RIU DE CABO,36987,SIN NOMBRE
36983,RIU DE CABO,36988,SIN NOMBRE
36983,RIU DE CABO,36989,SIN NOMBRE
36983,RIU DE CABO,36991,SIN NOMBRE
36983,RIU DE CABO,36992,SIN NOMBRE
36983,RIU DE CABO,36994,SIN NOMBRE
36983,RIU DE CABO,36995,SIN NOMBRE
36985,SIN NOMBRE,36985,SIN NOMBRE
36985,SIN NOMBRE,36986,SIN NOMBRE
36986,SIN NOMBRE,36986,SIN NOMBRE
36987,SIN NOMBRE,36987,SIN NOMBRE
36988,SIN NOMBRE,36988,SIN NOMBRE
36989,SIN NOMBRE,36989,SIN NOMBRE
36991,SIN NOMBRE,36991,SIN NOMBRE
36992,SIN NOMBRE,36992,SIN NOMBRE
36994,SIN NOMBRE,36994,SIN NOMBRE
36995,SIN NOMBRE,36995,SIN NOMBRE
36996,LLAU DEL REGUER,36995,SIN NOMBRE
36997,RIU DEL CAP DE LA VALL,36995,SIN NOMBRE
36997,RIU DEL CAP DE LA VALL,36999,SIN NOMBRE
36997,RIU DEL CAP DE LA VALL,37009,SIN NOMBRE
36997,RIU DEL CAP DE LA VALL,37013,SIN NOMBRE
36997,RIU DEL CAP DE LA VALL,37018,SIN NOMBRE
36999,SIN NOMBRE,36999,SIN NOMBRE
37000,BARRANC D'INGLADA,37001,SIN NOMBRE
37000,BARRANC D'INGLADA,37003,SIN NOMBRE
37000,BARRANC D'INGLADA,37004,SIN NOMBRE
37000,BARRANC D'INGLADA,37005,SIN NOMBRE
37000,BARRANC D'INGLADA,37006,SIN NOMBRE
37000,BARRANC D'INGLADA,37007,SIN NOMBRE
37000,BARRANC D'INGLADA,37008,SIN NOMBRE
37001,SIN NOMBRE,37001,SIN NOMBRE
37003,SIN NOMBRE,37003,SIN NOMBRE
37004,SIN NOMBRE,37004,SIN NOMBRE
37005,SIN NOMBRE,37005,SIN NOMBRE
37006,SIN NOMBRE,37006,SIN NOMBRE
37007,SIN NOMBRE,37007,SIN NOMBRE
37008,SIN NOMBRE,37008,SIN NOMBRE
37009,SIN NOMBRE,37009,SIN NOMBRE
37010,LLAU DE LA MORA,37011,SIN NOMBRE
37011,SIN NOMBRE,37011,SIN NOMBRE
37013,SIN NOMBRE,37013,SIN NOMBRE
37016,BARRANC DEL FONDO,37017,SIN NOMBRE
37017,SIN NOMBRE,37017,SIN NOMBRE
37018,SIN NOMBRE,37018,SIN NOMBRE
37019,SIN NOMBRE,37019,SIN NOMBRE
37020,RIU DE LAVANSA,37023,SIN NOMBRE
37020,RIU DE LAVANSA,37026,SIN NOMBRE
37020,RIU DE LAVANSA,37032,SIN NOMBRE
37020,RIU DE LAVANSA,37035,SIN NOMBRE
37020,RIU DE LAVANSA,37037,SIN NOMBRE
37020,RIU DE LAVANSA,37038,SIN NOMBRE
37020,RIU DE LAVANSA,37053,SIN NOMBRE
37020,RIU DE LAVANSA,37062,SIN NOMBRE
37020,RIU DE LAVANSA,37071,SIN NOMBRE
37020,RIU DE LAVANSA,37072,SIN NOMBRE
37020,RIU DE LAVANSA,37077,SIN NOMBRE
37021,TORRENT DEL RUIXOL,37022,SIN NOMBRE
37022,SIN NOMBRE,37022,SIN NOMBRE
37023,SIN NOMBRE,37023,SIN NOMBRE
37024,TORRENT DE LA FONT DE PUJOL,37025,SIN NOMBRE
37025,SIN NOMBRE,37025,SIN NOMBRE
37026,SIN NOMBRE,37026,SIN NOMBRE
37028,BARRANC DE BOCAGELERA,37031,SIN NOMBRE
37031,SIN NOMBRE,37031,SIN NOMBRE
37032,SIN NOMBRE,37032,SIN NOMBRE
37035,SIN NOMBRE,37035,SIN NOMBRE
37037,SIN NOMBRE,37037,SIN NOMBRE
37038,SIN NOMBRE,37038,SIN NOMBRE
37044,TORRENT DE ROBADELL,37045,SIN NOMBRE
37045,SIN NOMBRE,37045,SIN NOMBRE
37048,TORRENT D'OSSERA,37051,SIN NOMBRE
37048,TORRENT D'OSSERA,37052,SIN NOMBRE
37051,SIN NOMBRE,37051,SIN NOMBRE
37052,SIN NOMBRE,37052,SIN NOMBRE
37053,SIN NOMBRE,37053,SIN NOMBRE
37054,RIU FRED,37055,SIN NOMBRE
37054,RIU FRED,37056,SIN NOMBRE
37054,RIU FRED,37057,SIN NOMBRE
37055,SIN NOMBRE,37055,SIN NOMBRE
37056,SIN NOMBRE,37056,SIN NOMBRE
37057,SIN NOMBRE,37057,SIN NOMBRE
37058,BARRANC DE LA FONT DEL DIUMENGE,37060,SIN NOMBRE
37060,SIN NOMBRE,37060,SIN NOMBRE
37062,SIN NOMBRE,37062,SIN NOMBRE
37063,TORRENT DE SAVEJA,37064,SIN NOMBRE
37063,TORRENT DE SAVEJA,37065,SIN NOMBRE
37063,TORRENT DE SAVEJA,37066,SIN NOMBRE
37063,TORRENT DE SAVEJA,37067,SIN NOMBRE
37064,SIN NOMBRE,37064,SIN NOMBRE
37065,SIN NOMBRE,37065,SIN NOMBRE
37066,SIN NOMBRE,37066,SIN NOMBRE
37067,SIN NOMBRE,37067,SIN NOMBRE
37068,TORRENT DEL GUIX,37069,SIN NOMBRE
37069,SIN NOMBRE,37069,SIN NOMBRE
37071,SIN NOMBRE,37071,SIN NOMBRE
37072,SIN NOMBRE,37072,SIN NOMBRE
37075,TORRENT DE L'OBEC,37076,SIN NOMBRE
37076,SIN NOMBRE,37076,SIN NOMBRE
37077,SIN NOMBRE,37077,SIN NOMBRE
37078,RIU DE MDA,37083,SIN NOMBRE
37078,RIU DE MDA,37086,SIN NOMBRE
37078,RIU DE MDA,37088,SIN NOMBRE
37078,RIU DE MDA,37089,SIN NOMBRE
37078,RIU DE MDA,37090,SIN NOMBRE
37079,TORRENT DEL COLL DE PORT,37080,SIN NOMBRE
37080,SIN NOMBRE,37080,SIN NOMBRE
37083,SIN NOMBRE,37083,SIN NOMBRE
37084,TORRENT DE LA TEULERIA,37085,SIN NOMBRE
37085,SIN NOMBRE,37085,SIN NOMBRE
37086,SIN NOMBRE,37086,SIN NOMBRE
37088,SIN NOMBRE,37088,SIN NOMBRE
37089,SIN NOMBRE,37089,SIN NOMBRE
37090,SIN NOMBRE,37090,SIN NOMBRE
37091,RIU DE JOSA,37096,SIN NOMBRE
37091,RIU DE JOSA,37097,SIN NOMBRE
37091,RIU DE JOSA,37099,SIN NOMBRE
37091,RIU DE JOSA,37100,SIN NOMBRE
37091,RIU DE JOSA,37101,SIN NOMBRE
37096,SIN NOMBRE,37096,SIN NOMBRE
37097,SIN NOMBRE,37097,SIN NOMBRE
37099,SIN NOMBRE,37099,SIN NOMBRE
37100,SIN NOMBRE,37100,SIN NOMBRE
37101,SIN NOMBRE,37101,SIN NOMBRE
37102,RIU DE CERNERES,37106,SIN NOMBRE
37106,SIN NOMBRE,37106,SIN NOMBRE
37109,TORRENT DE JOVELL,37110,SIN NOMBRE
37109,TORRENT DE JOVELL,37111,SIN NOMBRE
37110,SIN NOMBRE,37110,SIN NOMBRE
37111,SIN NOMBRE,37111,SIN NOMBRE
37112,BARRANC DE FONTANELLA,37113,SIN NOMBRE
37112,BARRANC DE FONTANELLA,37114,SIN NOMBRE
37113,SIN NOMBRE,37113,SIN NOMBRE
37114,SIN NOMBRE,37114,SIN NOMBRE
37116,TORRENT DE MANYARONS,37119,SIN NOMBRE
37119,SIN NOMBRE,37119,SIN NOMBRE
37120,RIU DE TOST,37125,SIN NOMBRE
37120,RIU DE TOST,37127,SIN NOMBRE
37120,RIU DE TOST,37129,SIN NOMBRE
37125,SIN NOMBRE,37125,SIN NOMBRE
37127,SIN NOMBRE,37127,SIN NOMBRE
37129,SIN NOMBRE,37129,SIN NOMBRE
37129,SIN NOMBRE,37134,SIN NOMBRE
37130,TORRENT DE FONTELLES,37133,SIN NOMBRE
37131,TORRENT DEL SOLA,37132,SIN NOMBRE
37132,SIN NOMBRE,37132,SIN NOMBRE
37133,SIN NOMBRE,37133,SIN NOMBRE
37134,SIN NOMBRE,37134,SIN NOMBRE
37135,RIU ROIG DE SAUVANYA,37129,SIN NOMBRE
37135,RIU ROIG DE SAUVANYA,37136,SIN NOMBRE
37135,RIU ROIG DE SAUVANYA,37140,SIN NOMBRE
37135,RIU ROIG DE SAUVANYA,37141,SIN NOMBRE
37136,SIN NOMBRE,37136,SIN NOMBRE
37140,SIN NOMBRE,37140,SIN NOMBRE
37141,SIN NOMBRE,37141,SIN NOMBRE
37142,RIU DE LA GUARDIA,37199,SIN NOMBRE
37142,RIU DE LA GUARDIA,37200,SIN NOMBRE
37142,RIU DE LA GUARDIA,37201,SIN NOMBRE
37142,RIU DE LA GUARDIA,37202,SIN NOMBRE
37142,RIU DE LA GUARDIA,37209,SIN NOMBRE
37143,RIU DE PALLEROLS,37144,SIN NOMBRE
37143,RIU DE PALLEROLS,37145,SIN NOMBRE
37143,RIU DE PALLEROLS,37151,SIN NOMBRE
37143,RIU DE PALLEROLS,37154,SIN NOMBRE
37143,RIU DE PALLEROLS,37155,SIN NOMBRE
37144,SIN NOMBRE,37144,SIN NOMBRE
37145,SIN NOMBRE,37145,SIN NOMBRE
37145,SIN NOMBRE,37146,SIN NOMBRE
37146,SIN NOMBRE,37146,SIN NOMBRE
37147,LLAU DEL POUADOR,37148,SIN NOMBRE
37148,SIN NOMBRE,37148,SIN NOMBRE
37148,SIN NOMBRE,37149,SIN NOMBRE
37148,SIN NOMBRE,37150,SIN NOMBRE
37149,SIN NOMBRE,37149,SIN NOMBRE
37150,SIN NOMBRE,37150,SIN NOMBRE
37151,SIN NOMBRE,37151,SIN NOMBRE
37154,SIN NOMBRE,37154,SIN NOMBRE
37155,SIN NOMBRE,37155,SIN NOMBRE
37160,BARRANC DE L'AVEDOSA,37161,SIN NOMBRE
37161,SIN NOMBRE,37161,SIN NOMBRE
37166,RIU DE CASTELLAS,37167,SIN NOMBRE
37166,RIU DE CASTELLAS,37170,SIN NOMBRE
37166,RIU DE CASTELLAS,37171,SIN NOMBRE
37166,RIU DE CASTELLAS,37183,SIN NOMBRE
37166,RIU DE CASTELLAS,37184,SIN NOMBRE
37167,SIN NOMBRE,37167,SIN NOMBRE
37167,SIN NOMBRE,37168,SIN NOMBRE
37167,SIN NOMBRE,37169,SIN NOMBRE
37168,SIN NOMBRE,37168,SIN NOMBRE
37169,SIN NOMBRE,37169,SIN NOMBRE
37170,SIN NOMBRE,37170,SIN NOMBRE
37171,SIN NOMBRE,37171,SIN NOMBRE
37172,RIU DE GUILS,37180,SIN NOMBRE
37180,SIN NOMBRE,37180,SIN NOMBRE
37183,SIN NOMBRE,37183,SIN NOMBRE
37184,SIN NOMBRE,37184,SIN NOMBRE
37194,LLAU DE MESSONS,37195,SIN NOMBRE
37194,LLAU DE MESSONS,37196,SIN NOMBRE
37195,SIN NOMBRE,37195,SIN NOMBRE
37196,SIN NOMBRE,37196,SIN NOMBRE
37199,SIN NOMBRE,37199,SIN NOMBRE
37200,SIN NOMBRE,37200,SIN NOMBRE
37201,SIN NOMBRE,37201,SIN NOMBRE
37202,SIN NOMBRE,37202,SIN NOMBRE
37202,SIN NOMBRE,37203,SIN NOMBRE
37203,SIN NOMBRE,37203,SIN NOMBRE
37205,BARRANC DEL LLOP,37206,SIN NOMBRE
37206,SIN NOMBRE,37206,SIN NOMBRE
37207,LLAU DE LES OSSES,37208,SIN NOMBRE
37208,SIN NOMBRE,37208,SIN NOMBRE
37209,SIN NOMBRE,37209,SIN NOMBRE
37211,BARRANC DE LES CANALS,37212,SIN NOMBRE
37212,SIN NOMBRE,37212,SIN NOMBRE
37216,SIN NOMBRE,37216,SIN NOMBRE
37217,BARRANC DE CULINOVES,37218,SIN NOMBRE
37218,SIN NOMBRE,37218,SIN NOMBRE
37219,SIN NOMBRE,37219,SIN NOMBRE
37222,BARRANC DE FOLGUERES,37223,SIN NOMBRE
37223,SIN NOMBRE,37223,SIN NOMBRE
37224,RIU DEL PLA,37225,SIN NOMBRE
37225,SIN NOMBRE,37225,SIN NOMBRE
37226,RIU D'ARAVELL,37265,SIN NOMBRE
37232,BARRANC DE CERCEDOL,37234,SIN NOMBRE
37234,SIN NOMBRE,37234,SIN NOMBRE
37237,LLAU FONDA,37238,SIN NOMBRE
37238,SIN NOMBRE,37238,SIN NOMBRE
37243,TORRENT D'EN MI,37244,SIN NOMBRE
37244,SIN NOMBRE,37244,SIN NOMBRE
37245,BARRANC DE CABRERA,37246,SIN NOMBRE
37246,SIN NOMBRE,37246,SIN NOMBRE
37265,SIN NOMBRE,37265,SIN NOMBRE
37266,BARRANC DELS MOLINS,37269,SIN NOMBRE
37266,BARRANC DELS MOLINS,37271,SIN NOMBRE
37269,SIN NOMBRE,37269,SIN NOMBRE
37271,SIN NOMBRE,37271,SIN NOMBRE
37280,RIU VALIRA,37291,SIN NOMBRE
37284,BARRANC D'ANSERALL,37285,SIN NOMBRE
37285,SIN NOMBRE,37285,SIN NOMBRE
37289,TORRENT DE L'ORRI,37290,SIN NOMBRE
37290,SIN NOMBRE,37290,SIN NOMBRE
37291,SIN NOMBRE,37291,SIN NOMBRE
37292,RIU DE CIVIS,37293,SIN NOMBRE
37293,SIN NOMBRE,37293,SIN NOMBRE
37308,TORRENT DE LES CORXESSANES,37309,SIN NOMBRE
37309,SIN NOMBRE,37309,SIN NOMBRE
37314,BARRANC DEL COLL DE LAQUELL,37315,SIN NOMBRE
37315,SIN NOMBRE,37315,SIN NOMBRE
37317,RIU DE SALORIA,37318,SIN NOMBRE
37317,RIU DE SALORIA,37319,SIN NOMBRE
37318,SIN NOMBRE,37318,SIN NOMBRE
37319,SIN NOMBRE,37319,SIN NOMBRE
37320,RIU DE SETURIA,37323,SIN NOMBRE
37320,RIU DE SETURIA,37324,SIN NOMBRE
37321,LA TORRENTERA,37322,SIN NOMBRE
37322,SIN NOMBRE,37322,SIN NOMBRE
37323,SIN NOMBRE,37323,SIN NOMBRE
37324,SIN NOMBRE,37324,SIN NOMBRE
37326,TORRENT DE CASANOVES,37327,SIN NOMBRE
37326,TORRENT DE CASANOVES,37328,SIN NOMBRE
37326,TORRENT DE CASANOVES,37330,SIN NOMBRE
37326,TORRENT DE CASANOVES,37331,SIN NOMBRE
37327,SIN NOMBRE,37327,SIN NOMBRE
37328,SIN NOMBRE,37328,SIN NOMBRE
37330,SIN NOMBRE,37330,SIN NOMBRE
37331,SIN NOMBRE,37331,SIN NOMBRE
37334,BARRANC DELS REGUERS,37335,SIN NOMBRE
37335,SIN NOMBRE,37335,SIN NOMBRE
37336,TORRENT DEL BUFOT,37337,SIN NOMBRE
37337,SIN NOMBRE,37337,SIN NOMBRE
37339,RIU DE CERC,37340,SIN NOMBRE
37340,SIN NOMBRE,37340,SIN NOMBRE
37344,BARRANC DE LA FOU,37345,SIN NOMBRE
37345,SIN NOMBRE,37345,SIN NOMBRE
37364,TORRENT DE CERVELLA,37365,SIN NOMBRE
37365,SIN NOMBRE,37365,SIN NOMBRE
37367,TORRENT GRANT,37368,SIN NOMBRE
37368,SIN NOMBRE,37368,SIN NOMBRE
37373,SIN NOMBRE,37373,SIN NOMBRE
37377,TORRENT GRAN,37378,SIN NOMBRE
37377,TORRENT GRAN,37383,SIN NOMBRE
37378,SIN NOMBRE,37378,SIN NOMBRE
37380,TORRENT DE LA MOLINA,37381,SIN NOMBRE
37380,TORRENT DE LA MOLINA,37382,SIN NOMBRE
37381,SIN NOMBRE,37381,SIN NOMBRE
37382,SIN NOMBRE,37382,SIN NOMBRE
37383,SIN NOMBRE,37383,SIN NOMBRE
37386,SIN NOMBRE,37386,SIN NOMBRE
37390,RIU DE CADI,37391,SIN NOMBRE
37390,RIU DE CADI,37396,SIN NOMBRE
37391,SIN NOMBRE,37391,SIN NOMBRE
37393,BARRANC DE LA CANAL DEL MIGDIA,37394,SIN NOMBRE
37394,SIN NOMBRE,37394,SIN NOMBRE
37396,SIN NOMBRE,37396,SIN NOMBRE
37397,BARRANC DE LA CANAL DE L'AIGUA,37399,SIN NOMBRE
37399,SIN NOMBRE,37399,SIN NOMBRE
37418,TORRENT DE SANT JOAN,37419,SIN NOMBRE
37419,SIN NOMBRE,37419,SIN NOMBRE
37421,RIU DE QUER,37422,SIN NOMBRE
37421,RIU DE QUER,37423,SIN NOMBRE
37421,RIU DE QUER,37425,SIN NOMBRE
37421,RIU DE QUER,37426,SIN NOMBRE
37422,SIN NOMBRE,37422,SIN NOMBRE
37423,SIN NOMBRE,37423,SIN NOMBRE
37425,SIN NOMBRE,37425,SIN NOMBRE
37426,SIN NOMBRE,37426,SIN NOMBRE
37429,RIU D'ARANSER,37430,SIN NOMBRE
37429,RIU D'ARANSER,37436,SIN NOMBRE
37430,SIN NOMBRE,37430,SIN NOMBRE
37431,RIU DE LA VERNEDA,37433,SIN NOMBRE
37431,RIU DE LA VERNEDA,37434,SIN NOMBRE
37433,SIN NOMBRE,37433,SIN NOMBRE
37434,SIN NOMBRE,37434,SIN NOMBRE
37436,SIN NOMBRE,37436,SIN NOMBRE
37437,RIU DEL MOLI,37441,SIN NOMBRE
37437,RIU DEL MOLI,37443,SIN NOMBRE
37437,RIU DEL MOLI,37444,SIN NOMBRE
37438,TORRENT DE SETUT,37439,SIN NOMBRE
37438,TORRENT DE SETUT,37440,SIN NOMBRE
37439,SIN NOMBRE,37439,SIN NOMBRE
37440,SIN NOMBRE,37440,SIN NOMBRE
37441,SIN NOMBRE,37441,SIN NOMBRE
37441,SIN NOMBRE,37442,SIN NOMBRE
37442,SIN NOMBRE,37442,SIN NOMBRE
37443,SIN NOMBRE,37443,SIN NOMBRE
37444,SIN NOMBRE,37444,SIN NOMBRE
37446,TORRENT DE L'ORRI,37447,SIN NOMBRE
37447,SIN NOMBRE,37447,SIN NOMBRE
37448,SIN NOMBRE,37448,SIN NOMBRE
37449,RIU DE BASTANIST,37457,SIN NOMBRE
37450,TORRENT D'ESTANA,37451,SIN NOMBRE
37451,SIN NOMBRE,37451,SIN NOMBRE
37453,TORRENT DE LES BORDES,37454,SIN NOMBRE
37453,TORRENT DE LES BORDES,37456,SIN NOMBRE
37454,SIN NOMBRE,37454,SIN NOMBRE
37454,SIN NOMBRE,37455,SIN NOMBRE
37455,SIN NOMBRE,37455,SIN NOMBRE
37456,SIN NOMBRE,37456,SIN NOMBRE
37457,SIN NOMBRE,37457,SIN NOMBRE
37458,TORRENT DE L'AVELLANOSA,37460,SIN NOMBRE
37460,SIN NOMBRE,37460,SIN NOMBRE
37461,TORRENT DE L'ESTENEDOR,37462,SIN NOMBRE
37462,SIN NOMBRE,37462,SIN NOMBRE
37464,RIU DE LA LLOSA,37465,SIN NOMBRE
37465,SIN NOMBRE,37465,SIN NOMBRE
37467,TORRENT DE COBORRIU,37468,SIN NOMBRE
37468,SIN NOMBRE,37468,SIN NOMBRE
37469,TORRENT DE LA FONT DEL FERRO,37470,SIN NOMBRE
37470,SIN NOMBRE,37470,SIN NOMBRE
37478,RIU DE LA MUGA,37479,SIN NOMBRE
37479,SIN NOMBRE,37479,SIN NOMBRE
37480,RIU DE VALLCIVERA,37482,SIN NOMBRE
37480,RIU DE VALLCIVERA,37483,SIN NOMBRE
37482,SIN NOMBRE,37482,SIN NOMBRE
37483,SIN NOMBRE,37483,SIN NOMBRE
37485,TORRENT DE FONTFREDA,37486,SIN NOMBRE
37486,SIN NOMBRE,37486,SIN NOMBRE
37487,TORRENT DE RIDOLAINA,37489,SIN NOMBRE
37489,SIN NOMBRE,37489,SIN NOMBRE
37490,TORRENT DE LES ERES,37491,SIN NOMBRE
37491,SIN NOMBRE,37491,SIN NOMBRE
37492,BARRANC DE LES TOSSELLETES,37493,SIN NOMBRE
37493,SIN NOMBRE,37493,SIN NOMBRE
37495,SIN NOMBRE,37495,SIN NOMBRE
37500,TORRENT DE CARCADES,37501,SIN NOMBRE
37501,SIN NOMBRE,37501,SIN NOMBRE
37508,TORRENT D'ULLDEBOU,37509,SIN NOMBRE
37509,SIN NOMBRE,37509,SIN NOMBRE
37513,TORRENT DE LA MENA,37517,SIN NOMBRE
37517,SIN NOMBRE,37517,SIN NOMBRE
37521,TORRENT DE LA QUERA,37522,SIN NOMBRE
37522,SIN NOMBRE,37522,SIN NOMBRE
37523,TORRENT DE LA FOU DE BOR,37524,SIN NOMBRE
37524,SIN NOMBRE,37524,SIN NOMBRE
37526,TORRENT DE LA FOU,37528,SIN NOMBRE
37528,SIN NOMBRE,37528,SIN NOMBRE
37538,RIU DURAN,37561,SIN NOMBRE
37538,RIU DURAN,37562,SIN NOMBRE
37538,RIU DURAN,37563,SIN NOMBRE
37549,TORRENT DE COMAESTRETA,37550,SIN NOMBRE
37550,SIN NOMBRE,37550,SIN NOMBRE
37555,TORRENT BO,37557,SIN NOMBRE
37555,TORRENT BO,37558,SIN NOMBRE
37557,SIN NOMBRE,37557,SIN NOMBRE
37558,SIN NOMBRE,37558,SIN NOMBRE
37559,REC DE TORER,37560,SIN NOMBRE
37560,SIN NOMBRE,37560,SIN NOMBRE
37561,SIN NOMBRE,37561,SIN NOMBRE
37562,SIN NOMBRE,37562,SIN NOMBRE
37563,SIN NOMBRE,37563,SIN NOMBRE
37566,TORRENT DELS BOUS,37567,SIN NOMBRE
37567,SIN NOMBRE,37567,SIN NOMBRE
37568,TORRENT DE RIELL,37567,SIN NOMBRE
37569,TORRENT GROS,37570,SIN NOMBRE
37570,SIN NOMBRE,37570,SIN NOMBRE
37571,TORRENT GROS O DE LA SOSA,37570,SIN NOMBRE
37575,TORRENT DE LA VALIRA,37576,SIN NOMBRE
37576,SIN NOMBRE,37576,SIN NOMBRE
37595,RIU D'ALP,37601,SIN NOMBRE
37601,SIN NOMBRE,37601,SIN NOMBRE
37609,TORRENT DE SALTEGUET,37610,SIN NOMBRE
37609,TORRENT DE SALTEGUET,37611,SIN NOMBRE
37610,SIN NOMBRE,37610,SIN NOMBRE
37611,SIN NOMBRE,37611,SIN NOMBRE
37616,TORRENT DE LES PLETASSES,37617,SIN NOMBRE
37617,SIN NOMBRE,37617,SIN NOMBRE
37621,REC DEL GESPETAR,37622,SIN NOMBRE
37621,REC DEL GESPETAR,37623,SIN NOMBRE
37622,SIN NOMBRE,37622,SIN NOMBRE
37623,SIN NOMBRE,37623,SIN NOMBRE
37625,TORRENT DEL MAS,37626,SIN NOMBRE
37626,SIN NOMBRE,37626,SIN NOMBRE
55925,SIN NOMBRE,55925,SIN NOMBRE
55926,BARRANC DE SANT PERE,55932,SIN NOMBRE
55929,BARRANC D'ARDIT,55930,SIN NOMBRE
55930,SIN NOMBRE,55930,SIN NOMBRE
55932,SIN NOMBRE,55932,SIN NOMBRE
55934,BARRANC DE CERVERA,55936,SIN NOMBRE
55936,SIN NOMBRE,55936,SIN NOMBRE
55937,BARRANC DEL PONT TRENCAT O BARRANC DELS GARIDELLS O BARRANC DE BACONER,55939,SIN NOMBRE
55937,BARRANC DEL PONT TRENCAT O BARRANC DELS GARIDELLS O BARRANC DE BACONER,55942,SIN NOMBRE
55937,BARRANC DEL PONT TRENCAT O BARRANC DELS GARIDELLS O BARRANC DE BACONER,55944,SIN NOMBRE
55939,SIN NOMBRE,55939,SIN NOMBRE
55940,BARRANC DE COMARTI,55941,SIN NOMBRE
55941,SIN NOMBRE,55941,SIN NOMBRE
55942,SIN NOMBRE,55942,SIN NOMBRE
55944,SIN NOMBRE,55944,SIN NOMBRE
55947,BARRANC DE L'ALIGA,55948,SIN NOMBRE
55948,SIN NOMBRE,55948,SIN NOMBRE
55949,SIN NOMBRE,55949,SIN NOMBRE
55952,BARRANC DE LES GUARDIES,55954,SIN NOMBRE
55954,SIN NOMBRE,55954,SIN NOMBRE
55955,BARRANC DEL SAFRANAR O BARRANC DEL BOC,55960,SIN NOMBRE
55956,BARRANC DE LES MALLADETES,55957,SIN NOMBRE
55957,SIN NOMBRE,55957,SIN NOMBRE
55958,BARRANC DELS BERTOLINS,55959,SIN NOMBRE
55959,SIN NOMBRE,55959,SIN NOMBRE
55960,SIN NOMBRE,55960,SIN NOMBRE
55971,BARRANC DE L'ESTANY,55972,SIN NOMBRE
55971,BARRANC DE L'ESTANY,55982,SIN NOMBRE
55971,BARRANC DE L'ESTANY,55983,SIN NOMBRE
55972,SIN NOMBRE,55972,SIN NOMBRE
55973,BARRANC DEL BON MOSSO,55974,SIN NOMBRE
55973,BARRANC DEL BON MOSSO,55978,SIN NOMBRE
55973,BARRANC DEL BON MOSSO,55979,SIN NOMBRE
55974,SIN NOMBRE,55974,SIN NOMBRE
55974,SIN NOMBRE,55975,SIN NOMBRE
55974,SIN NOMBRE,55976,SIN NOMBRE
55975,SIN NOMBRE,55975,SIN NOMBRE
55976,SIN NOMBRE,55976,SIN NOMBRE
55978,SIN NOMBRE,55978,SIN NOMBRE
55979,SIN NOMBRE,55979,SIN NOMBRE
55982,SIN NOMBRE,55982,SIN NOMBRE
55983,SIN NOMBRE,55983,SIN NOMBRE
55984,BARRANC DE LLOSANQUES,55985,SIN NOMBRE
55985,SIN NOMBRE,55985,SIN NOMBRE
55989,BARRANC DE LA FONT DE LA TOA,55990,SIN NOMBRE
55989,BARRANC DE LA FONT DE LA TOA,55993,SIN NOMBRE
55990,SIN NOMBRE,55990,SIN NOMBRE
55991,BARRANC DEL PANERER,55992,SIN NOMBRE
55992,SIN NOMBRE,55992,SIN NOMBRE
55993,SIN NOMBRE,55993,SIN NOMBRE
55997,BARRANC DE JOVARA,56006,SIN NOMBRE
55997,BARRANC DE JOVARA,56008,SIN NOMBRE
55997,BARRANC DE JOVARA,56009,SIN NOMBRE
55997,BARRANC DE JOVARA,56010,SIN NOMBRE
55997,BARRANC DE JOVARA,56012,SIN NOMBRE
56001,BARRANC DE LA DEVESA,56002,SIN NOMBRE
56001,BARRANC DE LA DEVESA,56003,SIN NOMBRE
56002,SIN NOMBRE,56002,SIN NOMBRE
56003,SIN NOMBRE,56003,SIN NOMBRE
56006,SIN NOMBRE,56006,SIN NOMBRE
56008,SIN NOMBRE,56008,SIN NOMBRE
56009,SIN NOMBRE,56009,SIN NOMBRE
56010,SIN NOMBRE,56010,SIN NOMBRE
56012,SIN NOMBRE,56012,SIN NOMBRE
56017,SIN NOMBRE,56017,SIN NOMBRE
56018,BARRANC DE PIXAVAQUES,56019,SIN NOMBRE
56019,SIN NOMBRE,56019,SIN NOMBRE
56022,BARRANC ESCALDABECS,56023,SIN NOMBRE
56022,BARRANC ESCALDABECS,56032,SIN NOMBRE
56022,BARRANC ESCALDABECS,56033,SIN NOMBRE
56023,SIN NOMBRE,56023,SIN NOMBRE
56025,BARRANC DE LA PLANA D'EN LLORELL,56026,SIN NOMBRE
56025,BARRANC DE LA PLANA D'EN LLORELL,56027,SIN NOMBRE
56026,SIN NOMBRE,56026,SIN NOMBRE
56027,SIN NOMBRE,56027,SIN NOMBRE
56028,BARRANC D'ESCALDABEC,56029,SIN NOMBRE
56029,SIN NOMBRE,56029,SIN NOMBRE
56030,BARRANC DE LES GUINARDERES,56031,SIN NOMBRE
56031,SIN NOMBRE,56031,SIN NOMBRE
56032,SIN NOMBRE,56032,SIN NOMBRE
56033,SIN NOMBRE,56033,SIN NOMBRE
56035,BARRANC D'EN SENEN,56036,SIN NOMBRE
56036,SIN NOMBRE,56036,SIN NOMBRE
56037,BARRANC DE LES ABELLES,56042,SIN NOMBRE
56039,BARRANC DE LA MURTERA,56040,SIN NOMBRE
56040,SIN NOMBRE,56040,SIN NOMBRE
56042,SIN NOMBRE,56042,SIN NOMBRE
56045,BARRANC D'EN PERDIGO,56046,SIN NOMBRE
56045,BARRANC D'EN PERDIGO,56047,SIN NOMBRE
56046,SIN NOMBRE,56046,SIN NOMBRE
56046,SIN NOMBRE,56047,SIN NOMBRE
56047,SIN NOMBRE,56046,SIN NOMBRE
56047,SIN NOMBRE,56047,SIN NOMBRE
56050,BARRANC FONDO,56051,SIN NOMBRE
56051,SIN NOMBRE,56051,SIN NOMBRE
56054,BARRANC DE SANT JORDI,56055,SIN NOMBRE
56054,BARRANC DE SANT JORDI,56061,SIN NOMBRE
56054,BARRANC DE SANT JORDI,56062,SIN NOMBRE
56054,BARRANC DE SANT JORDI,56063,SIN NOMBRE
56054,BARRANC DE SANT JORDI,56064,SIN NOMBRE
56055,SIN NOMBRE,56055,SIN NOMBRE
56056,BARRANC DE TERÇA,56057,SIN NOMBRE
56056,BARRANC DE TERÇA,56058,SIN NOMBRE
56056,BARRANC DE TERÇA,56059,SIN NOMBRE
56056,BARRANC DE TERÇA,56060,SIN NOMBRE
56057,SIN NOMBRE,56057,SIN NOMBRE
56058,SIN NOMBRE,56058,SIN NOMBRE
56059,SIN NOMBRE,56059,SIN NOMBRE
56060,SIN NOMBRE,56060,SIN NOMBRE
56061,SIN NOMBRE,56061,SIN NOMBRE
56062,SIN NOMBRE,56062,SIN NOMBRE
56063,SIN NOMBRE,56063,SIN NOMBRE
56064,SIN NOMBRE,56064,SIN NOMBRE
56064,SIN NOMBRE,56065,SIN NOMBRE
56065,SIN NOMBRE,56065,SIN NOMBRE
56067,BARRANC DE CALAFATO,56068,SIN NOMBRE
56067,BARRANC DE CALAFATO,56069,SIN NOMBRE
56068,SIN NOMBRE,56068,SIN NOMBRE
56068,SIN NOMBRE,56069,SIN NOMBRE
56069,SIN NOMBRE,56068,SIN NOMBRE
56069,SIN NOMBRE,56069,SIN NOMBRE
56071,BARRANC DEL CAP DEL TERME,56072,SIN NOMBRE
56072,SIN NOMBRE,56072,SIN NOMBRE
56073,BARRANC DE LLERIOLA,56074,SIN NOMBRE
56073,BARRANC DE LLERIOLA,56075,SIN NOMBRE
56073,BARRANC DE LLERIOLA,56076,SIN NOMBRE
56073,BARRANC DE LLERIOLA,56078,SIN NOMBRE
56073,BARRANC DE LLERIOLA,56079,SIN NOMBRE
56074,SIN NOMBRE,56074,SIN NOMBRE
56075,SIN NOMBRE,56075,SIN NOMBRE
56076,SIN NOMBRE,56076,SIN NOMBRE
56076,SIN NOMBRE,56077,SIN NOMBRE
56077,SIN NOMBRE,56077,SIN NOMBRE
56078,SIN NOMBRE,56078,SIN NOMBRE
56079,SIN NOMBRE,56079,SIN NOMBRE
56081,BARRANC DE LLERIA,56082,SIN NOMBRE
56082,SIN NOMBRE,56082,SIN NOMBRE
56085,BARRANC DEL FORAT NEGRE,56086,SIN NOMBRE
56086,SIN NOMBRE,56086,SIN NOMBRE
56088,BARRANC DE L'AIGUALCOLL,56089,SIN NOMBRE
56089,SIN NOMBRE,56089,SIN NOMBRE
56090,BARRANC DE LA BASSETA,56091,SIN NOMBRE
56091,SIN NOMBRE,56091,SIN NOMBRE
56092,BARRANC DE LA PORRASSA,56093,SIN NOMBRE
56093,SIN NOMBRE,56093,SIN NOMBRE
56094,SIN NOMBRE,56094,SIN NOMBRE
56095,RIU LLASTRES,56112,SIN NOMBRE
56095,RIU LLASTRES,56113,SIN NOMBRE
56095,RIU LLASTRES,56114,SIN NOMBRE
56095,RIU LLASTRES,56116,SIN NOMBRE
56095,RIU LLASTRES,56117,SIN NOMBRE
56095,RIU LLASTRES,56118,SIN NOMBRE
56095,RIU LLASTRES,56119,SIN NOMBRE
56095,RIU LLASTRES,56126,SIN NOMBRE
56095,RIU LLASTRES,56128,SIN NOMBRE
56098,BARRANC DE LA DOVIA,56107,SIN NOMBRE
56098,BARRANC DE LA DOVIA,56108,SIN NOMBRE
56098,BARRANC DE LA DOVIA,56109,SIN NOMBRE
56098,BARRANC DE LA DOVIA,56110,SIN NOMBRE
56098,BARRANC DE LA DOVIA,56111,SIN NOMBRE
56100,BARRANC DE SANTA MARINA,56101,SIN NOMBRE
56100,BARRANC DE SANTA MARINA,56105,SIN NOMBRE
56101,SIN NOMBRE,56101,SIN NOMBRE
56102,BARRANC DE L'AGUILAR,56103,SIN NOMBRE
56102,BARRANC DE L'AGUILAR,56104,SIN NOMBRE
56103,SIN NOMBRE,56103,SIN NOMBRE
56104,SIN NOMBRE,56104,SIN NOMBRE
56105,SIN NOMBRE,56105,SIN NOMBRE
56107,SIN NOMBRE,56107,SIN NOMBRE
56108,SIN NOMBRE,56108,SIN NOMBRE
56109,SIN NOMBRE,56109,SIN NOMBRE
56110,SIN NOMBRE,56110,SIN NOMBRE
56111,SIN NOMBRE,56111,SIN NOMBRE
56112,SIN NOMBRE,56112,SIN NOMBRE
56113,SIN NOMBRE,56113,SIN NOMBRE
56114,SIN NOMBRE,56114,SIN NOMBRE
56116,SIN NOMBRE,56116,SIN NOMBRE
56117,SIN NOMBRE,56117,SIN NOMBRE
56118,SIN NOMBRE,56118,SIN NOMBRE
56119,SIN NOMBRE,56119,SIN NOMBRE
56120,BARRANC DE REMULLA,56121,SIN NOMBRE
56120,BARRANC DE REMULLA,56124,SIN NOMBRE
56121,SIN NOMBRE,56121,SIN NOMBRE
56122,BARRANC DEL PADRAL,56123,SIN NOMBRE
56123,SIN NOMBRE,56123,SIN NOMBRE
56124,SIN NOMBRE,56124,SIN NOMBRE
56126,SIN NOMBRE,56126,SIN NOMBRE
56128,SIN NOMBRE,56128,SIN NOMBRE
56129,RASA DELS RUCS GELAT,56130,SIN NOMBRE
56129,RASA DELS RUCS GELAT,56131,SIN NOMBRE
56129,RASA DELS RUCS GELAT,56133,SIN NOMBRE
56129,RASA DELS RUCS GELAT,56134,SIN NOMBRE
56130,SIN NOMBRE,56130,SIN NOMBRE
56131,SIN NOMBRE,56131,SIN NOMBRE
56133,SIN NOMBRE,56133,SIN NOMBRE
56134,SIN NOMBRE,56134,SIN NOMBRE
56135,RASA DEL COMU,56136,SIN NOMBRE
56136,SIN NOMBRE,56136,SIN NOMBRE
56137,BARRANC DE LA PALMA NEGRA,56138,SIN NOMBRE
56138,SIN NOMBRE,56138,SIN NOMBRE
56140,BARRANC DE LA PORQUEROLA,56141,SIN NOMBRE
56140,BARRANC DE LA PORQUEROLA,56142,SIN NOMBRE
56140,BARRANC DE LA PORQUEROLA,56145,SIN NOMBRE
56141,SIN NOMBRE,56141,SIN NOMBRE
56142,SIN NOMBRE,56142,SIN NOMBRE
56143,RASA DEL PANTANS,56144,SIN NOMBRE
56144,SIN NOMBRE,56144,SIN NOMBRE
56145,SIN NOMBRE,56145,SIN NOMBRE
56149,BARRANC DE RIFA,56150,SIN NOMBRE
56150,SIN NOMBRE,56150,SIN NOMBRE
56151,BARRANC DE LA BORDA,56152,SIN NOMBRE
56152,SIN NOMBRE,56152,SIN NOMBRE
56158,RIERA DE RIUDECANYES,56179,SIN NOMBRE
56158,RIERA DE RIUDECANYES,56181,SIN NOMBRE
56158,RIERA DE RIUDECANYES,56187,SIN NOMBRE
56159,BARRANC DE SEGURES,56160,SIN NOMBRE
56160,SIN NOMBRE,56160,SIN NOMBRE
56162,RIERA DE VILANOVA,56169,SIN NOMBRE
56162,RIERA DE VILANOVA,56170,SIN NOMBRE
56162,RIERA DE VILANOVA,56172,SIN NOMBRE
56162,RIERA DE VILANOVA,56173,SIN NOMBRE
56162,RIERA DE VILANOVA,56174,SIN NOMBRE
56162,RIERA DE VILANOVA,56175,SIN NOMBRE
56162,RIERA DE VILANOVA,56176,SIN NOMBRE
56169,SIN NOMBRE,56169,SIN NOMBRE
56170,SIN NOMBRE,56170,SIN NOMBRE
56172,SIN NOMBRE,56172,SIN NOMBRE
56173,SIN NOMBRE,56173,SIN NOMBRE
56174,SIN NOMBRE,56174,SIN NOMBRE
56175,SIN NOMBRE,56175,SIN NOMBRE
56176,SIN NOMBRE,56176,SIN NOMBRE
56177,BARRANC DEL GENDRE,56178,SIN NOMBRE
56178,SIN NOMBRE,56178,SIN NOMBRE
56179,SIN NOMBRE,56179,SIN NOMBRE
56181,SIN NOMBRE,56181,SIN NOMBRE
56182,BARRANC DE LA VALLESA,56183,SIN NOMBRE
56183,SIN NOMBRE,56183,SIN NOMBRE
56187,SIN NOMBRE,56187,SIN NOMBRE
56188,BARRANC REIAL,56187,SIN NOMBRE
56188,BARRANC REIAL,56191,SIN NOMBRE
56188,BARRANC REIAL,56198,SIN NOMBRE
56188,BARRANC REIAL,56199,SIN NOMBRE
56188,BARRANC REIAL,56202,SIN NOMBRE
56188,BARRANC REIAL,56203,SIN NOMBRE
56191,SIN NOMBRE,56191,SIN NOMBRE
56192,BARRANC DELS MASOS,56194,SIN NOMBRE
56194,SIN NOMBRE,56194,SIN NOMBRE
56195,BARRANC DE LA XURIVIA,56197,SIN NOMBRE
56197,SIN NOMBRE,56197,SIN NOMBRE
56198,SIN NOMBRE,56198,SIN NOMBRE
56199,SIN NOMBRE,56199,SIN NOMBRE
56200,BARRANC DE LA FONT DEL FERRO,56201,SIN NOMBRE
56201,SIN NOMBRE,56201,SIN NOMBRE
56202,SIN NOMBRE,56202,SIN NOMBRE
56203,SIN NOMBRE,56203,SIN NOMBRE
56206,SIN NOMBRE,56206,SIN NOMBRE
56209,BARRANC DE LES ESCLOTES,56210,SIN NOMBRE
56210,SIN NOMBRE,56210,SIN NOMBRE
56216,RIERA D'ALFORJA,56217,SIN NOMBRE
56216,RIERA D'ALFORJA,56227,SIN NOMBRE
56216,RIERA D'ALFORJA,56231,SIN NOMBRE
56216,RIERA D'ALFORJA,56232,SIN NOMBRE
56217,SIN NOMBRE,56217,SIN NOMBRE
56218,BARRANC DE LES IRLES O RIERA DE RIUDECOLS,56219,SIN NOMBRE
56219,SIN NOMBRE,56219,SIN NOMBRE
56221,BARRANC DEL MAS D'EN CABRER,56222,SIN NOMBRE
56221,BARRANC DEL MAS D'EN CABRER,56223,SIN NOMBRE
56222,SIN NOMBRE,56222,SIN NOMBRE
56223,SIN NOMBRE,56223,SIN NOMBRE
56227,SIN NOMBRE,56227,SIN NOMBRE
56231,SIN NOMBRE,56231,SIN NOMBRE
56232,SIN NOMBRE,56232,SIN NOMBRE
56236,RIERA DEL REGUERAL,56237,SIN NOMBRE
56237,SIN NOMBRE,56237,SIN NOMBRE
56239,BARRANC DEL PORTAL O RIERA DE SANTA EULALIA,56240,SIN NOMBRE
56240,SIN NOMBRE,56240,SIN NOMBRE
56241,RIERA DE MASPUJOLS,56242,SIN NOMBRE
56241,RIERA DE MASPUJOLS,56243,SIN NOMBRE
56242,SIN NOMBRE,56242,SIN NOMBRE
56243,SIN NOMBRE,56243,SIN NOMBRE
56247,RIU DE LA MUSSARA,56261,SIN NOMBRE
56248,RIERA DE LA VILA,56249,SIN NOMBRE
56249,SIN NOMBRE,56249,SIN NOMBRE
56249,SIN NOMBRE,56250,SIN NOMBRE
56250,SIN NOMBRE,56250,SIN NOMBRE
56251,RASA DE L'ESQUERRER,56252,SIN NOMBRE
56252,SIN NOMBRE,56252,SIN NOMBRE
56253,BARRANC DE MASCABRERS,56254,SIN NOMBRE
56253,BARRANC DE MASCABRERS,56256,SIN NOMBRE
56254,SIN NOMBRE,56254,SIN NOMBRE
56256,SIN NOMBRE,56256,SIN NOMBRE
56257,RIU DE LES TOSQUES,56260,SIN NOMBRE
56260,SIN NOMBRE,56260,SIN NOMBRE
56261,SIN NOMBRE,56261,SIN NOMBRE
56265,BARRANC DE L'ESPINOS,56266,SIN NOMBRE
56266,SIN NOMBRE,56266,SIN NOMBRE
56270,BARRANC DEL MAS DEL SOL,56271,SIN NOMBRE
56271,SIN NOMBRE,56271,SIN NOMBRE
56275,BARRANC DEL PI DEL BRUGAR,56276,SIN NOMBRE
56276,SIN NOMBRE,56276,SIN NOMBRE
56278,RIU FRANCOLI,56288,SIN NOMBRE
56278,RIU FRANCOLI,56289,SIN NOMBRE
56278,RIU FRANCOLI,56320,SIN NOMBRE
56278,RIU FRANCOLI,56409,SIN NOMBRE
56278,RIU FRANCOLI,56493,SIN NOMBRE
56278,RIU FRANCOLI,56494,SIN NOMBRE
56278,RIU FRANCOLI,56513,SIN NOMBRE
56278,RIU FRANCOLI,56534,SIN NOMBRE
56279,TORRENT DE SANT RAMON O BARRANC DE LA SELVA,56283,SIN NOMBRE
56283,SIN NOMBRE,56283,SIN NOMBRE
56288,SIN NOMBRE,56288,SIN NOMBRE
56289,SIN NOMBRE,56289,SIN NOMBRE
56290,RIERA DE LA SELVA,56294,SIN NOMBRE
56290,RIERA DE LA SELVA,56297,SIN NOMBRE
56290,RIERA DE LA SELVA,56298,SIN NOMBRE
56290,RIERA DE LA SELVA,56299,SIN NOMBRE
56291,TORRENT DE GEMEGO,56292,SIN NOMBRE
56291,TORRENT DE GEMEGO,56293,SIN NOMBRE
56292,SIN NOMBRE,56292,SIN NOMBRE
56292,SIN NOMBRE,56293,SIN NOMBRE
56293,SIN NOMBRE,56292,SIN NOMBRE
56293,SIN NOMBRE,56293,SIN NOMBRE
56294,SIN NOMBRE,56294,SIN NOMBRE
56295,TORRENT DE LES VOLTES,56296,SIN NOMBRE
56296,SIN NOMBRE,56296,SIN NOMBRE
56297,SIN NOMBRE,56297,SIN NOMBRE
56298,SIN NOMBRE,56298,SIN NOMBRE
56299,SIN NOMBRE,56299,SIN NOMBRE
56299,SIN NOMBRE,56300,SIN NOMBRE
56300,SIN NOMBRE,56300,SIN NOMBRE
56301,BARRANC DEL SALT,56302,SIN NOMBRE
56301,BARRANC DEL SALT,56305,SIN NOMBRE
56302,SIN NOMBRE,56302,SIN NOMBRE
56303,BARRANC DEL MAS DE GALOFRE,56304,SIN NOMBRE
56304,SIN NOMBRE,56304,SIN NOMBRE
56305,SIN NOMBRE,56305,SIN NOMBRE
56310,TORRENT D'EN FERRERO,56311,SIN NOMBRE
56311,SIN NOMBRE,56311,SIN NOMBRE
56318,BARRANC DE LES VIMETERES,56319,SIN NOMBRE
56319,SIN NOMBRE,56319,SIN NOMBRE
56320,SIN NOMBRE,56320,SIN NOMBRE
56323,RASA DE LA FONOLLOSA,56324,SIN NOMBRE
56324,SIN NOMBRE,56324,SIN NOMBRE
56325,RASA DEL MOLINER O DE LA GUINEU,56326,SIN NOMBRE
56325,RASA DEL MOLINER O DE LA GUINEU,56327,SIN NOMBRE
56326,SIN NOMBRE,56326,SIN NOMBRE
56327,SIN NOMBRE,56327,SIN NOMBRE
56328,BARRANC DEL COGULLO,56329,SIN NOMBRE
56329,SIN NOMBRE,56329,SIN NOMBRE
56334,RASA DE LA FASSINA O FONDA,56339,SIN NOMBRE
56339,SIN NOMBRE,56339,SIN NOMBRE
56340,TORRENT DEL CATLLAR O SEC O DE LA FORCADA,56349,SIN NOMBRE
56340,TORRENT DEL CATLLAR O SEC O DE LA FORCADA,56350,SIN NOMBRE
56341,RASA DEL CARGOL,56343,SIN NOMBRE
56341,RASA DEL CARGOL,56344,SIN NOMBRE
56341,RASA DEL CARGOL,56345,SIN NOMBRE
56343,SIN NOMBRE,56343,SIN NOMBRE
56344,SIN NOMBRE,56344,SIN NOMBRE
56345,SIN NOMBRE,56345,SIN NOMBRE
56349,SIN NOMBRE,56349,SIN NOMBRE
56350,SIN NOMBRE,56350,SIN NOMBRE
56353,TORRENT O RASA DEL SERRALLER,56356,SIN NOMBRE
56356,SIN NOMBRE,56356,SIN NOMBRE
56362,RIU BRUGENT,56371,SIN NOMBRE
56362,RIU BRUGENT,56380,SIN NOMBRE
56365,BARRANC DEL FORADOT,56367,SIN NOMBRE
56367,SIN NOMBRE,56367,SIN NOMBRE
56371,SIN NOMBRE,56371,SIN NOMBRE
56372,BARRANC DEL TOUS,56375,SIN NOMBRE
56375,SIN NOMBRE,56375,SIN NOMBRE
56376,BARRANC DEL MAS D'EN VERD,56377,SIN NOMBRE
56376,BARRANC DEL MAS D'EN VERD,56378,SIN NOMBRE
56377,SIN NOMBRE,56377,SIN NOMBRE
56378,SIN NOMBRE,56378,SIN NOMBRE
56380,SIN NOMBRE,56380,SIN NOMBRE
56380,SIN NOMBRE,56381,SIN NOMBRE
56381,SIN NOMBRE,56381,SIN NOMBRE
56382,RIUET DEL BARRAL,56380,SIN NOMBRE
56382,RIUET DEL BARRAL,56383,SIN NOMBRE
56382,RIUET DEL BARRAL,56384,SIN NOMBRE
56382,RIUET DEL BARRAL,56393,SIN NOMBRE
56383,SIN NOMBRE,56383,SIN NOMBRE
56384,SIN NOMBRE,56384,SIN NOMBRE
56385,RIU DE L'HORTA,56390,SIN NOMBRE
56385,RIU DE L'HORTA,56391,SIN NOMBRE
56390,SIN NOMBRE,56390,SIN NOMBRE
56391,SIN NOMBRE,56391,SIN NOMBRE
56393,SIN NOMBRE,56393,SIN NOMBRE
56395,TORRENT DE LES PLETES,56397,SIN NOMBRE
56397,SIN NOMBRE,56397,SIN NOMBRE
56399,VALL DE JAN O BARRANC DE LA VARIELLA,56400,SIN NOMBRE
56399,VALL DE JAN O BARRANC DE LA VARIELLA,56401,SIN NOMBRE
56399,VALL DE JAN O BARRANC DE LA VARIELLA,56402,SIN NOMBRE
56400,SIN NOMBRE,56400,SIN NOMBRE
56401,SIN NOMBRE,56401,SIN NOMBRE
56402,SIN NOMBRE,56402,SIN NOMBRE
56406,BARRANC DEL PONT DE GANDI,56407,SIN NOMBRE
56406,BARRANC DEL PONT DE GANDI,56408,SIN NOMBRE
56407,SIN NOMBRE,56407,SIN NOMBRE
56407,SIN NOMBRE,56408,SIN NOMBRE
56408,SIN NOMBRE,56407,SIN NOMBRE
56408,SIN NOMBRE,56408,SIN NOMBRE
56409,SIN NOMBRE,56409,SIN NOMBRE
56410,BARRANC DE LA VALL,56411,SIN NOMBRE
56410,BARRANC DE LA VALL,56414,SIN NOMBRE
56411,SIN NOMBRE,56411,SIN NOMBRE
56414,SIN NOMBRE,56414,SIN NOMBRE
56418,RASA DE TONI,56419,SIN NOMBRE
56419,SIN NOMBRE,56419,SIN NOMBRE
56421,RASA DE LES HORTENSIES,56422,SIN NOMBRE
56421,RASA DE LES HORTENSIES,56423,SIN NOMBRE
56422,SIN NOMBRE,56422,SIN NOMBRE
56423,SIN NOMBRE,56423,SIN NOMBRE
56424,RASA DEL PINETELL,56426,SIN NOMBRE
56426,SIN NOMBRE,56426,SIN NOMBRE
56427,BARRANC DEL REGUER O RASA DE LES COMES,56431,SIN NOMBRE
56429,RASA DE LES COMES,56430,SIN NOMBRE
56430,SIN NOMBRE,56430,SIN NOMBRE
56431,SIN NOMBRE,56431,SIN NOMBRE
56439,BARRANC DEL TOSSAL GROS,56444,SIN NOMBRE
56440,BARRANC DE LES GARSES,56441,SIN NOMBRE
56441,SIN NOMBRE,56441,SIN NOMBRE
56441,SIN NOMBRE,56442,SIN NOMBRE
56441,SIN NOMBRE,56443,SIN NOMBRE
56442,SIN NOMBRE,56442,SIN NOMBRE
56443,SIN NOMBRE,56443,SIN NOMBRE
56444,SIN NOMBRE,56444,SIN NOMBRE
56453,RIU DE VALLVERD,56469,SIN NOMBRE
56455,RASA DE L'ESCANCETA,56456,SIN NOMBRE
56456,SIN NOMBRE,56456,SIN NOMBRE
56458,BARRANC DE VALLCERVERA,56459,SIN NOMBRE
56459,SIN NOMBRE,56459,SIN NOMBRE
56460,RIU DE L'HORTETA,56468,SIN NOMBRE
56461,RIU DEL PAS DE VALLVERD,56467,SIN NOMBRE
56467,SIN NOMBRE,56467,SIN NOMBRE
56468,SIN NOMBRE,56468,SIN NOMBRE
56469,SIN NOMBRE,56469,SIN NOMBRE
56470,RASA DE LES CARDUELLES,56472,SIN NOMBRE
56470,RASA DE LES CARDUELLES,56474,SIN NOMBRE
56470,RASA DE LES CARDUELLES,56477,SIN NOMBRE
56470,RASA DE LES CARDUELLES,56478,SIN NOMBRE
56472,SIN NOMBRE,56472,SIN NOMBRE
56472,SIN NOMBRE,56473,SIN NOMBRE
56473,SIN NOMBRE,56473,SIN NOMBRE
56474,SIN NOMBRE,56474,SIN NOMBRE
56475,RASA DE TORLANDA,56476,SIN NOMBRE
56476,SIN NOMBRE,56476,SIN NOMBRE
56477,SIN NOMBRE,56477,SIN NOMBRE
56478,SIN NOMBRE,56478,SIN NOMBRE
56480,RASA DE VALLVERD,56481,SIN NOMBRE
56481,SIN NOMBRE,56481,SIN NOMBRE
56485,BARRANC DE LA SOLANA,56486,SIN NOMBRE
56485,BARRANC DE LA SOLANA,56487,SIN NOMBRE
56486,SIN NOMBRE,56486,SIN NOMBRE
56487,SIN NOMBRE,56487,SIN NOMBRE
56493,SIN NOMBRE,56493,SIN NOMBRE
56494,SIN NOMBRE,56494,SIN NOMBRE
56496,BARRANC DE LA PENA,56497,SIN NOMBRE
56497,SIN NOMBRE,56497,SIN NOMBRE
56499,BARRANC DE CASTELLFOLLIT,56501,SIN NOMBRE
56501,SIN NOMBRE,56501,SIN NOMBRE
56505,BARRANC DELS TORNERS,56506,SIN NOMBRE
56506,SIN NOMBRE,56506,SIN NOMBRE
56507,BARRANC DEL TILLAR,56508,SIN NOMBRE
56507,BARRANC DEL TILLAR,56510,SIN NOMBRE
56508,SIN NOMBRE,56508,SIN NOMBRE
56510,SIN NOMBRE,56510,SIN NOMBRE
56513,SIN NOMBRE,56513,SIN NOMBRE
56514,FONDO DEL PLA DE CONESA,56515,SIN NOMBRE
56515,SIN NOMBRE,56515,SIN NOMBRE
56516,BARRANC DELS TORRENTS,56517,SIN NOMBRE
56517,SIN NOMBRE,56517,SIN NOMBRE
56518,RIU DE MILANS,56523,SIN NOMBRE
56518,RIU DE MILANS,56524,SIN NOMBRE
56518,RIU DE MILANS,56525,SIN NOMBRE
56518,RIU DE MILANS,56533,SIN NOMBRE
56518,RIU DE MILANS,56534,SIN NOMBRE
56519,FONDO DE LA SALANCA,56520,SIN NOMBRE
56520,SIN NOMBRE,56520,SIN NOMBRE
56523,SIN NOMBRE,56523,SIN NOMBRE
56524,SIN NOMBRE,56524,SIN NOMBRE
56525,SIN NOMBRE,56525,SIN NOMBRE
56526,BARRANC DE VIERN,56527,SIN NOMBRE
56526,BARRANC DE VIERN,56528,SIN NOMBRE
56527,SIN NOMBRE,56527,SIN NOMBRE
56528,SIN NOMBRE,56528,SIN NOMBRE
56529,BARRANC DE VILLESCURA,56530,SIN NOMBRE
56530,SIN NOMBRE,56530,SIN NOMBRE
56533,SIN NOMBRE,56533,SIN NOMBRE
56534,SIN NOMBRE,56534,SIN NOMBRE
56534,SIN NOMBRE,56537,SIN NOMBRE
56537,SIN NOMBRE,56537,SIN NOMBRE
56538,BARRANC DE TERRES CAVADES,56539,SIN NOMBRE
56539,SIN NOMBRE,56539,SIN NOMBRE
56540,SIN NOMBRE,56540,SIN NOMBRE
56544,RIU GAIA,56558,SIN NOMBRE
56544,RIU GAIA,56559,SIN NOMBRE
56544,RIU GAIA,56560,SIN NOMBRE
56544,RIU GAIA,56577,SIN NOMBRE
56544,RIU GAIA,56588,SIN NOMBRE
56544,RIU GAIA,56604,SIN NOMBRE
56544,RIU GAIA,56610,SIN NOMBRE
56544,RIU GAIA,56621,SIN NOMBRE
56544,RIU GAIA,56668,SIN NOMBRE
56544,RIU GAIA,56669,SIN NOMBRE
56544,RIU GAIA,56670,SIN NOMBRE
56545,TORRENT DE L'OLIVERETA,56549,SIN NOMBRE
56545,TORRENT DE L'OLIVERETA,56550,SIN NOMBRE
56545,TORRENT DE L'OLIVERETA,56551,SIN NOMBRE
56545,TORRENT DE L'OLIVERETA,56552,SIN NOMBRE
56545,TORRENT DE L'OLIVERETA,56553,SIN NOMBRE
56546,TORRENT DE LA SERRALTA,56547,SIN NOMBRE
56546,TORRENT DE LA SERRALTA,56548,SIN NOMBRE
56547,SIN NOMBRE,56547,SIN NOMBRE
56548,SIN NOMBRE,56548,SIN NOMBRE
56549,SIN NOMBRE,56549,SIN NOMBRE
56550,SIN NOMBRE,56550,SIN NOMBRE
56551,SIN NOMBRE,56551,SIN NOMBRE
56552,SIN NOMBRE,56552,SIN NOMBRE
56553,SIN NOMBRE,56553,SIN NOMBRE
56554,TORRENT DE RENAU,56555,SIN NOMBRE
56555,SIN NOMBRE,56555,SIN NOMBRE
56556,RIU RASOTA,56557,SIN NOMBRE
56557,SIN NOMBRE,56557,SIN NOMBRE
56558,SIN NOMBRE,56558,SIN NOMBRE
56559,SIN NOMBRE,56559,SIN NOMBRE
56560,SIN NOMBRE,56560,SIN NOMBRE
56561,TORRENT DEL CODOL,56562,SIN NOMBRE
56561,TORRENT DEL CODOL,56563,SIN NOMBRE
56562,SIN NOMBRE,56562,SIN NOMBRE
56563,SIN NOMBRE,56563,SIN NOMBRE
56565,TORRENT DE LES PINETELLES,56570,SIN NOMBRE
56566,TORRENT DE MAS SERRA,56567,SIN NOMBRE
56566,TORRENT DE MAS SERRA,56568,SIN NOMBRE
56566,TORRENT DE MAS SERRA,56569,SIN NOMBRE
56567,SIN NOMBRE,56567,SIN NOMBRE
56568,SIN NOMBRE,56568,SIN NOMBRE
56569,SIN NOMBRE,56569,SIN NOMBRE
56570,SIN NOMBRE,56570,SIN NOMBRE
56572,BARRANC DEL CLOT DEL MONTMELL,56573,SIN NOMBRE
56573,SIN NOMBRE,56573,SIN NOMBRE
56577,SIN NOMBRE,56577,SIN NOMBRE
56581,BARRANC DE MAS D'EN PRAT,56585,SIN NOMBRE
56582,TORRENT DEL MIRACLE,56583,SIN NOMBRE
56582,TORRENT DEL MIRACLE,56584,SIN NOMBRE
56583,SIN NOMBRE,56583,SIN NOMBRE
56584,SIN NOMBRE,56584,SIN NOMBRE
56585,SIN NOMBRE,56585,SIN NOMBRE
56588,SIN NOMBRE,56588,SIN NOMBRE
56589,TORRENT DE SALES,56591,SIN NOMBRE
56591,SIN NOMBRE,56591,SIN NOMBRE
56593,FONDO DEL CALOS,56594,SIN NOMBRE
56594,SIN NOMBRE,56594,SIN NOMBRE
56594,SIN NOMBRE,56595,SIN NOMBRE
56594,SIN NOMBRE,56596,SIN NOMBRE
56595,SIN NOMBRE,56595,SIN NOMBRE
56596,SIN NOMBRE,56596,SIN NOMBRE
56599,RASA DE COMAVERD,56600,SIN NOMBRE
56600,SIN NOMBRE,56600,SIN NOMBRE
56600,SIN NOMBRE,56601,SIN NOMBRE
56601,SIN NOMBRE,56601,SIN NOMBRE
56604,SIN NOMBRE,56604,SIN NOMBRE
56605,RASA DEL PENDOT,56606,SIN NOMBRE
56606,SIN NOMBRE,56606,SIN NOMBRE
56608,TORRENT DE ROSIC,56609,SIN NOMBRE
56609,SIN NOMBRE,56609,SIN NOMBRE
56610,SIN NOMBRE,56610,SIN NOMBRE
56612,CLOT DE COMADEVAQUES,56613,SIN NOMBRE
56612,CLOT DE COMADEVAQUES,56614,SIN NOMBRE
56612,CLOT DE COMADEVAQUES,56616,SIN NOMBRE
56612,CLOT DE COMADEVAQUES,56617,SIN NOMBRE
56612,CLOT DE COMADEVAQUES,56618,SIN NOMBRE
56612,CLOT DE COMADEVAQUES,56619,SIN NOMBRE
56612,CLOT DE COMADEVAQUES,56620,SIN NOMBRE
56613,SIN NOMBRE,56613,SIN NOMBRE
56614,SIN NOMBRE,56614,SIN NOMBRE
56614,SIN NOMBRE,56615,SIN NOMBRE
56615,SIN NOMBRE,56615,SIN NOMBRE
56616,SIN NOMBRE,56616,SIN NOMBRE
56617,SIN NOMBRE,56617,SIN NOMBRE
56618,SIN NOMBRE,56618,SIN NOMBRE
56619,SIN NOMBRE,56619,SIN NOMBRE
56620,SIN NOMBRE,56620,SIN NOMBRE
56621,SIN NOMBRE,56621,SIN NOMBRE
56622,TORRENT ROIG,56628,SIN NOMBRE
56623,TORRENT D'ESBLADA,56624,SIN NOMBRE
56623,TORRENT D'ESBLADA,56625,SIN NOMBRE
56623,TORRENT D'ESBLADA,56627,SIN NOMBRE
56624,SIN NOMBRE,56624,SIN NOMBRE
56625,SIN NOMBRE,56625,SIN NOMBRE
56627,SIN NOMBRE,56627,SIN NOMBRE
56628,SIN NOMBRE,56628,SIN NOMBRE
56631,TORRENT DEL VOLTOR,56632,SIN NOMBRE
56632,SIN NOMBRE,56632,SIN NOMBRE
56634,RASA DE RICREU,56635,SIN NOMBRE
56634,RASA DE RICREU,56636,SIN NOMBRE
56635,SIN NOMBRE,56635,SIN NOMBRE
56636,SIN NOMBRE,56636,SIN NOMBRE
56637,TORRENT DE BIURE,56644,SIN NOMBRE
56637,TORRENT DE BIURE,56649,SIN NOMBRE
56637,TORRENT DE BIURE,56650,SIN NOMBRE
56639,TORRENT DE SANT MIQUEL,56640,SIN NOMBRE
56640,SIN NOMBRE,56640,SIN NOMBRE
56644,SIN NOMBRE,56644,SIN NOMBRE
56645,TORRENT DE FALÇ,56646,SIN NOMBRE
56645,TORRENT DE FALÇ,56647,SIN NOMBRE
56645,TORRENT DE FALÇ,56648,SIN NOMBRE
56646,SIN NOMBRE,56646,SIN NOMBRE
56647,SIN NOMBRE,56647,SIN NOMBRE
56648,SIN NOMBRE,56648,SIN NOMBRE
56649,SIN NOMBRE,56649,SIN NOMBRE
56650,SIN NOMBRE,56650,SIN NOMBRE
56651,RIU DE SANT MAGI,56652,SIN NOMBRE
56651,RIU DE SANT MAGI,56655,SIN NOMBRE
56652,SIN NOMBRE,56652,SIN NOMBRE
56655,SIN NOMBRE,56655,SIN NOMBRE
56656,TORRENT DE RIUDEBOIX,56657,SIN NOMBRE
56656,TORRENT DE RIUDEBOIX,56658,SIN NOMBRE
56656,TORRENT DE RIUDEBOIX,56659,SIN NOMBRE
56656,TORRENT DE RIUDEBOIX,56660,SIN NOMBRE
56656,TORRENT DE RIUDEBOIX,56661,SIN NOMBRE
56657,SIN NOMBRE,56657,SIN NOMBRE
56658,SIN NOMBRE,56658,SIN NOMBRE
56659,SIN NOMBRE,56659,SIN NOMBRE
56660,SIN NOMBRE,56660,SIN NOMBRE
56661,SIN NOMBRE,56661,SIN NOMBRE
56663,TORRENT D'EN GOL,56664,SIN NOMBRE
56663,TORRENT D'EN GOL,56665,SIN NOMBRE
56664,SIN NOMBRE,56664,SIN NOMBRE
56665,SIN NOMBRE,56665,SIN NOMBRE
56668,SIN NOMBRE,56668,SIN NOMBRE
56669,SIN NOMBRE,56669,SIN NOMBRE
56670,SIN NOMBRE,56670,SIN NOMBRE
56671,BARRANC DE L'ARGILA,56672,SIN NOMBRE
56672,SIN NOMBRE,56672,SIN NOMBRE
56674,RASA DEL BON NOM,56675,SIN NOMBRE
56675,SIN NOMBRE,56675,SIN NOMBRE
56676,TORRENT DE CLARET,56679,SIN NOMBRE
56677,RASA DE LA BANYA,56678,SIN NOMBRE
56678,SIN NOMBRE,56678,SIN NOMBRE
56679,SIN NOMBRE,56679,SIN NOMBRE
56683,RASA DE LA FONT DEL BADIA,56684,SIN NOMBRE
56684,SIN NOMBRE,56684,SIN NOMBRE
56685,SIN NOMBRE,56685,SIN NOMBRE
56686,TORRENT DE MAS MERCADER,56687,SIN NOMBRE
56686,TORRENT DE MAS MERCADER,56688,SIN NOMBRE
56687,SIN NOMBRE,56687,SIN NOMBRE
56688,SIN NOMBRE,56688,SIN NOMBRE
56689,FONDO DE LA CLOTA,56690,SIN NOMBRE
56689,FONDO DE LA CLOTA,56691,SIN NOMBRE
56690,SIN NOMBRE,56690,SIN NOMBRE
56690,SIN NOMBRE,56691,SIN NOMBRE
56691,SIN NOMBRE,56690,SIN NOMBRE
56691,SIN NOMBRE,56691,SIN NOMBRE
56691,SIN NOMBRE,56692,SIN NOMBRE
56691,SIN NOMBRE,56693,SIN NOMBRE
56692,SIN NOMBRE,56692,SIN NOMBRE
56693,SIN NOMBRE,56693,SIN NOMBRE
56694,TORRENT DE CAL SETRO,56700,SIN NOMBRE
56694,TORRENT DE CAL SETRO,56703,SIN NOMBRE
56694,TORRENT DE CAL SETRO,56704,SIN NOMBRE
56695,TORRENT O BARRANC DE L'AGUILERA,56696,SIN NOMBRE
56696,SIN NOMBRE,56696,SIN NOMBRE
56700,SIN NOMBRE,56700,SIN NOMBRE
56700,SIN NOMBRE,56701,SIN NOMBRE
56701,SIN NOMBRE,56701,SIN NOMBRE
56701,SIN NOMBRE,56702,SIN NOMBRE
56702,SIN NOMBRE,56702,SIN NOMBRE
56703,SIN NOMBRE,56703,SIN NOMBRE
56704,SIN NOMBRE,56704,SIN NOMBRE
56704,SIN NOMBRE,56705,SIN NOMBRE
56705,SIN NOMBRE,56705,SIN NOMBRE
56707,RIERA DE LA BISBAL O RASA DEL MANYER,56716,SIN NOMBRE
56707,RIERA DE LA BISBAL O RASA DEL MANYER,56739,SIN NOMBRE
56707,RIERA DE LA BISBAL O RASA DEL MANYER,56768,SIN NOMBRE
56708,FONDO DE LES QUATRE BOQUES O TORRENT DE L'ARAGALL,56713,SIN NOMBRE
56708,FONDO DE LES QUATRE BOQUES O TORRENT DE L'ARAGALL,56714,SIN NOMBRE
56709,TORRENT DEL LLEO,56710,SIN NOMBRE
56709,TORRENT DEL LLEO,56711,SIN NOMBRE
56709,TORRENT DEL LLEO,56712,SIN NOMBRE
56710,SIN NOMBRE,56710,SIN NOMBRE
56711,SIN NOMBRE,56711,SIN NOMBRE
56712,SIN NOMBRE,56712,SIN NOMBRE
56713,SIN NOMBRE,56713,SIN NOMBRE
56714,SIN NOMBRE,56714,SIN NOMBRE
56716,SIN NOMBRE,56716,SIN NOMBRE
56716,SIN NOMBRE,56717,SIN NOMBRE
56717,SIN NOMBRE,56717,SIN NOMBRE
56718,RIERA DE SANT MIQUEL O RIERA DE BANYERES O TORRENT DEL LLUC,56719,SIN NOMBRE
56719,SIN NOMBRE,56719,SIN NOMBRE
56721,RASA DE LA TEULERIA,56725,SIN NOMBRE
56722,TORRENT DE LLOBETS,56723,SIN NOMBRE
56722,TORRENT DE LLOBETS,56724,SIN NOMBRE
56723,SIN NOMBRE,56723,SIN NOMBRE
56724,SIN NOMBRE,56724,SIN NOMBRE
56725,SIN NOMBRE,56725,SIN NOMBRE
56730,FONDO GRAN DE GOMILA,56731,SIN NOMBRE
56731,SIN NOMBRE,56731,SIN NOMBRE
56732,TORRENT DE GOMILA,56733,SIN NOMBRE
56732,TORRENT DE GOMILA,56734,SIN NOMBRE
56733,SIN NOMBRE,56733,SIN NOMBRE
56733,SIN NOMBRE,56734,SIN NOMBRE
56734,SIN NOMBRE,56733,SIN NOMBRE
56734,SIN NOMBRE,56734,SIN NOMBRE
56734,SIN NOMBRE,56735,SIN NOMBRE
56735,SIN NOMBRE,56735,SIN NOMBRE
56736,TORRENT DEL CULLERER,56737,SIN NOMBRE
56736,TORRENT DEL CULLERER,56738,SIN NOMBRE
56737,SIN NOMBRE,56737,SIN NOMBRE
56737,SIN NOMBRE,56738,SIN NOMBRE
56738,SIN NOMBRE,56737,SIN NOMBRE
56738,SIN NOMBRE,56738,SIN NOMBRE
56739,SIN NOMBRE,56739,SIN NOMBRE
56740,TORRENT DEL MAS DE MANYER,56741,SIN NOMBRE
56740,TORRENT DEL MAS DE MANYER,56742,SIN NOMBRE
56740,TORRENT DEL MAS DE MANYER,56743,SIN NOMBRE
56741,SIN NOMBRE,56741,SIN NOMBRE
56741,SIN NOMBRE,56742,SIN NOMBRE
56742,SIN NOMBRE,56741,SIN NOMBRE
56742,SIN NOMBRE,56742,SIN NOMBRE
56743,SIN NOMBRE,56743,SIN NOMBRE
56746,RIERA DE L'ALBORNAR,56747,SIN NOMBRE
56746,RIERA DE L'ALBORNAR,56748,SIN NOMBRE
56747,SIN NOMBRE,56747,SIN NOMBRE
56748,SIN NOMBRE,56748,SIN NOMBRE
56749,TORRENT DE LES QUATRE FITES,56750,SIN NOMBRE
56749,TORRENT DE LES QUATRE FITES,56751,SIN NOMBRE
56749,TORRENT DE LES QUATRE FITES,56755,SIN NOMBRE
56750,SIN NOMBRE,56750,SIN NOMBRE
56751,SIN NOMBRE,56751,SIN NOMBRE
56752,TORRENT DE SANT MARC,56753,SIN NOMBRE
56752,TORRENT DE SANT MARC,56754,SIN NOMBRE
56753,SIN NOMBRE,56753,SIN NOMBRE
56754,SIN NOMBRE,56754,SIN NOMBRE
56755,SIN NOMBRE,56755,SIN NOMBRE
56756,TORRENT MAL,56757,SIN NOMBRE
56756,TORRENT MAL,56758,SIN NOMBRE
56756,TORRENT MAL,56759,SIN NOMBRE
56757,SIN NOMBRE,56757,SIN NOMBRE
56758,SIN NOMBRE,56758,SIN NOMBRE
56759,SIN NOMBRE,56759,SIN NOMBRE
56760,BARRANC DEL MAS DE BARTOMEU,56761,SIN NOMBRE
56760,BARRANC DEL MAS DE BARTOMEU,56762,SIN NOMBRE
56760,BARRANC DEL MAS DE BARTOMEU,56763,SIN NOMBRE
56761,SIN NOMBRE,56761,SIN NOMBRE
56762,SIN NOMBRE,56762,SIN NOMBRE
56763,SIN NOMBRE,56763,SIN NOMBRE
56764,BARRANC DE LA COSTA,56765,SIN NOMBRE
56764,BARRANC DE LA COSTA,56766,SIN NOMBRE
56764,BARRANC DE LA COSTA,56767,SIN NOMBRE
56765,SIN NOMBRE,56765,SIN NOMBRE
56766,SIN NOMBRE,56766,SIN NOMBRE
56767,SIN NOMBRE,56767,SIN NOMBRE
56768,SIN NOMBRE,56768,SIN NOMBRE
56769,TORRENT DE LA LLANTIA,56770,SIN NOMBRE
56769,TORRENT DE LA LLANTIA,56772,SIN NOMBRE
56770,SIN NOMBRE,56770,SIN NOMBRE
56770,SIN NOMBRE,56771,SIN NOMBRE
56771,SIN NOMBRE,56771,SIN NOMBRE
56772,SIN NOMBRE,56772,SIN NOMBRE
56773,TORRENT DE LES SEGUERES,56784,SIN NOMBRE
56773,TORRENT DE LES SEGUERES,56786,SIN NOMBRE
56773,TORRENT DE LES SEGUERES,56787,SIN NOMBRE
56773,TORRENT DE LES SEGUERES,56788,SIN NOMBRE
56773,TORRENT DE LES SEGUERES,56791,SIN NOMBRE
56773,TORRENT DE LES SEGUERES,56794,SIN NOMBRE
56773,TORRENT DE LES SEGUERES,56795,SIN NOMBRE
56774,FONDO DEL MANYER,56783,SIN NOMBRE
56778,TORRENT DE MAS TARRAGO,56780,SIN NOMBRE
56780,SIN NOMBRE,56780,SIN NOMBRE
56781,FONDO DEL SUMOI,56782,SIN NOMBRE
56782,SIN NOMBRE,56782,SIN NOMBRE
56783,SIN NOMBRE,56783,SIN NOMBRE
56784,SIN NOMBRE,56784,SIN NOMBRE
56786,SIN NOMBRE,56786,SIN NOMBRE
56787,SIN NOMBRE,56787,SIN NOMBRE
56788,SIN NOMBRE,56788,SIN NOMBRE
56789,BARRANC DEL CLOT DE BOU,56790,SIN NOMBRE
56790,SIN NOMBRE,56790,SIN NOMBRE
56791,SIN NOMBRE,56791,SIN NOMBRE
56794,SIN NOMBRE,56794,SIN NOMBRE
56795,SIN NOMBRE,56795,SIN NOMBRE
56798,BARRANC DEL PRAT,56799,SIN NOMBRE
56798,BARRANC DEL PRAT,56800,SIN NOMBRE
56799,SIN NOMBRE,56799,SIN NOMBRE
56800,SIN NOMBRE,56800,SIN NOMBRE
56801,TORRENT DE MAS CAMPANERA,56800,SIN NOMBRE
56803,TORRENT DE MONTPAO,56804,SIN NOMBRE
56804,SIN NOMBRE,56804,SIN NOMBRE
56806,SIN NOMBRE,56806,SIN NOMBRE
56807,RIERA DE CUNIT,56811,SIN NOMBRE
56808,FONDO DEL BLAI,56809,SIN NOMBRE
56808,FONDO DEL BLAI,56810,SIN NOMBRE
56809,SIN NOMBRE,56809,SIN NOMBRE
56810,SIN NOMBRE,56810,SIN NOMBRE
56811,SIN NOMBRE,56811,SIN NOMBRE
56812,RIU FOIX,56813,SIN NOMBRE
56812,RIU FOIX,56814,SIN NOMBRE
56812,RIU FOIX,56815,SIN NOMBRE
56812,RIU FOIX,56816,SIN NOMBRE
56812,RIU FOIX,56817,SIN NOMBRE
56812,RIU FOIX,56818,SIN NOMBRE
56812,RIU FOIX,56820,SIN NOMBRE
56812,RIU FOIX,56823,SIN NOMBRE
56812,RIU FOIX,56830,SIN NOMBRE
56812,RIU FOIX,56831,SIN NOMBRE
56812,RIU FOIX,56869,SIN NOMBRE
56812,RIU FOIX,56871,SIN NOMBRE
56812,RIU FOIX,56872,SIN NOMBRE
56812,RIU FOIX,56881,SIN NOMBRE
56812,RIU FOIX,56884,SIN NOMBRE
56812,RIU FOIX,56885,SIN NOMBRE
56812,RIU FOIX,56886,SIN NOMBRE
56812,RIU FOIX,56927,SIN NOMBRE
56812,RIU FOIX,56928,SIN NOMBRE
56812,RIU FOIX,56929,SIN NOMBRE
56812,RIU FOIX,56930,SIN NOMBRE
56812,RIU FOIX,56932,SIN NOMBRE
56812,RIU FOIX,56935,SIN NOMBRE
56813,SIN NOMBRE,56813,SIN NOMBRE
56814,SIN NOMBRE,56814,SIN NOMBRE
56815,SIN NOMBRE,56815,SIN NOMBRE
56816,SIN NOMBRE,56816,SIN NOMBRE
56817,SIN NOMBRE,56817,SIN NOMBRE
56818,SIN NOMBRE,56818,SIN NOMBRE
56820,SIN NOMBRE,56820,SIN NOMBRE
56821,FONDO DE COVA PINEDA,56822,SIN NOMBRE
56822,SIN NOMBRE,56822,SIN NOMBRE
56823,SIN NOMBRE,56823,SIN NOMBRE
56824,TORRENT DE LES BRUIXES,56825,SIN NOMBRE
56824,TORRENT DE LES BRUIXES,56826,SIN NOMBRE
56824,TORRENT DE LES BRUIXES,56827,SIN NOMBRE
56825,SIN NOMBRE,56825,SIN NOMBRE
56826,SIN NOMBRE,56826,SIN NOMBRE
56827,SIN NOMBRE,56827,SIN NOMBRE
56830,SIN NOMBRE,56830,SIN NOMBRE
56831,SIN NOMBRE,56831,SIN NOMBRE
56832,RIERA DE MARMELLAR,56835,SIN NOMBRE
56832,RIERA DE MARMELLAR,56839,SIN NOMBRE
56832,RIERA DE MARMELLAR,56840,SIN NOMBRE
56832,RIERA DE MARMELLAR,56842,SIN NOMBRE
56832,RIERA DE MARMELLAR,56843,SIN NOMBRE
56832,RIERA DE MARMELLAR,56846,SIN NOMBRE
56832,RIERA DE MARMELLAR,56850,SIN NOMBRE
56832,RIERA DE MARMELLAR,56851,SIN NOMBRE
56832,RIERA DE MARMELLAR,56857,SIN NOMBRE
56832,RIERA DE MARMELLAR,56866,SIN NOMBRE
56832,RIERA DE MARMELLAR,56868,SIN NOMBRE
56833,TORRENT DE CAL CATERI,56834,SIN NOMBRE
56834,SIN NOMBRE,56834,SIN NOMBRE
56835,SIN NOMBRE,56835,SIN NOMBRE
56836,TORRENT DEL FIGUEROT,56837,SIN NOMBRE
56836,TORRENT DEL FIGUEROT,56838,SIN NOMBRE
56837,SIN NOMBRE,56837,SIN NOMBRE
56837,SIN NOMBRE,56838,SIN NOMBRE
56838,SIN NOMBRE,56837,SIN NOMBRE
56838,SIN NOMBRE,56838,SIN NOMBRE
56839,SIN NOMBRE,56839,SIN NOMBRE
56840,SIN NOMBRE,56840,SIN NOMBRE
56842,SIN NOMBRE,56842,SIN NOMBRE
56843,SIN NOMBRE,56843,SIN NOMBRE
56846,SIN NOMBRE,56846,SIN NOMBRE
56847,TORRENT DELS CARNUTS,56849,SIN NOMBRE
56849,SIN NOMBRE,56849,SIN NOMBRE
56850,SIN NOMBRE,56850,SIN NOMBRE
56851,SIN NOMBRE,56851,SIN NOMBRE
56853,TORRENT DE LES ALBEREDES,56854,SIN NOMBRE
56854,SIN NOMBRE,56854,SIN NOMBRE
56855,FONDO DEL BOTARIC,56856,SIN NOMBRE
56856,SIN NOMBRE,56856,SIN NOMBRE
56857,SIN NOMBRE,56857,SIN NOMBRE
56858,RIERA DE VALLDOSSERA,56862,SIN NOMBRE
56859,TORRENT DEL MOLINET,56860,SIN NOMBRE
56860,SIN NOMBRE,56860,SIN NOMBRE
56862,SIN NOMBRE,56862,SIN NOMBRE
56863,TORRENT DE ROMANILL,56864,SIN NOMBRE
56863,TORRENT DE ROMANILL,56865,SIN NOMBRE
56864,SIN NOMBRE,56864,SIN NOMBRE
56865,SIN NOMBRE,56865,SIN NOMBRE
56866,SIN NOMBRE,56866,SIN NOMBRE
56868,SIN NOMBRE,56868,SIN NOMBRE
56869,SIN NOMBRE,56869,SIN NOMBRE
56871,SIN NOMBRE,56871,SIN NOMBRE
56872,SIN NOMBRE,56872,SIN NOMBRE
56873,TORRENT DE LA BRUIXA,56874,SIN NOMBRE
56873,TORRENT DE LA BRUIXA,56880,SIN NOMBRE
56874,SIN NOMBRE,56874,SIN NOMBRE
56875,TORRENT DEL CARRER FONDO O RIERA DE LA MUNIA,56876,SIN NOMBRE
56875,TORRENT DEL CARRER FONDO O RIERA DE LA MUNIA,56877,SIN NOMBRE
56876,SIN NOMBRE,56876,SIN NOMBRE
56877,SIN NOMBRE,56877,SIN NOMBRE
56878,TORRENT DE CAL BIEL,56879,SIN NOMBRE
56879,SIN NOMBRE,56879,SIN NOMBRE
56880,SIN NOMBRE,56880,SIN NOMBRE
56881,SIN NOMBRE,56881,SIN NOMBRE
56882,BARRANC DE SANT LLORENÇ,56883,SIN NOMBRE
56883,SIN NOMBRE,56883,SIN NOMBRE
56884,SIN NOMBRE,56884,SIN NOMBRE
56885,SIN NOMBRE,56885,SIN NOMBRE
56886,SIN NOMBRE,56886,SIN NOMBRE
56889,TORRENT DE PACS,56890,SIN NOMBRE
56889,TORRENT DE PACS,56891,SIN NOMBRE
56890,SIN NOMBRE,56890,SIN NOMBRE
56890,SIN NOMBRE,56891,SIN NOMBRE
56891,SIN NOMBRE,56890,SIN NOMBRE
56891,SIN NOMBRE,56891,SIN NOMBRE
56892,RIERA DE VILOBI,56895,SIN NOMBRE
56892,RIERA DE VILOBI,56896,SIN NOMBRE
56892,RIERA DE VILOBI,56901,SIN NOMBRE
56892,RIERA DE VILOBI,56902,SIN NOMBRE
56895,SIN NOMBRE,56895,SIN NOMBRE
56896,SIN NOMBRE,56896,SIN NOMBRE
56901,SIN NOMBRE,56901,SIN NOMBRE
56902,SIN NOMBRE,56902,SIN NOMBRE
56905,RIERA DE PONTONS,56912,SIN NOMBRE
56905,RIERA DE PONTONS,56913,SIN NOMBRE
56905,RIERA DE PONTONS,56914,SIN NOMBRE
56905,RIERA DE PONTONS,56915,SIN NOMBRE
56905,RIERA DE PONTONS,56917,SIN NOMBRE
56905,RIERA DE PONTONS,56918,SIN NOMBRE
56905,RIERA DE PONTONS,56919,SIN NOMBRE
56908,TORRENT DEL GATELL,56909,SIN NOMBRE
56908,TORRENT DEL GATELL,56910,SIN NOMBRE
56909,SIN NOMBRE,56909,SIN NOMBRE
56909,SIN NOMBRE,56910,SIN NOMBRE
56910,SIN NOMBRE,56909,SIN NOMBRE
56910,SIN NOMBRE,56910,SIN NOMBRE
56912,SIN NOMBRE,56912,SIN NOMBRE
56913,SIN NOMBRE,56913,SIN NOMBRE
56914,SIN NOMBRE,56914,SIN NOMBRE
56915,SIN NOMBRE,56915,SIN NOMBRE
56917,SIN NOMBRE,56917,SIN NOMBRE
56918,SIN NOMBRE,56918,SIN NOMBRE
56919,SIN NOMBRE,56919,SIN NOMBRE
56925,TORRENT DE L'ALBEREDA,56926,SIN NOMBRE
56926,SIN NOMBRE,56926,SIN NOMBRE
56927,SIN NOMBRE,56927,SIN NOMBRE
56928,SIN NOMBRE,56928,SIN NOMBRE
56929,SIN NOMBRE,56929,SIN NOMBRE
56930,SIN NOMBRE,56930,SIN NOMBRE
56932,SIN NOMBRE,56932,SIN NOMBRE
56933,TORRENT DE LA POLLINA,56934,SIN NOMBRE
56934,SIN NOMBRE,56934,SIN NOMBRE
56935,SIN NOMBRE,56935,SIN NOMBRE
56937,TORRENT DE SANT JOAN,56938,SIN NOMBRE
56937,TORRENT DE SANT JOAN,56939,SIN NOMBRE
56937,TORRENT DE SANT JOAN,56940,SIN NOMBRE
56938,SIN NOMBRE,56938,SIN NOMBRE
56939,SIN NOMBRE,56939,SIN NOMBRE
56940,SIN NOMBRE,56940,SIN NOMBRE
56941,TORRENT DE LA PIERA,56948,SIN NOMBRE
56941,TORRENT DE LA PIERA,56949,SIN NOMBRE
56941,TORRENT DE LA PIERA,56950,SIN NOMBRE
56942,TORRENT DE LA PASTERA,56943,SIN NOMBRE
56942,TORRENT DE LA PASTERA,56947,SIN NOMBRE
56943,SIN NOMBRE,56943,SIN NOMBRE
56944,TORRENT D'EN PARELLADA,56945,SIN NOMBRE
56944,TORRENT D'EN PARELLADA,56946,SIN NOMBRE
56945,SIN NOMBRE,56945,SIN NOMBRE
56946,SIN NOMBRE,56946,SIN NOMBRE
56947,SIN NOMBRE,56947,SIN NOMBRE
56948,SIN NOMBRE,56948,SIN NOMBRE
56949,SIN NOMBRE,56949,SIN NOMBRE
56950,SIN NOMBRE,56950,SIN NOMBRE
56951,SIN NOMBRE,56951,SIN NOMBRE
56952,RIERA DE RIBES,56953,SIN NOMBRE
56952,RIERA DE RIBES,56989,SIN NOMBRE
56952,RIERA DE RIBES,56993,SIN NOMBRE
56953,SIN NOMBRE,56953,SIN NOMBRE
56954,RIERA DE JAFRE,56960,SIN NOMBRE
56954,RIERA DE JAFRE,56962,SIN NOMBRE
56954,RIERA DE JAFRE,56963,SIN NOMBRE
56954,RIERA DE JAFRE,56964,SIN NOMBRE
56954,RIERA DE JAFRE,56968,SIN NOMBRE
56954,RIERA DE JAFRE,56969,SIN NOMBRE
56954,RIERA DE JAFRE,56970,SIN NOMBRE
56954,RIERA DE JAFRE,56978,SIN NOMBRE
56955,FONDO GRAN DEL MAS,56956,SIN NOMBRE
56955,FONDO GRAN DEL MAS,56958,SIN NOMBRE
56956,SIN NOMBRE,56956,SIN NOMBRE
56956,SIN NOMBRE,56957,SIN NOMBRE
56956,SIN NOMBRE,56958,SIN NOMBRE
56957,SIN NOMBRE,56957,SIN NOMBRE
56958,SIN NOMBRE,56956,SIN NOMBRE
56958,SIN NOMBRE,56958,SIN NOMBRE
56960,SIN NOMBRE,56960,SIN NOMBRE
56960,SIN NOMBRE,56961,SIN NOMBRE
56961,SIN NOMBRE,56961,SIN NOMBRE
56962,SIN NOMBRE,56962,SIN NOMBRE
56963,SIN NOMBRE,56963,SIN NOMBRE
56964,SIN NOMBRE,56964,SIN NOMBRE
56965,FONDO DE LES LLENTIES,56966,SIN NOMBRE
56965,FONDO DE LES LLENTIES,56967,SIN NOMBRE
56966,SIN NOMBRE,56966,SIN NOMBRE
56967,SIN NOMBRE,56967,SIN NOMBRE
56968,SIN NOMBRE,56968,SIN NOMBRE
56969,SIN NOMBRE,56969,SIN NOMBRE
56970,SIN NOMBRE,56970,SIN NOMBRE
56972,FONDO DE LES CONQUES,56973,SIN NOMBRE
56973,SIN NOMBRE,56973,SIN NOMBRE
56976,FONDO DE LA PENYA BLANCA,56977,SIN NOMBRE
56977,SIN NOMBRE,56977,SIN NOMBRE
56978,SIN NOMBRE,56978,SIN NOMBRE
56979,FONDO DE VALLGRASSA,56980,SIN NOMBRE
56979,FONDO DE VALLGRASSA,56981,SIN NOMBRE
56980,SIN NOMBRE,56980,SIN NOMBRE
56981,SIN NOMBRE,56981,SIN NOMBRE
56983,RIERA DE CARXOL,56987,SIN NOMBRE
56983,RIERA DE CARXOL,56988,SIN NOMBRE
56985,FONDO DE LA TRONERA,56986,SIN NOMBRE
56986,SIN NOMBRE,56986,SIN NOMBRE
56987,SIN NOMBRE,56987,SIN NOMBRE
56987,SIN NOMBRE,56988,SIN NOMBRE
56988,SIN NOMBRE,56987,SIN NOMBRE
56988,SIN NOMBRE,56988,SIN NOMBRE
56989,SIN NOMBRE,56989,SIN NOMBRE
56990,TORRENT DE L'ESPLUGA,56991,SIN NOMBRE
56990,TORRENT DE L'ESPLUGA,56992,SIN NOMBRE
56991,SIN NOMBRE,56991,SIN NOMBRE
56992,SIN NOMBRE,56992,SIN NOMBRE
56993,SIN NOMBRE,56993,SIN NOMBRE
56994,RIERA DE BEGUES,56995,SIN NOMBRE
56994,RIERA DE BEGUES,57004,SIN NOMBRE
56994,RIERA DE BEGUES,57005,SIN NOMBRE
56994,RIERA DE BEGUES,57020,SIN NOMBRE
56994,RIERA DE BEGUES,57021,SIN NOMBRE
56994,RIERA DE BEGUES,57022,SIN NOMBRE
56994,RIERA DE BEGUES,57025,SIN NOMBRE
56994,RIERA DE BEGUES,57028,SIN NOMBRE
56994,RIERA DE BEGUES,57029,SIN NOMBRE
56994,RIERA DE BEGUES,57031,SIN NOMBRE
56994,RIERA DE BEGUES,57047,SIN NOMBRE
56994,RIERA DE BEGUES,57048,SIN NOMBRE
56994,RIERA DE BEGUES,57049,SIN NOMBRE
56994,RIERA DE BEGUES,57053,SIN NOMBRE
56994,RIERA DE BEGUES,57057,SIN NOMBRE
56994,RIERA DE BEGUES,57059,SIN NOMBRE
56994,RIERA DE BEGUES,57060,SIN NOMBRE
56994,RIERA DE BEGUES,57064,SIN NOMBRE
56995,SIN NOMBRE,56995,SIN NOMBRE
56996,RASA DE CAL VEGUERA,56997,SIN NOMBRE
56997,SIN NOMBRE,56997,SIN NOMBRE
56998,FONDO DE QUEROL,57000,SIN NOMBRE
57000,SIN NOMBRE,57000,SIN NOMBRE
57001,FONDO DE SINIA,57002,SIN NOMBRE
57002,SIN NOMBRE,57002,SIN NOMBRE
57004,SIN NOMBRE,57004,SIN NOMBRE
57005,SIN NOMBRE,57005,SIN NOMBRE
57006,RIERA DELS PELAGONS,57007,SIN NOMBRE
57006,RIERA DELS PELAGONS,57010,SIN NOMBRE
57007,SIN NOMBRE,57007,SIN NOMBRE
57010,SIN NOMBRE,57010,SIN NOMBRE
57011,RIERA DELS VIDRERS,57013,SIN NOMBRE
57011,RIERA DELS VIDRERS,57014,SIN NOMBRE
57011,RIERA DELS VIDRERS,57015,SIN NOMBRE
57011,RIERA DELS VIDRERS,57016,SIN NOMBRE
57011,RIERA DELS VIDRERS,57018,SIN NOMBRE
57013,SIN NOMBRE,57013,SIN NOMBRE
57014,SIN NOMBRE,57014,SIN NOMBRE
57015,SIN NOMBRE,57015,SIN NOMBRE
57016,SIN NOMBRE,57016,SIN NOMBRE
57018,SIN NOMBRE,57018,SIN NOMBRE
57020,SIN NOMBRE,57020,SIN NOMBRE
57021,SIN NOMBRE,57021,SIN NOMBRE
57022,SIN NOMBRE,57022,SIN NOMBRE
57023,FONDO DEL COCO,57024,SIN NOMBRE
57024,SIN NOMBRE,57024,SIN NOMBRE
57025,SIN NOMBRE,57025,SIN NOMBRE
57026,FONDO DE CAN MALET,57027,SIN NOMBRE
57027,SIN NOMBRE,57027,SIN NOMBRE
57028,SIN NOMBRE,57028,SIN NOMBRE
57029,SIN NOMBRE,57029,SIN NOMBRE
57031,SIN NOMBRE,57031,SIN NOMBRE
57032,RIERA D'OLESETA,57034,SIN NOMBRE
57032,RIERA D'OLESETA,57043,SIN NOMBRE
57032,RIERA D'OLESETA,57044,SIN NOMBRE
57032,RIERA D'OLESETA,57045,SIN NOMBRE
57032,RIERA D'OLESETA,57046,SIN NOMBRE
57034,SIN NOMBRE,57034,SIN NOMBRE
57034,SIN NOMBRE,57035,SIN NOMBRE
57035,SIN NOMBRE,57035,SIN NOMBRE
57038,TORRENT LLEVENSONS,57039,SIN NOMBRE
57038,TORRENT LLEVENSONS,57040,SIN NOMBRE
57039,SIN NOMBRE,57039,SIN NOMBRE
57039,SIN NOMBRE,57040,SIN NOMBRE
57040,SIN NOMBRE,57039,SIN NOMBRE
57040,SIN NOMBRE,57040,SIN NOMBRE
57043,SIN NOMBRE,57043,SIN NOMBRE
57044,SIN NOMBRE,57044,SIN NOMBRE
57045,SIN NOMBRE,57045,SIN NOMBRE
57046,SIN NOMBRE,57046,SIN NOMBRE
57047,SIN NOMBRE,57047,SIN NOMBRE
57048,SIN NOMBRE,57048,SIN NOMBRE
57049,SIN NOMBRE,57049,SIN NOMBRE
57050,FONDO DE CAN MAÇANA,57051,SIN NOMBRE
57050,FONDO DE CAN MAÇANA,57052,SIN NOMBRE
57051,SIN NOMBRE,57051,SIN NOMBRE
57051,SIN NOMBRE,57052,SIN NOMBRE
57052,SIN NOMBRE,57051,SIN NOMBRE
57052,SIN NOMBRE,57052,SIN NOMBRE
57053,SIN NOMBRE,57053,SIN NOMBRE
57054,RIERA DE CAN SADURNI,57055,SIN NOMBRE
57054,RIERA DE CAN SADURNI,57056,SIN NOMBRE
57055,SIN NOMBRE,57055,SIN NOMBRE
57055,SIN NOMBRE,57056,SIN NOMBRE
57056,SIN NOMBRE,57055,SIN NOMBRE
57056,SIN NOMBRE,57056,SIN NOMBRE
57057,SIN NOMBRE,57057,SIN NOMBRE
57059,SIN NOMBRE,57059,SIN NOMBRE
57060,SIN NOMBRE,57060,SIN NOMBRE
57061,RIERA DE LA CLOTA,57062,SIN NOMBRE
57061,RIERA DE LA CLOTA,57063,SIN NOMBRE
57062,SIN NOMBRE,57062,SIN NOMBRE
57062,SIN NOMBRE,57063,SIN NOMBRE
57063,SIN NOMBRE,57062,SIN NOMBRE
57063,SIN NOMBRE,57063,SIN NOMBRE
57064,SIN NOMBRE,57064,SIN NOMBRE
57065,RIERA DE VILAFRANCA,57066,SIN NOMBRE
57066,SIN NOMBRE,57066,SIN NOMBRE
57070,RIERA DE CANYELLES,57071,SIN NOMBRE
57070,RIERA DE CANYELLES,57072,SIN NOMBRE
57071,SIN NOMBRE,57071,SIN NOMBRE
57072,SIN NOMBRE,57072,SIN NOMBRE
57073,FONDO DE LA VALL,57077,SIN NOMBRE
57077,SIN NOMBRE,57077,SIN NOMBRE
57078,RIERA DE SANT MARÇAL,57079,SIN NOMBRE
57078,RIERA DE SANT MARÇAL,57080,SIN NOMBRE
57078,RIERA DE SANT MARÇAL,57081,SIN NOMBRE
57079,SIN NOMBRE,57079,SIN NOMBRE
57080,SIN NOMBRE,57080,SIN NOMBRE
57081,SIN NOMBRE,57081,SIN NOMBRE
57082,TORRENT DE LES GUNYOLES,57083,SIN NOMBRE
57083,SIN NOMBRE,57083,SIN NOMBRE
57084,TORRENT D'AIGUADOLÇ,57085,SIN NOMBRE
57084,TORRENT D'AIGUADOLÇ,57087,SIN NOMBRE
57085,SIN NOMBRE,57085,SIN NOMBRE
57085,SIN NOMBRE,57086,SIN NOMBRE
57085,SIN NOMBRE,57087,SIN NOMBRE
57086,SIN NOMBRE,57086,SIN NOMBRE
57087,SIN NOMBRE,57085,SIN NOMBRE
57087,SIN NOMBRE,57087,SIN NOMBRE
57088,SIN NOMBRE,57088,SIN NOMBRE
57089,RIERA DE VALLCARCA,57091,SIN NOMBRE
57091,SIN NOMBRE,57091,SIN NOMBRE
57094,FONDO DEL SALT,57098,SIN NOMBRE
57094,FONDO DEL SALT,57099,SIN NOMBRE
57095,FONDO DE LES COVES,57096,SIN NOMBRE
57095,FONDO DE LES COVES,57097,SIN NOMBRE
57096,SIN NOMBRE,57096,SIN NOMBRE
57097,SIN NOMBRE,57097,SIN NOMBRE
57098,SIN NOMBRE,57098,SIN NOMBRE
57099,SIN NOMBRE,57099,SIN NOMBRE
57100,SIN NOMBRE,57100,SIN NOMBRE
57101,RIERA DE VALLBONA,57102,SIN NOMBRE
57102,SIN NOMBRE,57102,SIN NOMBRE
57106,FONDO DEL CELLER,57110,SIN NOMBRE
57107,RIERA SECA,57109,SIN NOMBRE
57109,SIN NOMBRE,57109,SIN NOMBRE
57110,SIN NOMBRE,57110,SIN NOMBRE
57111,TORRENT DE LES COMES,57112,SIN NOMBRE
57112,SIN NOMBRE,57112,SIN NOMBRE
57113,RIERA DE SANT CLIMENT,57118,SIN NOMBRE
57114,RIERA DE SANT LLORENÇ,57116,SIN NOMBRE
57114,RIERA DE SANT LLORENÇ,57117,SIN NOMBRE
57116,SIN NOMBRE,57116,SIN NOMBRE
57117,SIN NOMBRE,57117,SIN NOMBRE
57118,SIN NOMBRE,57118,SIN NOMBRE
57119,RIERA DE SALOM,57120,SIN NOMBRE
57119,RIERA DE SALOM,57121,SIN NOMBRE
57119,RIERA DE SALOM,57122,SIN NOMBRE
57120,SIN NOMBRE,57120,SIN NOMBRE
57121,SIN NOMBRE,57121,SIN NOMBRE
57122,SIN NOMBRE,57122,SIN NOMBRE
57124,RIERA DE CAN CARRERES,57125,SIN NOMBRE
57125,SIN NOMBRE,57125,SIN NOMBRE
57126,BRAÇ DE LA VIDALA,57127,SIN NOMBRE
57127,SIN NOMBRE,57127,SIN NOMBRE
57128,RIU LLOBREGAT,57139,SIN NOMBRE
57128,RIU LLOBREGAT,57158,SIN NOMBRE
57128,RIU LLOBREGAT,57266,SIN NOMBRE
57128,RIU LLOBREGAT,57273,SIN NOMBRE
57128,RIU LLOBREGAT,57279,SIN NOMBRE
57128,RIU LLOBREGAT,57696,SIN NOMBRE
57128,RIU LLOBREGAT,57759,SIN NOMBRE
57128,RIU LLOBREGAT,57760,SIN NOMBRE
57128,RIU LLOBREGAT,57762,SIN NOMBRE
57128,RIU LLOBREGAT,57764,SIN NOMBRE
57128,RIU LLOBREGAT,57824,SIN NOMBRE
57128,RIU LLOBREGAT,57838,SIN NOMBRE
57128,RIU LLOBREGAT,57842,SIN NOMBRE
57128,RIU LLOBREGAT,57843,SIN NOMBRE
57128,RIU LLOBREGAT,57844,SIN NOMBRE
57128,RIU LLOBREGAT,57845,SIN NOMBRE
57128,RIU LLOBREGAT,57907,SIN NOMBRE
57128,RIU LLOBREGAT,58486,SIN NOMBRE
57128,RIU LLOBREGAT,58487,SIN NOMBRE
57128,RIU LLOBREGAT,58512,SIN NOMBRE
57128,RIU LLOBREGAT,58658,SIN NOMBRE
57128,RIU LLOBREGAT,58659,SIN NOMBRE
57128,RIU LLOBREGAT,58660,SIN NOMBRE
57128,RIU LLOBREGAT,58661,SIN NOMBRE
57128,RIU LLOBREGAT,58871,SIN NOMBRE
57128,RIU LLOBREGAT,58872,SIN NOMBRE
57128,RIU LLOBREGAT,58873,SIN NOMBRE
57128,RIU LLOBREGAT,58874,SIN NOMBRE
57128,RIU LLOBREGAT,58875,SIN NOMBRE
57128,RIU LLOBREGAT,58878,SIN NOMBRE
57128,RIU LLOBREGAT,58883,SIN NOMBRE
57128,RIU LLOBREGAT,58906,SIN NOMBRE
57128,RIU LLOBREGAT,58907,SIN NOMBRE
57128,RIU LLOBREGAT,58908,SIN NOMBRE
57128,RIU LLOBREGAT,58919,SIN NOMBRE
57128,RIU LLOBREGAT,58920,SIN NOMBRE
57128,RIU LLOBREGAT,58921,SIN NOMBRE
57128,RIU LLOBREGAT,58933,SIN NOMBRE
57128,RIU LLOBREGAT,58934,SIN NOMBRE
57128,RIU LLOBREGAT,58935,SIN NOMBRE
57128,RIU LLOBREGAT,58936,SIN NOMBRE
57128,RIU LLOBREGAT,58937,SIN NOMBRE
57128,RIU LLOBREGAT,58938,SIN NOMBRE
57128,RIU LLOBREGAT,58940,SIN NOMBRE
57128,RIU LLOBREGAT,59031,SIN NOMBRE
57128,RIU LLOBREGAT,59032,SIN NOMBRE
57128,RIU LLOBREGAT,59037,SIN NOMBRE
57128,RIU LLOBREGAT,59063,SIN NOMBRE
57128,RIU LLOBREGAT,59088,SIN NOMBRE
57128,RIU LLOBREGAT,59161,SIN NOMBRE
57128,RIU LLOBREGAT,59162,SIN NOMBRE
57128,RIU LLOBREGAT,59192,SIN NOMBRE
57128,RIU LLOBREGAT,59195,SIN NOMBRE
57128,RIU LLOBREGAT,59252,SIN NOMBRE
57128,RIU LLOBREGAT,59298,SIN NOMBRE
57128,RIU LLOBREGAT,59310,SIN NOMBRE
57128,RIU LLOBREGAT,59315,SIN NOMBRE
57128,RIU LLOBREGAT,59316,SIN NOMBRE
57128,RIU LLOBREGAT,59319,SIN NOMBRE
57128,RIU LLOBREGAT,59351,SIN NOMBRE
57128,RIU LLOBREGAT,59355,SIN NOMBRE
57128,RIU LLOBREGAT,59356,SIN NOMBRE
57129,RIERA DE CAN PINYOL,57130,SIN NOMBRE
57129,RIERA DE CAN PINYOL,57131,SIN NOMBRE
57130,SIN NOMBRE,57130,SIN NOMBRE
57131,SIN NOMBRE,57131,SIN NOMBRE
57134,RIERA DE SANT JUST,57135,SIN NOMBRE
57134,RIERA DE SANT JUST,57136,SIN NOMBRE
57135,SIN NOMBRE,57135,SIN NOMBRE
57136,SIN NOMBRE,57136,SIN NOMBRE
57137,RIERA DE CAN JULIA,57138,SIN NOMBRE
57138,SIN NOMBRE,57138,SIN NOMBRE
57139,SIN NOMBRE,57139,SIN NOMBRE
57142,TORRENT DE LES TORRES,57143,SIN NOMBRE
57142,TORRENT DE LES TORRES,57144,SIN NOMBRE
57143,SIN NOMBRE,57143,SIN NOMBRE
57144,SIN NOMBRE,57144,SIN NOMBRE
57146,RIERA DE TORRELLES,57149,SIN NOMBRE
57146,RIERA DE TORRELLES,57150,SIN NOMBRE
57146,RIERA DE TORRELLES,57152,SIN NOMBRE
57146,RIERA DE TORRELLES,57156,SIN NOMBRE
57147,TORRENT DE CAN COSTA,57148,SIN NOMBRE
57148,SIN NOMBRE,57148,SIN NOMBRE
57149,SIN NOMBRE,57149,SIN NOMBRE
57150,SIN NOMBRE,57150,SIN NOMBRE
57152,SIN NOMBRE,57152,SIN NOMBRE
57153,TORRENT DE LA FONT DE L'ALBA,57154,SIN NOMBRE
57154,SIN NOMBRE,57154,SIN NOMBRE
57156,SIN NOMBRE,57156,SIN NOMBRE
57158,SIN NOMBRE,57158,SIN NOMBRE
57160,RIERA DE CERVELLO,57175,SIN NOMBRE
57160,RIERA DE CERVELLO,57179,SIN NOMBRE
57161,RIERA DE RAFAMANS O RIERA DE CORBERA,57162,SIN NOMBRE
57161,RIERA DE RAFAMANS O RIERA DE CORBERA,57163,SIN NOMBRE
57161,RIERA DE RAFAMANS O RIERA DE CORBERA,57164,SIN NOMBRE
57161,RIERA DE RAFAMANS O RIERA DE CORBERA,57165,SIN NOMBRE
57162,SIN NOMBRE,57162,SIN NOMBRE
57163,SIN NOMBRE,57163,SIN NOMBRE
57164,SIN NOMBRE,57164,SIN NOMBRE
57165,SIN NOMBRE,57165,SIN NOMBRE
57169,FONDO DE CAN DISPANYA,57171,SIN NOMBRE
57169,FONDO DE CAN DISPANYA,57172,SIN NOMBRE
57171,SIN NOMBRE,57171,SIN NOMBRE
57171,SIN NOMBRE,57172,SIN NOMBRE
57172,SIN NOMBRE,57171,SIN NOMBRE
57172,SIN NOMBRE,57172,SIN NOMBRE
57175,SIN NOMBRE,57175,SIN NOMBRE
57176,RIERA DE SANTA MARIA,57177,SIN NOMBRE
57176,RIERA DE SANTA MARIA,57178,SIN NOMBRE
57177,SIN NOMBRE,57177,SIN NOMBRE
57178,SIN NOMBRE,57178,SIN NOMBRE
57179,SIN NOMBRE,57179,SIN NOMBRE
57180,TORRENT DE CAMPDERROS,57181,SIN NOMBRE
57180,TORRENT DE CAMPDERROS,57184,SIN NOMBRE
57181,SIN NOMBRE,57181,SIN NOMBRE
57181,SIN NOMBRE,57182,SIN NOMBRE
57181,SIN NOMBRE,57183,SIN NOMBRE
57181,SIN NOMBRE,57184,SIN NOMBRE
57182,SIN NOMBRE,57182,SIN NOMBRE
57183,SIN NOMBRE,57183,SIN NOMBRE
57184,SIN NOMBRE,57181,SIN NOMBRE
57184,SIN NOMBRE,57184,SIN NOMBRE
57185,FONDO D'EN MUNTANER,57186,SIN NOMBRE
57186,SIN NOMBRE,57186,SIN NOMBRE
57188,RIERA DE VALLVIDRERA,57190,SIN NOMBRE
57188,RIERA DE VALLVIDRERA,57191,SIN NOMBRE
57188,RIERA DE VALLVIDRERA,57192,SIN NOMBRE
57188,RIERA DE VALLVIDRERA,57193,SIN NOMBRE
57188,RIERA DE VALLVIDRERA,57194,SIN NOMBRE
57188,RIERA DE VALLVIDRERA,57195,SIN NOMBRE
57190,SIN NOMBRE,57190,SIN NOMBRE
57191,SIN NOMBRE,57191,SIN NOMBRE
57192,SIN NOMBRE,57192,SIN NOMBRE
57193,SIN NOMBRE,57193,SIN NOMBRE
57194,SIN NOMBRE,57194,SIN NOMBRE
57195,SIN NOMBRE,57195,SIN NOMBRE
57197,TORRENT DE BATZACS,57198,SIN NOMBRE
57198,SIN NOMBRE,57198,SIN NOMBRE
57199,RIERA DE RUBI,57200,SIN NOMBRE
57199,RIERA DE RUBI,57201,SIN NOMBRE
57199,RIERA DE RUBI,57228,SIN NOMBRE
57199,RIERA DE RUBI,57231,SIN NOMBRE
57199,RIERA DE RUBI,57232,SIN NOMBRE
57200,SIN NOMBRE,57200,SIN NOMBRE
57201,SIN NOMBRE,57201,SIN NOMBRE
57206,TORRENT DE CAN BELASC,57209,SIN NOMBRE
57207,TORRENT DE CAN TALLAFIGUERES,57208,SIN NOMBRE
57208,SIN NOMBRE,57208,SIN NOMBRE
57209,SIN NOMBRE,57209,SIN NOMBRE
57210,TORRENT DE CAN BADAL,57211,SIN NOMBRE
57210,TORRENT DE CAN BADAL,57217,SIN NOMBRE
57211,SIN NOMBRE,57211,SIN NOMBRE
57211,SIN NOMBRE,57212,SIN NOMBRE
57211,SIN NOMBRE,57213,SIN NOMBRE
57211,SIN NOMBRE,57214,SIN NOMBRE
57211,SIN NOMBRE,57216,SIN NOMBRE
57211,SIN NOMBRE,57217,SIN NOMBRE
57212,SIN NOMBRE,57212,SIN NOMBRE
57213,SIN NOMBRE,57213,SIN NOMBRE
57214,SIN NOMBRE,57214,SIN NOMBRE
57214,SIN NOMBRE,57215,SIN NOMBRE
57215,SIN NOMBRE,57215,SIN NOMBRE
57216,SIN NOMBRE,57216,SIN NOMBRE
57217,SIN NOMBRE,57211,SIN NOMBRE
57217,SIN NOMBRE,57217,SIN NOMBRE
57219,TORRENT DE XERCAVINS,57220,SIN NOMBRE
57220,SIN NOMBRE,57220,SIN NOMBRE
57221,TORRENT DE CAN SOLA,57222,SIN NOMBRE
57222,SIN NOMBRE,57222,SIN NOMBRE
57223,TORRENT DE SANT MUÇ,57224,SIN NOMBRE
57224,SIN NOMBRE,57224,SIN NOMBRE
57225,TORRENT DE CAN FERRAN,57226,SIN NOMBRE
57225,TORRENT DE CAN FERRAN,57227,SIN NOMBRE
57226,SIN NOMBRE,57226,SIN NOMBRE
57227,SIN NOMBRE,57227,SIN NOMBRE
57228,SIN NOMBRE,57228,SIN NOMBRE
57229,TORRENT DE CAN CORBERA,57230,SIN NOMBRE
57230,SIN NOMBRE,57230,SIN NOMBRE
57231,SIN NOMBRE,57231,SIN NOMBRE
57232,SIN NOMBRE,57232,SIN NOMBRE
57233,RIERA DEL PALAU,57234,SIN NOMBRE
57233,RIERA DEL PALAU,57236,SIN NOMBRE
57233,RIERA DEL PALAU,57237,SIN NOMBRE
57233,RIERA DEL PALAU,57238,SIN NOMBRE
57234,SIN NOMBRE,57234,SIN NOMBRE
57236,SIN NOMBRE,57236,SIN NOMBRE
57237,SIN NOMBRE,57237,SIN NOMBRE
57238,SIN NOMBRE,57238,SIN NOMBRE
57239,TORRENT MITGER DE CA N'AMAT,57240,SIN NOMBRE
57240,SIN NOMBRE,57240,SIN NOMBRE
57242,RIERA DE CAN BOGUNYA,57245,SIN NOMBRE
57243,TORRENT DE CAN BOGUNYA,57244,SIN NOMBRE
57244,SIN NOMBRE,57244,SIN NOMBRE
57245,SIN NOMBRE,57245,SIN NOMBRE
57246,RIERA DE LES ARENES,57247,SIN NOMBRE
57246,RIERA DE LES ARENES,57248,SIN NOMBRE
57246,RIERA DE LES ARENES,57251,SIN NOMBRE
57246,RIERA DE LES ARENES,57252,SIN NOMBRE
57246,RIERA DE LES ARENES,57253,SIN NOMBRE
57246,RIERA DE LES ARENES,57254,SIN NOMBRE
57246,RIERA DE LES ARENES,57257,SIN NOMBRE
57246,RIERA DE LES ARENES,57258,SIN NOMBRE
57246,RIERA DE LES ARENES,57259,SIN NOMBRE
57246,RIERA DE LES ARENES,57260,SIN NOMBRE
57246,RIERA DE LES ARENES,57261,SIN NOMBRE
57246,RIERA DE LES ARENES,57262,SIN NOMBRE
57246,RIERA DE LES ARENES,57263,SIN NOMBRE
57246,RIERA DE LES ARENES,57264,SIN NOMBRE
57247,SIN NOMBRE,57247,SIN NOMBRE
57248,SIN NOMBRE,57248,SIN NOMBRE
57249,TORRENT DE LA FONT DE LA RIBA,57250,SIN NOMBRE
57250,SIN NOMBRE,57250,SIN NOMBRE
57251,SIN NOMBRE,57251,SIN NOMBRE
57252,SIN NOMBRE,57252,SIN NOMBRE
57253,SIN NOMBRE,57253,SIN NOMBRE
57254,SIN NOMBRE,57254,SIN NOMBRE
57255,CANAL DE LA PEDRERA,57256,SIN NOMBRE
57256,SIN NOMBRE,57256,SIN NOMBRE
57257,SIN NOMBRE,57257,SIN NOMBRE
57258,SIN NOMBRE,57258,SIN NOMBRE
57259,SIN NOMBRE,57259,SIN NOMBRE
57260,SIN NOMBRE,57260,SIN NOMBRE
57261,SIN NOMBRE,57261,SIN NOMBRE
57262,SIN NOMBRE,57262,SIN NOMBRE
57263,SIN NOMBRE,57263,SIN NOMBRE
57264,SIN NOMBRE,57264,SIN NOMBRE
57266,SIN NOMBRE,57266,SIN NOMBRE
57267,RIERA DE CORBERA,57268,SIN NOMBRE
57267,RIERA DE CORBERA,57270,SIN NOMBRE
57267,RIERA DE CORBERA,57271,SIN NOMBRE
57267,RIERA DE CORBERA,57272,SIN NOMBRE
57268,SIN NOMBRE,57268,SIN NOMBRE
57270,SIN NOMBRE,57270,SIN NOMBRE
57271,SIN NOMBRE,57271,SIN NOMBRE
57272,SIN NOMBRE,57272,SIN NOMBRE
57273,SIN NOMBRE,57273,SIN NOMBRE
57274,RIERA DE LA GAIOLA,57275,SIN NOMBRE
57275,SIN NOMBRE,57275,SIN NOMBRE
57276,RIERA DE MITJANS,57277,SIN NOMBRE
57277,SIN NOMBRE,57277,SIN NOMBRE
57279,SIN NOMBRE,57279,SIN NOMBRE
57280,TORRENT DE PEGUERES,57281,SIN NOMBRE
57281,SIN NOMBRE,57281,SIN NOMBRE
57283,TORRENT DE L'ANOIA,57284,SIN NOMBRE
57283,TORRENT DE L'ANOIA,57287,SIN NOMBRE
57283,TORRENT DE L'ANOIA,57295,SIN NOMBRE
57283,TORRENT DE L'ANOIA,57297,SIN NOMBRE
57283,TORRENT DE L'ANOIA,57317,SIN NOMBRE
57283,TORRENT DE L'ANOIA,57322,SIN NOMBRE
57283,TORRENT DE L'ANOIA,57329,SIN NOMBRE
57283,TORRENT DE L'ANOIA,57371,SIN NOMBRE
57283,TORRENT DE L'ANOIA,57372,SIN NOMBRE
57283,TORRENT DE L'ANOIA,57374,SIN NOMBRE
57283,TORRENT DE L'ANOIA,57419,SIN NOMBRE
57283,TORRENT DE L'ANOIA,57421,SIN NOMBRE
57283,TORRENT DE L'ANOIA,57430,SIN NOMBRE
57283,TORRENT DE L'ANOIA,57439,SIN NOMBRE
57283,TORRENT DE L'ANOIA,57468,SIN NOMBRE
57283,TORRENT DE L'ANOIA,57475,SIN NOMBRE
57283,TORRENT DE L'ANOIA,57480,SIN NOMBRE
57283,TORRENT DE L'ANOIA,57482,SIN NOMBRE
57283,TORRENT DE L'ANOIA,57483,SIN NOMBRE
57283,TORRENT DE L'ANOIA,57484,SIN NOMBRE
57283,TORRENT DE L'ANOIA,57488,SIN NOMBRE
57283,TORRENT DE L'ANOIA,57495,SIN NOMBRE
57283,TORRENT DE L'ANOIA,57577,SIN NOMBRE
57283,TORRENT DE L'ANOIA,57585,SIN NOMBRE
57283,TORRENT DE L'ANOIA,57616,SIN NOMBRE
57284,SIN NOMBRE,57284,SIN NOMBRE
57285,TORRENT DE LES DEVESES,57286,SIN NOMBRE
57286,SIN NOMBRE,57286,SIN NOMBRE
57287,SIN NOMBRE,57287,SIN NOMBRE
57289,TORRENT DELS MURRIS,57290,SIN NOMBRE
57290,SIN NOMBRE,57290,SIN NOMBRE
57295,SIN NOMBRE,57295,SIN NOMBRE
57297,SIN NOMBRE,57297,SIN NOMBRE
57299,RIU RIERUSSA,57300,SIN NOMBRE
57300,SIN NOMBRE,57300,SIN NOMBRE
57302,TORRENT DE CAN BOSC,57303,SIN NOMBRE
57303,SIN NOMBRE,57303,SIN NOMBRE
57305,TORRENT DE LA FONTSANTA,57306,SIN NOMBRE
57305,TORRENT DE LA FONTSANTA,57308,SIN NOMBRE
57305,TORRENT DE LA FONTSANTA,57313,SIN NOMBRE
57306,SIN NOMBRE,57306,SIN NOMBRE
57308,SIN NOMBRE,57308,SIN NOMBRE
57310,TORRENT DE LA PEDROSA,57311,SIN NOMBRE
57310,TORRENT DE LA PEDROSA,57312,SIN NOMBRE
57311,SIN NOMBRE,57311,SIN NOMBRE
57311,SIN NOMBRE,57312,SIN NOMBRE
57312,SIN NOMBRE,57311,SIN NOMBRE
57312,SIN NOMBRE,57312,SIN NOMBRE
57313,SIN NOMBRE,57313,SIN NOMBRE
57314,TORRENT DEL SALT DE CAN LLOPARD,57315,SIN NOMBRE
57315,SIN NOMBRE,57315,SIN NOMBRE
57317,SIN NOMBRE,57317,SIN NOMBRE
57318,TORRENT DE SANT MIGUEL,57319,SIN NOMBRE
57319,SIN NOMBRE,57319,SIN NOMBRE
57320,TORRENT DE VALLBARDINA,57321,SIN NOMBRE
57321,SIN NOMBRE,57321,SIN NOMBRE
57322,SIN NOMBRE,57322,SIN NOMBRE
57323,FONDO DE PARELLADA,57324,SIN NOMBRE
57324,SIN NOMBRE,57324,SIN NOMBRE
57325,TORRENT DE CAN TORRES,57326,SIN NOMBRE
57326,SIN NOMBRE,57326,SIN NOMBRE
57329,SIN NOMBRE,57329,SIN NOMBRE
57330,TORRENT DE CAN VERMELL,57331,SIN NOMBRE
57331,SIN NOMBRE,57331,SIN NOMBRE
57332,TORRENT DEL SALT DEL LLOP,57333,SIN NOMBRE
57332,TORRENT DEL SALT DEL LLOP,57334,SIN NOMBRE
57333,SIN NOMBRE,57333,SIN NOMBRE
57333,SIN NOMBRE,57334,SIN NOMBRE
57334,SIN NOMBRE,57333,SIN NOMBRE
57334,SIN NOMBRE,57334,SIN NOMBRE
57335,RIERA DE LAVERNO,57336,SIN NOMBRE
57335,RIERA DE LAVERNO,57340,SIN NOMBRE
57336,SIN NOMBRE,57336,SIN NOMBRE
57338,TORRENT DE LA FONT DE JUI,57339,SIN NOMBRE
57339,SIN NOMBRE,57339,SIN NOMBRE
57340,SIN NOMBRE,57340,SIN NOMBRE
57341,RIERA DE SANTA FE,57358,SIN NOMBRE
57342,TORRENT DE SABANELL O DELS BRIVONS,57343,SIN NOMBRE
57342,TORRENT DE SABANELL O DELS BRIVONS,57344,SIN NOMBRE
57343,SIN NOMBRE,57343,SIN NOMBRE
57344,SIN NOMBRE,57344,SIN NOMBRE
57345,TORRENT DE CAL CERDA,57348,SIN NOMBRE
57348,SIN NOMBRE,57348,SIN NOMBRE
57349,TORRENT DE CANTALLOPS,57350,SIN NOMBRE
57349,TORRENT DE CANTALLOPS,57357,SIN NOMBRE
57350,SIN NOMBRE,57350,SIN NOMBRE
57352,TORRENT D'AVINYO,57353,SIN NOMBRE
57352,TORRENT D'AVINYO,57354,SIN NOMBRE
57353,SIN NOMBRE,57353,SIN NOMBRE
57353,SIN NOMBRE,57354,SIN NOMBRE
57354,SIN NOMBRE,57353,SIN NOMBRE
57354,SIN NOMBRE,57354,SIN NOMBRE
57357,SIN NOMBRE,57357,SIN NOMBRE
57358,SIN NOMBRE,57358,SIN NOMBRE
57359,RIERA DEL ROMANI,57360,SIN NOMBRE
57359,RIERA DEL ROMANI,57361,SIN NOMBRE
57360,SIN NOMBRE,57360,SIN NOMBRE
57361,SIN NOMBRE,57361,SIN NOMBRE
57363,TORRENT DE LES TARUMBES,57366,SIN NOMBRE
57366,SIN NOMBRE,57366,SIN NOMBRE
57369,TORRENT DE LA FONT FRESCA,57370,SIN NOMBRE
57370,SIN NOMBRE,57370,SIN NOMBRE
57371,SIN NOMBRE,57371,SIN NOMBRE
57372,SIN NOMBRE,57372,SIN NOMBRE
57374,SIN NOMBRE,57374,SIN NOMBRE
57375,TORRENT DE CAN BENET,57374,SIN NOMBRE
57377,RIU DE BITLLES,57378,SIN NOMBRE
57377,RIU DE BITLLES,57382,SIN NOMBRE
57377,RIU DE BITLLES,57383,SIN NOMBRE
57377,RIU DE BITLLES,57386,SIN NOMBRE
57378,SIN NOMBRE,57378,SIN NOMBRE
57379,TORRENT DEL CEMENTIRI,57380,SIN NOMBRE
57379,TORRENT DEL CEMENTIRI,57381,SIN NOMBRE
57380,SIN NOMBRE,57380,SIN NOMBRE
57381,SIN NOMBRE,57381,SIN NOMBRE
57382,SIN NOMBRE,57382,SIN NOMBRE
57383,SIN NOMBRE,57383,SIN NOMBRE
57386,SIN NOMBRE,57386,SIN NOMBRE
57387,TORRENT DEL DUC,57386,SIN NOMBRE
57387,TORRENT DEL DUC,57388,SIN NOMBRE
57387,TORRENT DEL DUC,57392,SIN NOMBRE
57388,SIN NOMBRE,57388,SIN NOMBRE
57390,TORRENT DE VALLDELLOS,57391,SIN NOMBRE
57391,SIN NOMBRE,57391,SIN NOMBRE
57392,SIN NOMBRE,57392,SIN NOMBRE
57393,RIERA DE MEDIONA,57396,SIN NOMBRE
57393,RIERA DE MEDIONA,57397,SIN NOMBRE
57393,RIERA DE MEDIONA,57403,SIN NOMBRE
57393,RIERA DE MEDIONA,57404,SIN NOMBRE
57393,RIERA DE MEDIONA,57407,SIN NOMBRE
57394,TORRENT DE GUINYOLES,57395,SIN NOMBRE
57395,SIN NOMBRE,57395,SIN NOMBRE
57396,SIN NOMBRE,57396,SIN NOMBRE
57397,SIN NOMBRE,57397,SIN NOMBRE
57401,TORRENT DE CAN CARBONELL,57402,SIN NOMBRE
57402,SIN NOMBRE,57402,SIN NOMBRE
57403,SIN NOMBRE,57403,SIN NOMBRE
57404,SIN NOMBRE,57404,SIN NOMBRE
57405,TORRENT DE PUIGFRED,57406,SIN NOMBRE
57406,SIN NOMBRE,57406,SIN NOMBRE
57407,SIN NOMBRE,57407,SIN NOMBRE
57413,RIERA DE LA LLACUNA,57415,SIN NOMBRE
57413,RIERA DE LA LLACUNA,57418,SIN NOMBRE
57415,SIN NOMBRE,57415,SIN NOMBRE
57416,RIERA DE LA MOLINADA,57417,SIN NOMBRE
57417,SIN NOMBRE,57417,SIN NOMBRE
57418,SIN NOMBRE,57418,SIN NOMBRE
57419,SIN NOMBRE,57419,SIN NOMBRE
57421,SIN NOMBRE,57421,SIN NOMBRE
57425,TORRENT DEL PATUMAS,57426,SIN NOMBRE
57425,TORRENT DEL PATUMAS,57427,SIN NOMBRE
57426,SIN NOMBRE,57426,SIN NOMBRE
57427,SIN NOMBRE,57427,SIN NOMBRE
57430,SIN NOMBRE,57430,SIN NOMBRE
57431,TORRENT FONDO,57432,SIN NOMBRE
57432,SIN NOMBRE,57432,SIN NOMBRE
57436,TORRENT DEL CARRIO,57437,SIN NOMBRE
57436,TORRENT DEL CARRIO,57438,SIN NOMBRE
57437,SIN NOMBRE,57437,SIN NOMBRE
57437,SIN NOMBRE,57438,SIN NOMBRE
57438,SIN NOMBRE,57437,SIN NOMBRE
57438,SIN NOMBRE,57438,SIN NOMBRE
57439,SIN NOMBRE,57439,SIN NOMBRE
57441,TORRENT DE LA CREMADA,57444,SIN NOMBRE
57441,TORRENT DE LA CREMADA,57447,SIN NOMBRE
57442,TORRENT DE LA BLEDA,57443,SIN NOMBRE
57443,SIN NOMBRE,57443,SIN NOMBRE
57444,SIN NOMBRE,57444,SIN NOMBRE
57445,TORRENT DEL MAL PAS,57446,SIN NOMBRE
57446,SIN NOMBRE,57446,SIN NOMBRE
57447,SIN NOMBRE,57447,SIN NOMBRE
57449,RIU GUINOVARDA,57450,SIN NOMBRE
57450,SIN NOMBRE,57450,SIN NOMBRE
57455,RIERA DE CA N'AGUILERA,57456,SIN NOMBRE
57455,RIERA DE CA N'AGUILERA,57457,SIN NOMBRE
57455,RIERA DE CA N'AGUILERA,57458,SIN NOMBRE
57455,RIERA DE CA N'AGUILERA,57459,SIN NOMBRE
57455,RIERA DE CA N'AGUILERA,57460,SIN NOMBRE
57455,RIERA DE CA N'AGUILERA,57461,SIN NOMBRE
57455,RIERA DE CA N'AGUILERA,57462,SIN NOMBRE
57456,SIN NOMBRE,57456,SIN NOMBRE
57457,SIN NOMBRE,57457,SIN NOMBRE
57458,SIN NOMBRE,57458,SIN NOMBRE
57459,SIN NOMBRE,57459,SIN NOMBRE
57460,SIN NOMBRE,57460,SIN NOMBRE
57461,SIN NOMBRE,57461,SIN NOMBRE
57462,SIN NOMBRE,57462,SIN NOMBRE
57464,TORRENT DE LA GUIXANA,57465,SIN NOMBRE
57464,TORRENT DE LA GUIXANA,57467,SIN NOMBRE
57465,SIN NOMBRE,57465,SIN NOMBRE
57465,SIN NOMBRE,57466,SIN NOMBRE
57465,SIN NOMBRE,57467,SIN NOMBRE
57466,SIN NOMBRE,57466,SIN NOMBRE
57467,SIN NOMBRE,57465,SIN NOMBRE
57467,SIN NOMBRE,57467,SIN NOMBRE
57468,SIN NOMBRE,57468,SIN NOMBRE
57469,RIERA SECA,57470,SIN NOMBRE
57469,RIERA SECA,57473,SIN NOMBRE
57469,RIERA SECA,57474,SIN NOMBRE
57470,SIN NOMBRE,57470,SIN NOMBRE
57473,SIN NOMBRE,57473,SIN NOMBRE
57474,SIN NOMBRE,57474,SIN NOMBRE
57475,SIN NOMBRE,57475,SIN NOMBRE
57476,TORRENT DE LA PEDRERA,57477,SIN NOMBRE
57477,SIN NOMBRE,57477,SIN NOMBRE
57480,SIN NOMBRE,57480,SIN NOMBRE
57482,SIN NOMBRE,57482,SIN NOMBRE
57483,SIN NOMBRE,57483,SIN NOMBRE
57484,SIN NOMBRE,57484,SIN NOMBRE
57485,TORRENT DE LA FONT D'EN PLANES,57486,SIN NOMBRE
57485,TORRENT DE LA FONT D'EN PLANES,57487,SIN NOMBRE
57486,SIN NOMBRE,57486,SIN NOMBRE
57487,SIN NOMBRE,57487,SIN NOMBRE
57488,SIN NOMBRE,57488,SIN NOMBRE
57489,TORRENT DEL FORN D'EN MONNER,57490,SIN NOMBRE
57489,TORRENT DEL FORN D'EN MONNER,57491,SIN NOMBRE
57489,TORRENT DEL FORN D'EN MONNER,57492,SIN NOMBRE
57489,TORRENT DEL FORN D'EN MONNER,57493,SIN NOMBRE
57489,TORRENT DEL FORN D'EN MONNER,57494,SIN NOMBRE
57490,SIN NOMBRE,57490,SIN NOMBRE
57491,SIN NOMBRE,57491,SIN NOMBRE
57491,SIN NOMBRE,57492,SIN NOMBRE
57492,SIN NOMBRE,57491,SIN NOMBRE
57492,SIN NOMBRE,57492,SIN NOMBRE
57493,SIN NOMBRE,57493,SIN NOMBRE
57494,SIN NOMBRE,57494,SIN NOMBRE
57495,SIN NOMBRE,57495,SIN NOMBRE
57496,RIERA DE CARME,57498,SIN NOMBRE
57496,RIERA DE CARME,57503,SIN NOMBRE
57496,RIERA DE CARME,57504,SIN NOMBRE
57496,RIERA DE CARME,57507,SIN NOMBRE
57496,RIERA DE CARME,57508,SIN NOMBRE
57498,SIN NOMBRE,57498,SIN NOMBRE
57501,TORRENT DEL MANOU,57502,SIN NOMBRE
57502,SIN NOMBRE,57502,SIN NOMBRE
57503,SIN NOMBRE,57503,SIN NOMBRE
57504,SIN NOMBRE,57504,SIN NOMBRE
57505,TORRENT DE LES ESCODINES,57506,SIN NOMBRE
57506,SIN NOMBRE,57506,SIN NOMBRE
57507,SIN NOMBRE,57507,SIN NOMBRE
57508,SIN NOMBRE,57508,SIN NOMBRE
57509,RIERA DE MIRALLES,57510,SIN NOMBRE
57509,RIERA DE MIRALLES,57518,SIN NOMBRE
57509,RIERA DE MIRALLES,57519,SIN NOMBRE
57509,RIERA DE MIRALLES,57520,SIN NOMBRE
57509,RIERA DE MIRALLES,57521,SIN NOMBRE
57509,RIERA DE MIRALLES,57522,SIN NOMBRE
57510,SIN NOMBRE,57510,SIN NOMBRE
57511,TORRENT DE LA CREU D'EN FRANÇOLA,57512,SIN NOMBRE
57512,SIN NOMBRE,57512,SIN NOMBRE
57514,RIERA DE LES COLOMINES,57515,SIN NOMBRE
57514,RIERA DE LES COLOMINES,57516,SIN NOMBRE
57514,RIERA DE LES COLOMINES,57517,SIN NOMBRE
57515,SIN NOMBRE,57515,SIN NOMBRE
57516,SIN NOMBRE,57516,SIN NOMBRE
57517,SIN NOMBRE,57517,SIN NOMBRE
57518,SIN NOMBRE,57518,SIN NOMBRE
57519,SIN NOMBRE,57519,SIN NOMBRE
57520,SIN NOMBRE,57520,SIN NOMBRE
57521,SIN NOMBRE,57521,SIN NOMBRE
57522,SIN NOMBRE,57522,SIN NOMBRE
57523,TORRENT DE LA LLANÇANA,57524,SIN NOMBRE
57524,SIN NOMBRE,57524,SIN NOMBRE
57526,TORRENT D'ESTANELLA,57527,SIN NOMBRE
57527,SIN NOMBRE,57527,SIN NOMBRE
57527,SIN NOMBRE,57528,SIN NOMBRE
57528,SIN NOMBRE,57528,SIN NOMBRE
57533,TORRENT DEL RAVAL,57551,SIN NOMBRE
57534,RIERA DE CASTELLOLI,57536,SIN NOMBRE
57534,RIERA DE CASTELLOLI,57539,SIN NOMBRE
57536,SIN NOMBRE,57536,SIN NOMBRE
57537,TORRENT DE CAN PALA,57538,SIN NOMBRE
57538,SIN NOMBRE,57538,SIN NOMBRE
57539,SIN NOMBRE,57539,SIN NOMBRE
57540,TORRENT DEL FIGUEROLA,57541,SIN NOMBRE
57541,SIN NOMBRE,57541,SIN NOMBRE
57544,TORRENT DE GÜELLS,57545,SIN NOMBRE
57544,TORRENT DE GÜELLS,57546,SIN NOMBRE
57545,SIN NOMBRE,57545,SIN NOMBRE
57545,SIN NOMBRE,57546,SIN NOMBRE
57546,SIN NOMBRE,57545,SIN NOMBRE
57546,SIN NOMBRE,57546,SIN NOMBRE
57546,SIN NOMBRE,57547,SIN NOMBRE
57547,SIN NOMBRE,57547,SIN NOMBRE
57547,SIN NOMBRE,57548,SIN NOMBRE
57548,SIN NOMBRE,57548,SIN NOMBRE
57551,SIN NOMBRE,57551,SIN NOMBRE
57552,TORRENT DE CAN BERNADES,57553,SIN NOMBRE
57553,SIN NOMBRE,57553,SIN NOMBRE
57559,TORRENT DE CAL CODOL,57560,SIN NOMBRE
57560,SIN NOMBRE,57560,SIN NOMBRE
57562,TORRENT DE CAN BRUNET,57563,SIN NOMBRE
57563,SIN NOMBRE,57563,SIN NOMBRE
57568,TORRENT DE PUIGBUFER,57571,SIN NOMBRE
57571,SIN NOMBRE,57571,SIN NOMBRE
57572,TORRENT DE LES BRUIXES,57573,SIN NOMBRE
57572,TORRENT DE LES BRUIXES,57574,SIN NOMBRE
57572,TORRENT DE LES BRUIXES,57575,SIN NOMBRE
57572,TORRENT DE LES BRUIXES,57576,SIN NOMBRE
57573,SIN NOMBRE,57573,SIN NOMBRE
57574,SIN NOMBRE,57574,SIN NOMBRE
57575,SIN NOMBRE,57575,SIN NOMBRE
57576,SIN NOMBRE,57576,SIN NOMBRE
57577,SIN NOMBRE,57577,SIN NOMBRE
57585,SIN NOMBRE,57585,SIN NOMBRE
57586,RIERA DE TOUS,57591,SIN NOMBRE
57586,RIERA DE TOUS,57606,SIN NOMBRE
57586,RIERA DE TOUS,57607,SIN NOMBRE
57586,RIERA DE TOUS,57609,SIN NOMBRE
57587,TORRENT D'EN FELIU,57588,SIN NOMBRE
57587,TORRENT D'EN FELIU,57589,SIN NOMBRE
57587,TORRENT D'EN FELIU,57590,SIN NOMBRE
57588,SIN NOMBRE,57588,SIN NOMBRE
57589,SIN NOMBRE,57589,SIN NOMBRE
57590,SIN NOMBRE,57590,SIN NOMBRE
57591,SIN NOMBRE,57591,SIN NOMBRE
57599,RIERA DE LA ROQUETA,57600,SIN NOMBRE
57599,RIERA DE LA ROQUETA,57604,SIN NOMBRE
57599,RIERA DE LA ROQUETA,57605,SIN NOMBRE
57600,SIN NOMBRE,57600,SIN NOMBRE
57604,SIN NOMBRE,57604,SIN NOMBRE
57605,SIN NOMBRE,57605,SIN NOMBRE
57606,SIN NOMBRE,57606,SIN NOMBRE
57607,SIN NOMBRE,57607,SIN NOMBRE
57609,SIN NOMBRE,57609,SIN NOMBRE
57613,BARRANC DE L'INFERN,57615,SIN NOMBRE
57615,SIN NOMBRE,57615,SIN NOMBRE
57616,SIN NOMBRE,57616,SIN NOMBRE
57619,RIERA DE CLARIANA,57623,SIN NOMBRE
57619,RIERA DE CLARIANA,57625,SIN NOMBRE
57619,RIERA DE CLARIANA,57626,SIN NOMBRE
57623,SIN NOMBRE,57623,SIN NOMBRE
57625,SIN NOMBRE,57625,SIN NOMBRE
57626,SIN NOMBRE,57626,SIN NOMBRE
57633,TORRENT DE CAN MORERA,57638,SIN NOMBRE
57634,TORRENT DE LES MARRINXES,57635,SIN NOMBRE
57635,SIN NOMBRE,57635,SIN NOMBRE
57638,SIN NOMBRE,57638,SIN NOMBRE
57639,TORRENT DE L'OBAGA DE PUIGGROS,57640,SIN NOMBRE
57640,SIN NOMBRE,57640,SIN NOMBRE
57642,TORRENT DE LES MUNTADES,57643,SIN NOMBRE
57643,SIN NOMBRE,57643,SIN NOMBRE
57646,RASA DE LA COMA,57647,SIN NOMBRE
57647,SIN NOMBRE,57647,SIN NOMBRE
57653,TORRENT DEL MOLI DE LES VINYES,57654,SIN NOMBRE
57653,TORRENT DEL MOLI DE LES VINYES,57655,SIN NOMBRE
57654,SIN NOMBRE,57654,SIN NOMBRE
57655,SIN NOMBRE,57655,SIN NOMBRE
57660,RIERA DE VECIANA,57661,SIN NOMBRE
57660,RIERA DE VECIANA,57662,SIN NOMBRE
57660,RIERA DE VECIANA,57663,SIN NOMBRE
57660,RIERA DE VECIANA,57680,SIN NOMBRE
57661,SIN NOMBRE,57661,SIN NOMBRE
57662,SIN NOMBRE,57662,SIN NOMBRE
57663,SIN NOMBRE,57663,SIN NOMBRE
57664,BARRANC DE VECIANA,57667,SIN NOMBRE
57664,BARRANC DE VECIANA,57668,SIN NOMBRE
57664,BARRANC DE VECIANA,57669,SIN NOMBRE
57664,BARRANC DE VECIANA,57670,SIN NOMBRE
57664,BARRANC DE VECIANA,57671,SIN NOMBRE
57667,SIN NOMBRE,57667,SIN NOMBRE
57668,SIN NOMBRE,57668,SIN NOMBRE
57669,SIN NOMBRE,57669,SIN NOMBRE
57670,SIN NOMBRE,57670,SIN NOMBRE
57671,SIN NOMBRE,57671,SIN NOMBRE
57672,RIERA GRAN,57673,SIN NOMBRE
57672,RIERA GRAN,57674,SIN NOMBRE
57672,RIERA GRAN,57675,SIN NOMBRE
57672,RIERA GRAN,57676,SIN NOMBRE
57672,RIERA GRAN,57679,SIN NOMBRE
57673,SIN NOMBRE,57673,SIN NOMBRE
57674,SIN NOMBRE,57674,SIN NOMBRE
57675,SIN NOMBRE,57675,SIN NOMBRE
57676,SIN NOMBRE,57676,SIN NOMBRE
57677,RASA DE VALENTI,57678,SIN NOMBRE
57678,SIN NOMBRE,57678,SIN NOMBRE
57679,SIN NOMBRE,57679,SIN NOMBRE
57680,SIN NOMBRE,57680,SIN NOMBRE
57681,RIERA DE SANT PERE,57682,SIN NOMBRE
57681,RIERA DE SANT PERE,57683,SIN NOMBRE
57681,RIERA DE SANT PERE,57684,SIN NOMBRE
57681,RIERA DE SANT PERE,57688,SIN NOMBRE
57681,RIERA DE SANT PERE,57692,SIN NOMBRE
57681,RIERA DE SANT PERE,57694,SIN NOMBRE
57682,SIN NOMBRE,57682,SIN NOMBRE
57683,SIN NOMBRE,57683,SIN NOMBRE
57684,SIN NOMBRE,57684,SIN NOMBRE
57685,TORRENT DE CA L'ANDREU,57686,SIN NOMBRE
57686,SIN NOMBRE,57686,SIN NOMBRE
57688,SIN NOMBRE,57688,SIN NOMBRE
57689,TORRENT DE LA MANRESANA,57690,SIN NOMBRE
57690,SIN NOMBRE,57690,SIN NOMBRE
57692,SIN NOMBRE,57692,SIN NOMBRE
57692,SIN NOMBRE,57693,SIN NOMBRE
57693,SIN NOMBRE,57693,SIN NOMBRE
57694,SIN NOMBRE,57694,SIN NOMBRE
57696,SIN NOMBRE,57696,SIN NOMBRE
57697,TORRENT DE LLOPS,57698,SIN NOMBRE
57698,SIN NOMBRE,57698,SIN NOMBRE
57701,TORRENT DELS CANALS,57702,SIN NOMBRE
57701,TORRENT DELS CANALS,57703,SIN NOMBRE
57702,SIN NOMBRE,57702,SIN NOMBRE
57702,SIN NOMBRE,57703,SIN NOMBRE
57703,SIN NOMBRE,57702,SIN NOMBRE
57703,SIN NOMBRE,57703,SIN NOMBRE
57708,TORRENT DEL CAMI,57709,SIN NOMBRE
57708,TORRENT DEL CAMI,57710,SIN NOMBRE
57709,SIN NOMBRE,57709,SIN NOMBRE
57709,SIN NOMBRE,57710,SIN NOMBRE
57710,SIN NOMBRE,57709,SIN NOMBRE
57710,SIN NOMBRE,57710,SIN NOMBRE
57711,RIERA DEL MORRAL DEL MOLI,57712,SIN NOMBRE
57711,RIERA DEL MORRAL DEL MOLI,57713,SIN NOMBRE
57711,RIERA DEL MORRAL DEL MOLI,57715,SIN NOMBRE
57712,SIN NOMBRE,57712,SIN NOMBRE
57713,SIN NOMBRE,57713,SIN NOMBRE
57715,SIN NOMBRE,57715,SIN NOMBRE
57717,RIERA DE CAN TRULLAS,57720,SIN NOMBRE
57717,RIERA DE CAN TRULLAS,57722,SIN NOMBRE
57718,TORRENT DE CAN BAIONA,57719,SIN NOMBRE
57719,SIN NOMBRE,57719,SIN NOMBRE
57720,SIN NOMBRE,57720,SIN NOMBRE
57722,SIN NOMBRE,57722,SIN NOMBRE
57723,RIERA DE LA TORRE,57724,SIN NOMBRE
57723,RIERA DE LA TORRE,57725,SIN NOMBRE
57723,RIERA DE LA TORRE,57732,SIN NOMBRE
57724,SIN NOMBRE,57724,SIN NOMBRE
57725,SIN NOMBRE,57725,SIN NOMBRE
57729,RIERA DEL BOIXADELL,57730,SIN NOMBRE
57729,RIERA DEL BOIXADELL,57731,SIN NOMBRE
57730,SIN NOMBRE,57730,SIN NOMBRE
57731,SIN NOMBRE,57731,SIN NOMBRE
57732,SIN NOMBRE,57732,SIN NOMBRE
57734,RIERA DE GAIA,57735,SIN NOMBRE
57734,RIERA DE GAIA,57745,SIN NOMBRE
57734,RIERA DE GAIA,57751,SIN NOMBRE
57735,SIN NOMBRE,57735,SIN NOMBRE
57740,TORRENT DE CAN PURULL,57741,SIN NOMBRE
57740,TORRENT DE CAN PURULL,57742,SIN NOMBRE
57741,SIN NOMBRE,57741,SIN NOMBRE
57741,SIN NOMBRE,57742,SIN NOMBRE
57742,SIN NOMBRE,57741,SIN NOMBRE
57742,SIN NOMBRE,57742,SIN NOMBRE
57745,SIN NOMBRE,57745,SIN NOMBRE
57746,TORRENT DEL LLOR,57747,SIN NOMBRE
57746,TORRENT DEL LLOR,57748,SIN NOMBRE
57746,TORRENT DEL LLOR,57749,SIN NOMBRE
57747,SIN NOMBRE,57747,SIN NOMBRE
57748,SIN NOMBRE,57748,SIN NOMBRE
57749,SIN NOMBRE,57749,SIN NOMBRE
57751,SIN NOMBRE,57751,SIN NOMBRE
57752,TORRENT DE LA FONT DE LA TEULA,57753,SIN NOMBRE
57753,SIN NOMBRE,57753,SIN NOMBRE
57756,TORRENT DELS CAUS,57757,SIN NOMBRE
57757,SIN NOMBRE,57757,SIN NOMBRE
57759,SIN NOMBRE,57759,SIN NOMBRE
57760,SIN NOMBRE,57760,SIN NOMBRE
57762,SIN NOMBRE,57762,SIN NOMBRE
57764,SIN NOMBRE,57764,SIN NOMBRE
57764,SIN NOMBRE,57765,SIN NOMBRE
57765,SIN NOMBRE,57765,SIN NOMBRE
57767,RIERA DE PIEROLA,57792,SIN NOMBRE
57767,RIERA DE PIEROLA,57793,SIN NOMBRE
57767,RIERA DE PIEROLA,57794,SIN NOMBRE
57767,RIERA DE PIEROLA,57795,SIN NOMBRE
57767,RIERA DE PIEROLA,57796,SIN NOMBRE
57767,RIERA DE PIEROLA,57797,SIN NOMBRE
57767,RIERA DE PIEROLA,57800,SIN NOMBRE
57767,RIERA DE PIEROLA,57801,SIN NOMBRE
57767,RIERA DE PIEROLA,57802,SIN NOMBRE
57767,RIERA DE PIEROLA,57803,SIN NOMBRE
57767,RIERA DE PIEROLA,57804,SIN NOMBRE
57767,RIERA DE PIEROLA,57805,SIN NOMBRE
57767,RIERA DE PIEROLA,57810,SIN NOMBRE
57768,RIERA DE MASQUEFA,57781,SIN NOMBRE
57768,RIERA DE MASQUEFA,57782,SIN NOMBRE
57768,RIERA DE MASQUEFA,57783,SIN NOMBRE
57771,RIERA DE CLARET,57775,SIN NOMBRE
57771,RIERA DE CLARET,57778,SIN NOMBRE
57771,RIERA DE CLARET,57779,SIN NOMBRE
57771,RIERA DE CLARET,57780,SIN NOMBRE
57775,SIN NOMBRE,57775,SIN NOMBRE
57776,TORRENT DE L'HOME MORT,57777,SIN NOMBRE
57777,SIN NOMBRE,57777,SIN NOMBRE
57778,SIN NOMBRE,57778,SIN NOMBRE
57779,SIN NOMBRE,57779,SIN NOMBRE
57780,SIN NOMBRE,57780,SIN NOMBRE
57781,SIN NOMBRE,57781,SIN NOMBRE
57782,SIN NOMBRE,57782,SIN NOMBRE
57783,SIN NOMBRE,57783,SIN NOMBRE
57786,TORRENT DE CAN GALARD,57787,SIN NOMBRE
57787,SIN NOMBRE,57787,SIN NOMBRE
57788,TORRENT DE CAN FOSALBA,57789,SIN NOMBRE
57789,SIN NOMBRE,57789,SIN NOMBRE
57790,TORRENT DE CAN GUINEU,57791,SIN NOMBRE
57791,SIN NOMBRE,57791,SIN NOMBRE
57792,SIN NOMBRE,57792,SIN NOMBRE
57793,SIN NOMBRE,57793,SIN NOMBRE
57794,SIN NOMBRE,57794,SIN NOMBRE
57795,SIN NOMBRE,57795,SIN NOMBRE
57796,SIN NOMBRE,57796,SIN NOMBRE
57797,SIN NOMBRE,57797,SIN NOMBRE
57798,TORRENT DEL MARGANTI,57799,SIN NOMBRE
57799,SIN NOMBRE,57799,SIN NOMBRE
57800,SIN NOMBRE,57800,SIN NOMBRE
57801,SIN NOMBRE,57801,SIN NOMBRE
57802,SIN NOMBRE,57802,SIN NOMBRE
57803,SIN NOMBRE,57803,SIN NOMBRE
57804,SIN NOMBRE,57804,SIN NOMBRE
57805,SIN NOMBRE,57805,SIN NOMBRE
57807,TORRENT DEL CLOT DEL TRUMFO,57808,SIN NOMBRE
57807,TORRENT DEL CLOT DEL TRUMFO,57809,SIN NOMBRE
57808,SIN NOMBRE,57808,SIN NOMBRE
57808,SIN NOMBRE,57809,SIN NOMBRE
57809,SIN NOMBRE,57808,SIN NOMBRE
57809,SIN NOMBRE,57809,SIN NOMBRE
57810,SIN NOMBRE,57810,SIN NOMBRE
57811,RIERA DE CAN DALMASES O TORRENT MAL,57812,SIN NOMBRE
57811,RIERA DE CAN DALMASES O TORRENT MAL,57819,SIN NOMBRE
57811,RIERA DE CAN DALMASES O TORRENT MAL,57823,SIN NOMBRE
57812,SIN NOMBRE,57812,SIN NOMBRE
57815,TORRENT DE LA MAÇANA,57816,SIN NOMBRE
57815,TORRENT DE LA MAÇANA,57818,SIN NOMBRE
57816,SIN NOMBRE,57816,SIN NOMBRE
57816,SIN NOMBRE,57817,SIN NOMBRE
57816,SIN NOMBRE,57818,SIN NOMBRE
57817,SIN NOMBRE,57817,SIN NOMBRE
57818,SIN NOMBRE,57816,SIN NOMBRE
57818,SIN NOMBRE,57818,SIN NOMBRE
57819,SIN NOMBRE,57819,SIN NOMBRE
57823,SIN NOMBRE,57823,SIN NOMBRE
57824,SIN NOMBRE,57824,SIN NOMBRE
57825,RIERA DE CANYAMASSOS,57826,SIN NOMBRE
57826,SIN NOMBRE,57826,SIN NOMBRE
57827,RIERA D'OROMIR,57828,SIN NOMBRE
57827,RIERA D'OROMIR,57829,SIN NOMBRE
57828,SIN NOMBRE,57828,SIN NOMBRE
57828,SIN NOMBRE,57829,SIN NOMBRE
57829,SIN NOMBRE,57828,SIN NOMBRE
57829,SIN NOMBRE,57829,SIN NOMBRE
57830,RIERA DEL PUIG,57831,SIN NOMBRE
57831,SIN NOMBRE,57831,SIN NOMBRE
57836,TORRENT DE L'AFRAU,57837,SIN NOMBRE
57837,SIN NOMBRE,57837,SIN NOMBRE
57838,SIN NOMBRE,57838,SIN NOMBRE
57839,TORRENT DE LA SALUT,57840,SIN NOMBRE
57840,SIN NOMBRE,57840,SIN NOMBRE
57842,SIN NOMBRE,57842,SIN NOMBRE
57843,SIN NOMBRE,57843,SIN NOMBRE
57844,SIN NOMBRE,57844,SIN NOMBRE
57845,SIN NOMBRE,57845,SIN NOMBRE
57846,TORRENT DEL ROSSINYOL,57847,SIN NOMBRE
57847,SIN NOMBRE,57847,SIN NOMBRE
57848,TORRENT DEL TORTUGUER,57849,SIN NOMBRE
57849,SIN NOMBRE,57849,SIN NOMBRE
57850,RIERA DEL PALA,57858,SIN NOMBRE
57850,RIERA DEL PALA,57859,SIN NOMBRE
57850,RIERA DEL PALA,57860,SIN NOMBRE
57850,RIERA DEL PALA,57862,SIN NOMBRE
57850,RIERA DEL PALA,57863,SIN NOMBRE
57851,TORRENT DELS OMS,57852,SIN NOMBRE
57851,TORRENT DELS OMS,57853,SIN NOMBRE
57851,TORRENT DELS OMS,57855,SIN NOMBRE
57852,SIN NOMBRE,57852,SIN NOMBRE
57853,SIN NOMBRE,57853,SIN NOMBRE
57855,SIN NOMBRE,57855,SIN NOMBRE
57856,TORRENT DEL TEIX,57857,SIN NOMBRE
57857,SIN NOMBRE,57857,SIN NOMBRE
57858,SIN NOMBRE,57858,SIN NOMBRE
57859,SIN NOMBRE,57859,SIN NOMBRE
57860,SIN NOMBRE,57860,SIN NOMBRE
57862,SIN NOMBRE,57862,SIN NOMBRE
57863,SIN NOMBRE,57863,SIN NOMBRE
57866,RIERA DE MARGANELL,57867,SIN NOMBRE
57866,RIERA DE MARGANELL,57868,SIN NOMBRE
57866,RIERA DE MARGANELL,57869,SIN NOMBRE
57866,RIERA DE MARGANELL,57871,SIN NOMBRE
57866,RIERA DE MARGANELL,57876,SIN NOMBRE
57866,RIERA DE MARGANELL,57877,SIN NOMBRE
57866,RIERA DE MARGANELL,57879,SIN NOMBRE
57866,RIERA DE MARGANELL,57880,SIN NOMBRE
57866,RIERA DE MARGANELL,57885,SIN NOMBRE
57866,RIERA DE MARGANELL,57886,SIN NOMBRE
57866,RIERA DE MARGANELL,57888,SIN NOMBRE
57866,RIERA DE MARGANELL,57889,SIN NOMBRE
57867,SIN NOMBRE,57867,SIN NOMBRE
57868,SIN NOMBRE,57868,SIN NOMBRE
57869,SIN NOMBRE,57869,SIN NOMBRE
57871,SIN NOMBRE,57871,SIN NOMBRE
57873,TORRENT DE CAN MARTORELL,57874,SIN NOMBRE
57873,TORRENT DE CAN MARTORELL,57875,SIN NOMBRE
57874,SIN NOMBRE,57874,SIN NOMBRE
57875,SIN NOMBRE,57875,SIN NOMBRE
57876,SIN NOMBRE,57876,SIN NOMBRE
57877,SIN NOMBRE,57877,SIN NOMBRE
57879,SIN NOMBRE,57879,SIN NOMBRE
57880,SIN NOMBRE,57880,SIN NOMBRE
57881,TORRENT DE LA FONT POMA,57882,SIN NOMBRE
57881,TORRENT DE LA FONT POMA,57883,SIN NOMBRE
57881,TORRENT DE LA FONT POMA,57884,SIN NOMBRE
57882,SIN NOMBRE,57882,SIN NOMBRE
57883,SIN NOMBRE,57883,SIN NOMBRE
57884,SIN NOMBRE,57884,SIN NOMBRE
57885,SIN NOMBRE,57885,SIN NOMBRE
57886,SIN NOMBRE,57886,SIN NOMBRE
57886,SIN NOMBRE,57887,SIN NOMBRE
57887,SIN NOMBRE,57887,SIN NOMBRE
57888,SIN NOMBRE,57888,SIN NOMBRE
57889,SIN NOMBRE,57889,SIN NOMBRE
57890,RIERA DE RELLINARS,57893,SIN NOMBRE
57890,RIERA DE RELLINARS,57899,SIN NOMBRE
57891,TORRENT DE LES PASTERES,57892,SIN NOMBRE
57892,SIN NOMBRE,57892,SIN NOMBRE
57893,SIN NOMBRE,57893,SIN NOMBRE
57895,TORRENT DE L'ESBARZER,57896,SIN NOMBRE
57895,TORRENT DE L'ESBARZER,57898,SIN NOMBRE
57896,SIN NOMBRE,57896,SIN NOMBRE
57898,SIN NOMBRE,57898,SIN NOMBRE
57899,SIN NOMBRE,57899,SIN NOMBRE
57901,TORRENT DE LA SAIOLA,57902,SIN NOMBRE
57901,TORRENT DE LA SAIOLA,57903,SIN NOMBRE
57902,SIN NOMBRE,57902,SIN NOMBRE
57903,SIN NOMBRE,57903,SIN NOMBRE
57905,TORRENT DE CAN JOAN DOMINGO,57906,SIN NOMBRE
57906,SIN NOMBRE,57906,SIN NOMBRE
57907,SIN NOMBRE,57907,SIN NOMBRE
57908,RIERA DE CASTELLET,57909,SIN NOMBRE
57908,RIERA DE CASTELLET,57910,SIN NOMBRE
57909,SIN NOMBRE,57909,SIN NOMBRE
57910,SIN NOMBRE,57910,SIN NOMBRE
57911,RIERA DEL GALL,57912,SIN NOMBRE
57911,RIERA DEL GALL,57913,SIN NOMBRE
57912,SIN NOMBRE,57912,SIN NOMBRE
57913,SIN NOMBRE,57913,SIN NOMBRE
57915,TORRENT DEL RUBIO,57916,SIN NOMBRE
57916,SIN NOMBRE,57916,SIN NOMBRE
57917,RIU CARDENER,57918,SIN NOMBRE
57917,RIU CARDENER,58018,SIN NOMBRE
57917,RIU CARDENER,58019,SIN NOMBRE
57917,RIU CARDENER,58067,SIN NOMBRE
57917,RIU CARDENER,58083,SIN NOMBRE
57917,RIU CARDENER,58091,SIN NOMBRE
57917,RIU CARDENER,58138,SIN NOMBRE
57917,RIU CARDENER,58151,SIN NOMBRE
57917,RIU CARDENER,58152,SIN NOMBRE
57917,RIU CARDENER,58153,SIN NOMBRE
57917,RIU CARDENER,58154,SIN NOMBRE
57917,RIU CARDENER,58155,SIN NOMBRE
57917,RIU CARDENER,58215,SIN NOMBRE
57917,RIU CARDENER,58343,SIN NOMBRE
57917,RIU CARDENER,58358,SIN NOMBRE
57917,RIU CARDENER,58376,SIN NOMBRE
57917,RIU CARDENER,58391,SIN NOMBRE
57917,RIU CARDENER,58455,SIN NOMBRE
57917,RIU CARDENER,58464,SIN NOMBRE
57917,RIU CARDENER,58473,SIN NOMBRE
57917,RIU CARDENER,58474,SIN NOMBRE
57917,RIU CARDENER,58475,SIN NOMBRE
57918,SIN NOMBRE,57918,SIN NOMBRE
57919,RIERA DE CORNET,57920,SIN NOMBRE
57919,RIERA DE CORNET,57921,SIN NOMBRE
57919,RIERA DE CORNET,57953,SIN NOMBRE
57920,SIN NOMBRE,57920,SIN NOMBRE
57921,SIN NOMBRE,57921,SIN NOMBRE
57922,RIU RASOT,57923,SIN NOMBRE
57922,RIU RASOT,57924,SIN NOMBRE
57923,SIN NOMBRE,57923,SIN NOMBRE
57923,SIN NOMBRE,57924,SIN NOMBRE
57924,SIN NOMBRE,57923,SIN NOMBRE
57924,SIN NOMBRE,57924,SIN NOMBRE
57926,TORRENT DE MASSAC O DELS COLOMERS,57927,SIN NOMBRE
57927,SIN NOMBRE,57927,SIN NOMBRE
57928,RIERA DE GUARDIOLA,57931,SIN NOMBRE
57928,RIERA DE GUARDIOLA,57953,SIN NOMBRE
57931,SIN NOMBRE,57931,SIN NOMBRE
57932,TORRENT DE CAN CANYELLES,57933,SIN NOMBRE
57932,TORRENT DE CAN CANYELLES,57934,SIN NOMBRE
57933,SIN NOMBRE,57933,SIN NOMBRE
57934,SIN NOMBRE,57934,SIN NOMBRE
57935,TORRENT DE CAN TORRE,57937,SIN NOMBRE
57937,SIN NOMBRE,57937,SIN NOMBRE
57938,TORRENT DE CAL TON VIVES,57939,SIN NOMBRE
57939,SIN NOMBRE,57939,SIN NOMBRE
57941,TORRENT DE CAL BONASTRE,57942,SIN NOMBRE
57941,TORRENT DE CAL BONASTRE,57947,SIN NOMBRE
57941,TORRENT DE CAL BONASTRE,57952,SIN NOMBRE
57942,SIN NOMBRE,57942,SIN NOMBRE
57943,TORRENT DE JULENQUES,57945,SIN NOMBRE
57945,SIN NOMBRE,57945,SIN NOMBRE
57947,SIN NOMBRE,57947,SIN NOMBRE
57948,TORRENT DELS PELAGS,57951,SIN NOMBRE
57951,SIN NOMBRE,57951,SIN NOMBRE
57952,SIN NOMBRE,57952,SIN NOMBRE
57953,SIN NOMBRE,57953,SIN NOMBRE
57954,RIERA DE RAJADELL,57955,SIN NOMBRE
57954,RIERA DE RAJADELL,57956,SIN NOMBRE
57954,RIERA DE RAJADELL,57960,SIN NOMBRE
57954,RIERA DE RAJADELL,57961,SIN NOMBRE
57954,RIERA DE RAJADELL,57962,SIN NOMBRE
57954,RIERA DE RAJADELL,57971,SIN NOMBRE
57954,RIERA DE RAJADELL,57972,SIN NOMBRE
57954,RIERA DE RAJADELL,57974,SIN NOMBRE
57954,RIERA DE RAJADELL,58009,SIN NOMBRE
57954,RIERA DE RAJADELL,58010,SIN NOMBRE
57954,RIERA DE RAJADELL,58012,SIN NOMBRE
57955,SIN NOMBRE,57955,SIN NOMBRE
57956,SIN NOMBRE,57956,SIN NOMBRE
57957,TORRENT DE L'INFERN,57958,SIN NOMBRE
57957,TORRENT DE L'INFERN,57959,SIN NOMBRE
57958,SIN NOMBRE,57958,SIN NOMBRE
57959,SIN NOMBRE,57959,SIN NOMBRE
57960,SIN NOMBRE,57960,SIN NOMBRE
57961,SIN NOMBRE,57961,SIN NOMBRE
57962,SIN NOMBRE,57962,SIN NOMBRE
57968,TORRENT DE CAN TORRE,57970,SIN NOMBRE
57970,SIN NOMBRE,57970,SIN NOMBRE
57971,SIN NOMBRE,57971,SIN NOMBRE
57972,SIN NOMBRE,57972,SIN NOMBRE
57974,SIN NOMBRE,57974,SIN NOMBRE
57975,RIERA DE GREVALOSA,57976,SIN NOMBRE
57975,RIERA DE GREVALOSA,57980,SIN NOMBRE
57975,RIERA DE GREVALOSA,57981,SIN NOMBRE
57975,RIERA DE GREVALOSA,57982,SIN NOMBRE
57975,RIERA DE GREVALOSA,57983,SIN NOMBRE
57975,RIERA DE GREVALOSA,57984,SIN NOMBRE
57975,RIERA DE GREVALOSA,57985,SIN NOMBRE
57976,SIN NOMBRE,57976,SIN NOMBRE
57980,SIN NOMBRE,57980,SIN NOMBRE
57981,SIN NOMBRE,57981,SIN NOMBRE
57982,SIN NOMBRE,57982,SIN NOMBRE
57983,SIN NOMBRE,57983,SIN NOMBRE
57984,SIN NOMBRE,57984,SIN NOMBRE
57985,SIN NOMBRE,57985,SIN NOMBRE
57986,RIERA DE MAÇANA,57988,SIN NOMBRE
57986,RIERA DE MAÇANA,57993,SIN NOMBRE
57986,RIERA DE MAÇANA,57994,SIN NOMBRE
57986,RIERA DE MAÇANA,57995,SIN NOMBRE
57986,RIERA DE MAÇANA,57996,SIN NOMBRE
57986,RIERA DE MAÇANA,58003,SIN NOMBRE
57988,SIN NOMBRE,57988,SIN NOMBRE
57991,TORRENT DE SEGUERS,57992,SIN NOMBRE
57992,SIN NOMBRE,57992,SIN NOMBRE
57993,SIN NOMBRE,57993,SIN NOMBRE
57994,SIN NOMBRE,57994,SIN NOMBRE
57995,SIN NOMBRE,57995,SIN NOMBRE
57996,SIN NOMBRE,57996,SIN NOMBRE
57996,SIN NOMBRE,57997,SIN NOMBRE
57996,SIN NOMBRE,57999,SIN NOMBRE
57996,SIN NOMBRE,58000,SIN NOMBRE
57997,SIN NOMBRE,57997,SIN NOMBRE
57997,SIN NOMBRE,57998,SIN NOMBRE
57998,SIN NOMBRE,57998,SIN NOMBRE
57999,SIN NOMBRE,57999,SIN NOMBRE
58000,SIN NOMBRE,58000,SIN NOMBRE
58001,TORRENT DE CAN MATES,58002,SIN NOMBRE
58002,SIN NOMBRE,58002,SIN NOMBRE
58003,SIN NOMBRE,58003,SIN NOMBRE
58004,TORRENT BO,58005,SIN NOMBRE
58004,TORRENT BO,58006,SIN NOMBRE
58004,TORRENT BO,58007,SIN NOMBRE
58004,TORRENT BO,58008,SIN NOMBRE
58005,SIN NOMBRE,58005,SIN NOMBRE
58006,SIN NOMBRE,58006,SIN NOMBRE
58007,SIN NOMBRE,58007,SIN NOMBRE
58008,SIN NOMBRE,58008,SIN NOMBRE
58009,SIN NOMBRE,58009,SIN NOMBRE
58010,SIN NOMBRE,58010,SIN NOMBRE
58012,SIN NOMBRE,58012,SIN NOMBRE
58013,TORRENT DE BOIXADORS,58012,SIN NOMBRE
58013,TORRENT DE BOIXADORS,58015,SIN NOMBRE
58015,SIN NOMBRE,58015,SIN NOMBRE
58015,SIN NOMBRE,58016,SIN NOMBRE
58016,SIN NOMBRE,58016,SIN NOMBRE
58018,SIN NOMBRE,58018,SIN NOMBRE
58019,SIN NOMBRE,58019,SIN NOMBRE
58020,TORRENT DEL CANIGO,58021,SIN NOMBRE
58021,SIN NOMBRE,58021,SIN NOMBRE
58022,TORRENT DE LES TORRES,58023,SIN NOMBRE
58023,SIN NOMBRE,58023,SIN NOMBRE
58024,RIERA DE FONOLLOSA,58025,SIN NOMBRE
58024,RIERA DE FONOLLOSA,58026,SIN NOMBRE
58025,SIN NOMBRE,58025,SIN NOMBRE
58026,SIN NOMBRE,58026,SIN NOMBRE
58027,RIERA DE FALS,58026,SIN NOMBRE
58027,RIERA DE FALS,58036,SIN NOMBRE
58027,RIERA DE FALS,58042,SIN NOMBRE
58029,TORRENT DE LA VALL DEL PUIG,58031,SIN NOMBRE
58029,TORRENT DE LA VALL DEL PUIG,58032,SIN NOMBRE
58029,TORRENT DE LA VALL DEL PUIG,58033,SIN NOMBRE
58031,SIN NOMBRE,58031,SIN NOMBRE
58032,SIN NOMBRE,58032,SIN NOMBRE
58033,SIN NOMBRE,58033,SIN NOMBRE
58034,RASA DE SOCIATS,58035,SIN NOMBRE
58035,SIN NOMBRE,58035,SIN NOMBRE
58036,SIN NOMBRE,58036,SIN NOMBRE
58038,TORRENT DE FONOLLOSA O RAVAL DE POCAFARINA,58041,SIN NOMBRE
58039,TORRENT DE CAL MORERA,58040,SIN NOMBRE
58040,SIN NOMBRE,58040,SIN NOMBRE
58041,SIN NOMBRE,58041,SIN NOMBRE
58042,SIN NOMBRE,58042,SIN NOMBRE
58043,TORRENT DE LA VALL,58044,SIN NOMBRE
58043,TORRENT DE LA VALL,58045,SIN NOMBRE
58044,SIN NOMBRE,58044,SIN NOMBRE
58045,SIN NOMBRE,58045,SIN NOMBRE
58046,RIERA DE JONCADELLA,58047,SIN NOMBRE
58047,SIN NOMBRE,58047,SIN NOMBRE
58049,RIERA DE BELLVER,58051,SIN NOMBRE
58049,RIERA DE BELLVER,58052,SIN NOMBRE
58051,SIN NOMBRE,58051,SIN NOMBRE
58052,SIN NOMBRE,58052,SIN NOMBRE
58055,TORRENT DE VILADELLEVA,58056,SIN NOMBRE
58056,SIN NOMBRE,58056,SIN NOMBRE
58057,RIERA VALVER,58058,SIN NOMBRE
58058,SIN NOMBRE,58058,SIN NOMBRE
58061,TORRENT DE JAUMANDREU,58062,SIN NOMBRE
58062,SIN NOMBRE,58062,SIN NOMBRE
58062,SIN NOMBRE,58063,SIN NOMBRE
58063,SIN NOMBRE,58063,SIN NOMBRE
58065,TORRENT DE LES PLANES,58066,SIN NOMBRE
58066,SIN NOMBRE,58066,SIN NOMBRE
58067,SIN NOMBRE,58067,SIN NOMBRE
58067,SIN NOMBRE,58068,SIN NOMBRE
58068,SIN NOMBRE,58068,SIN NOMBRE
58070,TORRENT DE CAN MATEU,58071,SIN NOMBRE
58071,SIN NOMBRE,58071,SIN NOMBRE
58073,RIERA DE TORDELL,58074,SIN NOMBRE
58073,RIERA DE TORDELL,58076,SIN NOMBRE
58073,RIERA DE TORDELL,58077,SIN NOMBRE
58073,RIERA DE TORDELL,58082,SIN NOMBRE
58074,SIN NOMBRE,58074,SIN NOMBRE
58076,SIN NOMBRE,58076,SIN NOMBRE
58077,SIN NOMBRE,58077,SIN NOMBRE
58078,RIERA DE SANT CUGAT,58079,SIN NOMBRE
58078,RIERA DE SANT CUGAT,58081,SIN NOMBRE
58079,SIN NOMBRE,58079,SIN NOMBRE
58081,SIN NOMBRE,58081,SIN NOMBRE
58082,SIN NOMBRE,58082,SIN NOMBRE
58083,SIN NOMBRE,58083,SIN NOMBRE
58084,RIERA D'HORTONS,58085,SIN NOMBRE
58084,RIERA D'HORTONS,58088,SIN NOMBRE
58084,RIERA D'HORTONS,58089,SIN NOMBRE
58085,SIN NOMBRE,58085,SIN NOMBRE
58088,SIN NOMBRE,58088,SIN NOMBRE
58089,SIN NOMBRE,58089,SIN NOMBRE
58091,SIN NOMBRE,58091,SIN NOMBRE
58092,RIERA DE COANER,58093,SIN NOMBRE
58092,RIERA DE COANER,58096,SIN NOMBRE
58092,RIERA DE COANER,58098,SIN NOMBRE
58093,SIN NOMBRE,58093,SIN NOMBRE
58096,SIN NOMBRE,58096,SIN NOMBRE
58098,SIN NOMBRE,58098,SIN NOMBRE
58099,TORRENT DE LA RASA,58100,SIN NOMBRE
58099,TORRENT DE LA RASA,58101,SIN NOMBRE
58099,TORRENT DE LA RASA,58102,SIN NOMBRE
58099,TORRENT DE LA RASA,58103,SIN NOMBRE
58099,TORRENT DE LA RASA,58104,SIN NOMBRE
58099,TORRENT DE LA RASA,58105,SIN NOMBRE
58099,TORRENT DE LA RASA,58106,SIN NOMBRE
58100,SIN NOMBRE,58100,SIN NOMBRE
58101,SIN NOMBRE,58101,SIN NOMBRE
58102,SIN NOMBRE,58102,SIN NOMBRE
58103,SIN NOMBRE,58103,SIN NOMBRE
58104,SIN NOMBRE,58104,SIN NOMBRE
58105,SIN NOMBRE,58105,SIN NOMBRE
58106,SIN NOMBRE,58106,SIN NOMBRE
58107,RIERA D'UTGES,58108,SIN NOMBRE
58107,RIERA D'UTGES,58109,SIN NOMBRE
58108,SIN NOMBRE,58108,SIN NOMBRE
58108,SIN NOMBRE,58109,SIN NOMBRE
58109,SIN NOMBRE,58108,SIN NOMBRE
58109,SIN NOMBRE,58109,SIN NOMBRE
58112,RIERA DE SALO,58113,SIN NOMBRE
58113,SIN NOMBRE,58113,SIN NOMBRE
58117,RIERA MATAMARGO O DE SALO,58133,SIN NOMBRE
58117,RIERA MATAMARGO O DE SALO,58134,SIN NOMBRE
58117,RIERA MATAMARGO O DE SALO,58135,SIN NOMBRE
58118,CLOT DE LES BIGUES,58119,SIN NOMBRE
58119,SIN NOMBRE,58119,SIN NOMBRE
58120,RIERA DE VALLMANYA,58122,SIN NOMBRE
58120,RIERA DE VALLMANYA,58128,SIN NOMBRE
58120,RIERA DE VALLMANYA,58129,SIN NOMBRE
58120,RIERA DE VALLMANYA,58130,SIN NOMBRE
58120,RIERA DE VALLMANYA,58131,SIN NOMBRE
58122,SIN NOMBRE,58122,SIN NOMBRE
58124,BARRANC DE CAL XONIC,58127,SIN NOMBRE
58127,SIN NOMBRE,58127,SIN NOMBRE
58128,SIN NOMBRE,58128,SIN NOMBRE
58129,SIN NOMBRE,58129,SIN NOMBRE
58130,SIN NOMBRE,58130,SIN NOMBRE
58131,SIN NOMBRE,58131,SIN NOMBRE
58131,SIN NOMBRE,58132,SIN NOMBRE
58132,SIN NOMBRE,58132,SIN NOMBRE
58133,SIN NOMBRE,58133,SIN NOMBRE
58134,SIN NOMBRE,58134,SIN NOMBRE
58135,SIN NOMBRE,58135,SIN NOMBRE
58138,SIN NOMBRE,58138,SIN NOMBRE
58139,RASA DE DIVINS,58140,SIN NOMBRE
58139,RASA DE DIVINS,58143,SIN NOMBRE
58140,SIN NOMBRE,58140,SIN NOMBRE
58141,TORRENT DE CAL FELIX,58142,SIN NOMBRE
58142,SIN NOMBRE,58142,SIN NOMBRE
58143,SIN NOMBRE,58143,SIN NOMBRE
58144,TORRENT DE LURDES,58146,SIN NOMBRE
58146,SIN NOMBRE,58146,SIN NOMBRE
58147,RASA DE LA CREU DE LES LLACERES,58148,SIN NOMBRE
58147,RASA DE LA CREU DE LES LLACERES,58150,SIN NOMBRE
58148,SIN NOMBRE,58148,SIN NOMBRE
58150,SIN NOMBRE,58150,SIN NOMBRE
58151,SIN NOMBRE,58151,SIN NOMBRE
58152,SIN NOMBRE,58152,SIN NOMBRE
58153,SIN NOMBRE,58153,SIN NOMBRE
58154,SIN NOMBRE,58154,SIN NOMBRE
58155,SIN NOMBRE,58155,SIN NOMBRE
58156,TORRENT DE TRESSERRES,58157,SIN NOMBRE
58156,TORRENT DE TRESSERRES,58158,SIN NOMBRE
58157,SIN NOMBRE,58157,SIN NOMBRE
58158,SIN NOMBRE,58158,SIN NOMBRE
58159,RIERA DE VALLDEPERES,58161,SIN NOMBRE
58161,SIN NOMBRE,58161,SIN NOMBRE
58162,RIERA DE NAVEL,58163,SIN NOMBRE
58162,RIERA DE NAVEL,58187,SIN NOMBRE
58163,SIN NOMBRE,58163,SIN NOMBRE
58164,RASA DEL CARRA,58165,SIN NOMBRE
58165,SIN NOMBRE,58165,SIN NOMBRE
58166,RASA DE L'HOSPITAL,58167,SIN NOMBRE
58166,RASA DE L'HOSPITAL,58168,SIN NOMBRE
58167,SIN NOMBRE,58167,SIN NOMBRE
58168,SIN NOMBRE,58168,SIN NOMBRE
58171,RASA DE BOIXEDERA,58178,SIN NOMBRE
58171,RASA DE BOIXEDERA,58179,SIN NOMBRE
58171,RASA DE BOIXEDERA,58183,SIN NOMBRE
58171,RASA DE BOIXEDERA,58184,SIN NOMBRE
58172,TORRENT DEL VERDAGUE,58173,SIN NOMBRE
58172,TORRENT DEL VERDAGUE,58174,SIN NOMBRE
58173,SIN NOMBRE,58173,SIN NOMBRE
58173,SIN NOMBRE,58174,SIN NOMBRE
58174,SIN NOMBRE,58173,SIN NOMBRE
58174,SIN NOMBRE,58174,SIN NOMBRE
58174,SIN NOMBRE,58175,SIN NOMBRE
58174,SIN NOMBRE,58176,SIN NOMBRE
58175,SIN NOMBRE,58175,SIN NOMBRE
58176,SIN NOMBRE,58176,SIN NOMBRE
58178,SIN NOMBRE,58178,SIN NOMBRE
58179,SIN NOMBRE,58179,SIN NOMBRE
58180,RASA DE TRASSERRA,58181,SIN NOMBRE
58180,RASA DE TRASSERRA,58182,SIN NOMBRE
58181,SIN NOMBRE,58181,SIN NOMBRE
58182,SIN NOMBRE,58182,SIN NOMBRE
58183,SIN NOMBRE,58183,SIN NOMBRE
58184,SIN NOMBRE,58184,SIN NOMBRE
58187,SIN NOMBRE,58187,SIN NOMBRE
58187,SIN NOMBRE,58188,SIN NOMBRE
58188,SIN NOMBRE,58188,SIN NOMBRE
58192,RASA D'AUBALS,58193,SIN NOMBRE
58193,SIN NOMBRE,58193,SIN NOMBRE
58194,RASA DEL FORN,58195,SIN NOMBRE
58195,SIN NOMBRE,58195,SIN NOMBRE
58196,TORRENT DE LES SITGES,58195,SIN NOMBRE
58196,TORRENT DE LES SITGES,58197,SIN NOMBRE
58196,TORRENT DE LES SITGES,58198,SIN NOMBRE
58197,SIN NOMBRE,58197,SIN NOMBRE
58198,SIN NOMBRE,58198,SIN NOMBRE
58200,RIERA DE MONTCLAR,58203,SIN NOMBRE
58200,RIERA DE MONTCLAR,58205,SIN NOMBRE
58200,RIERA DE MONTCLAR,58206,SIN NOMBRE
58200,RIERA DE MONTCLAR,58213,SIN NOMBRE
58200,RIERA DE MONTCLAR,58214,SIN NOMBRE
58201,RASA DE VILA-RIQUER,58202,SIN NOMBRE
58202,SIN NOMBRE,58202,SIN NOMBRE
58203,SIN NOMBRE,58203,SIN NOMBRE
58205,SIN NOMBRE,58205,SIN NOMBRE
58206,SIN NOMBRE,58206,SIN NOMBRE
58207,RASA DEL SALT,58208,SIN NOMBRE
58208,SIN NOMBRE,58208,SIN NOMBRE
58210,CLOT DELS FONTIRONS,58211,SIN NOMBRE
58210,CLOT DELS FONTIRONS,58212,SIN NOMBRE
58211,SIN NOMBRE,58211,SIN NOMBRE
58211,SIN NOMBRE,58212,SIN NOMBRE
58212,SIN NOMBRE,58211,SIN NOMBRE
58212,SIN NOMBRE,58212,SIN NOMBRE
58213,SIN NOMBRE,58213,SIN NOMBRE
58214,SIN NOMBRE,58214,SIN NOMBRE
58215,SIN NOMBRE,58215,SIN NOMBRE
58219,RIERA DE AIGUA D'ORA,58234,SIN NOMBRE
58219,RIERA DE AIGUA D'ORA,58246,SIN NOMBRE
58219,RIERA DE AIGUA D'ORA,58258,SIN NOMBRE
58219,RIERA DE AIGUA D'ORA,58259,SIN NOMBRE
58219,RIERA DE AIGUA D'ORA,58260,SIN NOMBRE
58219,RIERA DE AIGUA D'ORA,58261,SIN NOMBRE
58219,RIERA DE AIGUA D'ORA,58262,SIN NOMBRE
58219,RIERA DE AIGUA D'ORA,58263,SIN NOMBRE
58219,RIERA DE AIGUA D'ORA,58264,SIN NOMBRE
58219,RIERA DE AIGUA D'ORA,58265,SIN NOMBRE
58219,RIERA DE AIGUA D'ORA,58268,SIN NOMBRE
58219,RIERA DE AIGUA D'ORA,58275,SIN NOMBRE
58219,RIERA DE AIGUA D'ORA,58276,SIN NOMBRE
58219,RIERA DE AIGUA D'ORA,58296,SIN NOMBRE
58219,RIERA DE AIGUA D'ORA,58297,SIN NOMBRE
58220,RIERA DE GARGALLA,58221,SIN NOMBRE
58220,RIERA DE GARGALLA,58222,SIN NOMBRE
58220,RIERA DE GARGALLA,58229,SIN NOMBRE
58221,SIN NOMBRE,58221,SIN NOMBRE
58222,SIN NOMBRE,58222,SIN NOMBRE
58226,RASA DE CAL BELLUGA,58227,SIN NOMBRE
58227,SIN NOMBRE,58227,SIN NOMBRE
58229,SIN NOMBRE,58229,SIN NOMBRE
58230,RIERA DE SORREGANA,58231,SIN NOMBRE
58231,SIN NOMBRE,58231,SIN NOMBRE
58232,TORRENT DE LA FONT DEL BOIX,58233,SIN NOMBRE
58233,SIN NOMBRE,58233,SIN NOMBRE
58234,SIN NOMBRE,58234,SIN NOMBRE
58235,RASA DE CA L'AGUT,58236,SIN NOMBRE
58236,SIN NOMBRE,58236,SIN NOMBRE
58237,RIERA DE TENTELLATGE,58238,SIN NOMBRE
58237,RIERA DE TENTELLATGE,58239,SIN NOMBRE
58237,RIERA DE TENTELLATGE,58240,SIN NOMBRE
58237,RIERA DE TENTELLATGE,58242,SIN NOMBRE
58237,RIERA DE TENTELLATGE,58243,SIN NOMBRE
58238,SIN NOMBRE,58238,SIN NOMBRE
58239,SIN NOMBRE,58239,SIN NOMBRE
58240,SIN NOMBRE,58240,SIN NOMBRE
58240,SIN NOMBRE,58241,SIN NOMBRE
58241,SIN NOMBRE,58241,SIN NOMBRE
58242,SIN NOMBRE,58242,SIN NOMBRE
58243,SIN NOMBRE,58243,SIN NOMBRE
58244,TORRENT DE CAN FELIU,58245,SIN NOMBRE
58245,SIN NOMBRE,58245,SIN NOMBRE
58246,SIN NOMBRE,58246,SIN NOMBRE
58247,RASA DE LA VALLANCA,58254,SIN NOMBRE
58248,RASA D'ANTIGUES,58249,SIN NOMBRE
58248,RASA D'ANTIGUES,58250,SIN NOMBRE
58249,SIN NOMBRE,58249,SIN NOMBRE
58250,SIN NOMBRE,58250,SIN NOMBRE
58254,SIN NOMBRE,58254,SIN NOMBRE
58258,SIN NOMBRE,58258,SIN NOMBRE
58259,SIN NOMBRE,58259,SIN NOMBRE
58260,SIN NOMBRE,58260,SIN NOMBRE
58261,SIN NOMBRE,58261,SIN NOMBRE
58262,SIN NOMBRE,58262,SIN NOMBRE
58263,SIN NOMBRE,58263,SIN NOMBRE
58264,SIN NOMBRE,58264,SIN NOMBRE
58265,SIN NOMBRE,58265,SIN NOMBRE
58268,SIN NOMBRE,58268,SIN NOMBRE
58269,RASA DE LA FRAU,58270,SIN NOMBRE
58270,SIN NOMBRE,58270,SIN NOMBRE
58273,RASA DE VALIELLES,58274,SIN NOMBRE
58274,SIN NOMBRE,58274,SIN NOMBRE
58275,SIN NOMBRE,58275,SIN NOMBRE
58276,SIN NOMBRE,58276,SIN NOMBRE
58277,AIGUA DE LLINARS,58278,SIN NOMBRE
58277,AIGUA DE LLINARS,58282,SIN NOMBRE
58277,AIGUA DE LLINARS,58288,SIN NOMBRE
58277,AIGUA DE LLINARS,58290,SIN NOMBRE
58278,SIN NOMBRE,58278,SIN NOMBRE
58279,TORRENT FONTANELLA,58280,SIN NOMBRE
58280,SIN NOMBRE,58280,SIN NOMBRE
58282,SIN NOMBRE,58282,SIN NOMBRE
58284,TORRENT DE FONTFREDA,58285,SIN NOMBRE
58285,SIN NOMBRE,58285,SIN NOMBRE
58286,RIU RISCLAIRE,58287,SIN NOMBRE
58287,SIN NOMBRE,58287,SIN NOMBRE
58288,SIN NOMBRE,58288,SIN NOMBRE
58290,SIN NOMBRE,58290,SIN NOMBRE
58291,AIGUA DE LA CORBA,58293,SIN NOMBRE
58293,SIN NOMBRE,58293,SIN NOMBRE
58294,TORRENT DE LA COMABONA,58295,SIN NOMBRE
58295,SIN NOMBRE,58295,SIN NOMBRE
58296,SIN NOMBRE,58296,SIN NOMBRE
58297,SIN NOMBRE,58297,SIN NOMBRE
58298,RIU DEL COLL JOUET,58299,SIN NOMBRE
58299,SIN NOMBRE,58299,SIN NOMBRE
58301,TORRENT DE PLA DE CAMPLLONG,58302,SIN NOMBRE
58302,SIN NOMBRE,58302,SIN NOMBRE
58305,RIU NEGRE,58320,SIN NOMBRE
58305,RIU NEGRE,58321,SIN NOMBRE
58305,RIU NEGRE,58330,SIN NOMBRE
58308,RASA AVELLANOSA,58309,SIN NOMBRE
58309,SIN NOMBRE,58309,SIN NOMBRE
58312,RASA D'ESTANY,58313,SIN NOMBRE
58312,RASA D'ESTANY,58314,SIN NOMBRE
58313,SIN NOMBRE,58313,SIN NOMBRE
58314,SIN NOMBRE,58314,SIN NOMBRE
58315,RASA DE GUARDIOLA,58316,SIN NOMBRE
58316,SIN NOMBRE,58316,SIN NOMBRE
58320,SIN NOMBRE,58320,SIN NOMBRE
58321,SIN NOMBRE,58321,SIN NOMBRE
58326,BARRANC DE PALLARES,58328,SIN NOMBRE
58326,BARRANC DE PALLARES,58329,SIN NOMBRE
58328,SIN NOMBRE,58328,SIN NOMBRE
58329,SIN NOMBRE,58329,SIN NOMBRE
58330,SIN NOMBRE,58330,SIN NOMBRE
58331,RASA DE ROTGERS,58332,SIN NOMBRE
58332,SIN NOMBRE,58332,SIN NOMBRE
58333,RASA DE CIRERA,58335,SIN NOMBRE
58335,SIN NOMBRE,58335,SIN NOMBRE
58340,RASA D'ALBEREDA,58341,SIN NOMBRE
58340,RASA D'ALBEREDA,58342,SIN NOMBRE
58341,SIN NOMBRE,58341,SIN NOMBRE
58342,SIN NOMBRE,58342,SIN NOMBRE
58343,SIN NOMBRE,58343,SIN NOMBRE
58344,TORRENT DE L'ALGUER,58345,SIN NOMBRE
58345,SIN NOMBRE,58345,SIN NOMBRE
58347,RIBERA DEL LLISSO,58348,SIN NOMBRE
58347,RIBERA DEL LLISSO,58349,SIN NOMBRE
58348,SIN NOMBRE,58348,SIN NOMBRE
58349,SIN NOMBRE,58349,SIN NOMBRE
58350,RASA DE SOSSIATS,58351,SIN NOMBRE
58351,SIN NOMBRE,58351,SIN NOMBRE
58356,RASA DE SANT JOAN,58357,SIN NOMBRE
58357,SIN NOMBRE,58357,SIN NOMBRE
58358,SIN NOMBRE,58358,SIN NOMBRE
58359,RASA DE MEIX,58360,SIN NOMBRE
58359,RASA DE MEIX,58364,SIN NOMBRE
58360,SIN NOMBRE,58360,SIN NOMBRE
58360,SIN NOMBRE,58361,SIN NOMBRE
58360,SIN NOMBRE,58362,SIN NOMBRE
58360,SIN NOMBRE,58363,SIN NOMBRE
58360,SIN NOMBRE,58364,SIN NOMBRE
58361,SIN NOMBRE,58361,SIN NOMBRE
58362,SIN NOMBRE,58362,SIN NOMBRE
58363,SIN NOMBRE,58363,SIN NOMBRE
58364,SIN NOMBRE,58360,SIN NOMBRE
58364,SIN NOMBRE,58364,SIN NOMBRE
58365,RASA DE VILANOVA,58366,SIN NOMBRE
58365,RASA DE VILANOVA,58369,SIN NOMBRE
58366,SIN NOMBRE,58366,SIN NOMBRE
58369,SIN NOMBRE,58369,SIN NOMBRE
58371,RASA DELS TORRENTS,58372,SIN NOMBRE
58372,SIN NOMBRE,58372,SIN NOMBRE
58376,SIN NOMBRE,58376,SIN NOMBRE
58381,RASA DE REVELL,58382,SIN NOMBRE
58382,SIN NOMBRE,58382,SIN NOMBRE
58384,TORRENT DE JUNTS,58385,SIN NOMBRE
58385,SIN NOMBRE,58385,SIN NOMBRE
58387,RASA DE LES CASES,58389,SIN NOMBRE
58387,RASA DE LES CASES,58390,SIN NOMBRE
58389,SIN NOMBRE,58389,SIN NOMBRE
58390,SIN NOMBRE,58390,SIN NOMBRE
58391,SIN NOMBRE,58391,SIN NOMBRE
58396,AIGUA DE VALLS,58401,SIN NOMBRE
58396,AIGUA DE VALLS,58402,SIN NOMBRE
58396,AIGUA DE VALLS,58403,SIN NOMBRE
58396,AIGUA DE VALLS,58404,SIN NOMBRE
58396,AIGUA DE VALLS,58405,SIN NOMBRE
58396,AIGUA DE VALLS,58407,SIN NOMBRE
58396,AIGUA DE VALLS,58409,SIN NOMBRE
58396,AIGUA DE VALLS,58410,SIN NOMBRE
58396,AIGUA DE VALLS,58412,SIN NOMBRE
58396,AIGUA DE VALLS,58414,SIN NOMBRE
58396,AIGUA DE VALLS,58415,SIN NOMBRE
58396,AIGUA DE VALLS,58419,SIN NOMBRE
58396,AIGUA DE VALLS,58420,SIN NOMBRE
58396,AIGUA DE VALLS,58421,SIN NOMBRE
58396,AIGUA DE VALLS,58427,SIN NOMBRE
58396,AIGUA DE VALLS,58428,SIN NOMBRE
58396,AIGUA DE VALLS,58431,SIN NOMBRE
58396,AIGUA DE VALLS,58435,SIN NOMBRE
58396,AIGUA DE VALLS,58440,SIN NOMBRE
58397,TORRENT DE LA BARATA,58398,SIN NOMBRE
58398,SIN NOMBRE,58398,SIN NOMBRE
58401,SIN NOMBRE,58401,SIN NOMBRE
58402,SIN NOMBRE,58402,SIN NOMBRE
58403,SIN NOMBRE,58403,SIN NOMBRE
58404,SIN NOMBRE,58404,SIN NOMBRE
58405,SIN NOMBRE,58405,SIN NOMBRE
58407,SIN NOMBRE,58407,SIN NOMBRE
58409,SIN NOMBRE,58409,SIN NOMBRE
58410,SIN NOMBRE,58410,SIN NOMBRE
58410,SIN NOMBRE,58411,SIN NOMBRE
58411,SIN NOMBRE,58411,SIN NOMBRE
58412,SIN NOMBRE,58412,SIN NOMBRE
58414,SIN NOMBRE,58414,SIN NOMBRE
58415,SIN NOMBRE,58415,SIN NOMBRE
58416,TORRENT DE LA FORANCA,58418,SIN NOMBRE
58418,SIN NOMBRE,58418,SIN NOMBRE
58419,SIN NOMBRE,58419,SIN NOMBRE
58420,SIN NOMBRE,58420,SIN NOMBRE
58421,SIN NOMBRE,58421,SIN NOMBRE
58423,TORRENT DE VILACIRERES,58424,SIN NOMBRE
58423,TORRENT DE VILACIRERES,58425,SIN NOMBRE
58423,TORRENT DE VILACIRERES,58426,SIN NOMBRE
58424,SIN NOMBRE,58424,SIN NOMBRE
58425,SIN NOMBRE,58425,SIN NOMBRE
58426,SIN NOMBRE,58426,SIN NOMBRE
58427,SIN NOMBRE,58427,SIN NOMBRE
58428,SIN NOMBRE,58428,SIN NOMBRE
58429,TORRENT DEL CLOT DE L'INFERN,58430,SIN NOMBRE
58430,SIN NOMBRE,58430,SIN NOMBRE
58431,SIN NOMBRE,58431,SIN NOMBRE
58432,TORRENT DE FONT TOMAS,58434,SIN NOMBRE
58434,SIN NOMBRE,58434,SIN NOMBRE
58435,SIN NOMBRE,58435,SIN NOMBRE
58438,TORRENT DEL REIG,58439,SIN NOMBRE
58439,SIN NOMBRE,58439,SIN NOMBRE
58440,SIN NOMBRE,58440,SIN NOMBRE
58452,TORRENT DE L'AIGUA,58453,SIN NOMBRE
58453,SIN NOMBRE,58453,SIN NOMBRE
58455,SIN NOMBRE,58455,SIN NOMBRE
58456,BARRANC DE LES SALINES,58457,SIN NOMBRE
58456,BARRANC DE LES SALINES,58458,SIN NOMBRE
58457,SIN NOMBRE,58457,SIN NOMBRE
58458,SIN NOMBRE,58458,SIN NOMBRE
58458,SIN NOMBRE,58459,SIN NOMBRE
58459,SIN NOMBRE,58459,SIN NOMBRE
58462,RIUET DE LA PEDRA,58463,SIN NOMBRE
58463,SIN NOMBRE,58463,SIN NOMBRE
58464,SIN NOMBRE,58464,SIN NOMBRE
58470,TORRENT DE LES LLAGUNES,58471,SIN NOMBRE
58471,SIN NOMBRE,58471,SIN NOMBRE
58473,SIN NOMBRE,58473,SIN NOMBRE
58474,SIN NOMBRE,58474,SIN NOMBRE
58475,SIN NOMBRE,58475,SIN NOMBRE
58486,SIN NOMBRE,58486,SIN NOMBRE
58487,SIN NOMBRE,58487,SIN NOMBRE
58488,RIERA DE SANTA CREU,58497,SIN NOMBRE
58488,RIERA DE SANTA CREU,58498,SIN NOMBRE
58488,RIERA DE SANTA CREU,58503,SIN NOMBRE
58490,TORRENT DEL FLEQUER,58491,SIN NOMBRE
58490,TORRENT DEL FLEQUER,58492,SIN NOMBRE
58491,SIN NOMBRE,58491,SIN NOMBRE
58492,SIN NOMBRE,58492,SIN NOMBRE
58497,SIN NOMBRE,58497,SIN NOMBRE
58498,SIN NOMBRE,58498,SIN NOMBRE
58499,TORRENT DEL SOL DE L'INFERN,58501,SIN NOMBRE
58499,TORRENT DEL SOL DE L'INFERN,58502,SIN NOMBRE
58501,SIN NOMBRE,58501,SIN NOMBRE
58502,SIN NOMBRE,58502,SIN NOMBRE
58503,SIN NOMBRE,58503,SIN NOMBRE
58504,RIERA DE MATA-RODONA,58505,SIN NOMBRE
58504,RIERA DE MATA-RODONA,58508,SIN NOMBRE
58505,SIN NOMBRE,58505,SIN NOMBRE
58506,TORRENT DEL ROURE LLARG,58507,SIN NOMBRE
58507,SIN NOMBRE,58507,SIN NOMBRE
58508,SIN NOMBRE,58508,SIN NOMBRE
58510,TORRENT DE LA FONT DE LA CANSALADA,58511,SIN NOMBRE
58511,SIN NOMBRE,58511,SIN NOMBRE
58512,SIN NOMBRE,58512,SIN NOMBRE
58515,RIERA DE MURA,58516,SIN NOMBRE
58515,RIERA DE MURA,58517,SIN NOMBRE
58516,SIN NOMBRE,58516,SIN NOMBRE
58517,SIN NOMBRE,58517,SIN NOMBRE
58518,RIERA DE TALAMANCA,58521,SIN NOMBRE
58518,RIERA DE TALAMANCA,58522,SIN NOMBRE
58518,RIERA DE TALAMANCA,58523,SIN NOMBRE
58518,RIERA DE TALAMANCA,58524,SIN NOMBRE
58518,RIERA DE TALAMANCA,58525,SIN NOMBRE
58519,TORRENT DEL GÜEL,58520,SIN NOMBRE
58520,SIN NOMBRE,58520,SIN NOMBRE
58521,SIN NOMBRE,58521,SIN NOMBRE
58522,SIN NOMBRE,58522,SIN NOMBRE
58523,SIN NOMBRE,58523,SIN NOMBRE
58524,SIN NOMBRE,58524,SIN NOMBRE
58525,SIN NOMBRE,58525,SIN NOMBRE
58527,TORRENT DE LA FONT DEL JUEU,58529,SIN NOMBRE
58529,SIN NOMBRE,58529,SIN NOMBRE
58530,RIERA DE NESPRES,58535,SIN NOMBRE
58530,RIERA DE NESPRES,58538,SIN NOMBRE
58530,RIERA DE NESPRES,58539,SIN NOMBRE
58530,RIERA DE NESPRES,58540,SIN NOMBRE
58530,RIERA DE NESPRES,58543,SIN NOMBRE
58531,TORRENT DE RAMONET,58532,SIN NOMBRE
58531,TORRENT DE RAMONET,58533,SIN NOMBRE
58531,TORRENT DE RAMONET,58534,SIN NOMBRE
58532,SIN NOMBRE,58532,SIN NOMBRE
58533,SIN NOMBRE,58533,SIN NOMBRE
58534,SIN NOMBRE,58534,SIN NOMBRE
58535,SIN NOMBRE,58535,SIN NOMBRE
58536,TORRENT DE LA VINYETA,58537,SIN NOMBRE
58537,SIN NOMBRE,58537,SIN NOMBRE
58538,SIN NOMBRE,58538,SIN NOMBRE
58539,SIN NOMBRE,58539,SIN NOMBRE
58540,SIN NOMBRE,58540,SIN NOMBRE
58543,SIN NOMBRE,58543,SIN NOMBRE
58545,TORRENT DE FONTFREDA,58546,SIN NOMBRE
58545,TORRENT DE FONTFREDA,58547,SIN NOMBRE
58546,SIN NOMBRE,58546,SIN NOMBRE
58547,SIN NOMBRE,58547,SIN NOMBRE
58548,TORRENT DEL ROURE DEL PARRAC,58549,SIN NOMBRE
58549,SIN NOMBRE,58549,SIN NOMBRE
58550,RIERA DE RIUDORT,58551,SIN NOMBRE
58551,SIN NOMBRE,58551,SIN NOMBRE
58552,RIU D'OR,58553,SIN NOMBRE
58552,RIU D'OR,58554,SIN NOMBRE
58552,RIU D'OR,58555,SIN NOMBRE
58552,RIU D'OR,58558,SIN NOMBRE
58552,RIU D'OR,58559,SIN NOMBRE
58552,RIU D'OR,58562,SIN NOMBRE
58552,RIU D'OR,58564,SIN NOMBRE
58552,RIU D'OR,58566,SIN NOMBRE
58553,SIN NOMBRE,58553,SIN NOMBRE
58554,SIN NOMBRE,58554,SIN NOMBRE
58555,SIN NOMBRE,58555,SIN NOMBRE
58556,TORRENT DE SEBARROJA,58557,SIN NOMBRE
58557,SIN NOMBRE,58557,SIN NOMBRE
58558,SIN NOMBRE,58558,SIN NOMBRE
58559,SIN NOMBRE,58559,SIN NOMBRE
58560,TORRENT DE BRUGUEROLES,58561,SIN NOMBRE
58561,SIN NOMBRE,58561,SIN NOMBRE
58562,SIN NOMBRE,58562,SIN NOMBRE
58564,SIN NOMBRE,58564,SIN NOMBRE
58566,SIN NOMBRE,58566,SIN NOMBRE
58568,RIERA DE CALDERS,58571,SIN NOMBRE
58568,RIERA DE CALDERS,58572,SIN NOMBRE
58568,RIERA DE CALDERS,58639,SIN NOMBRE
58571,SIN NOMBRE,58571,SIN NOMBRE
58572,SIN NOMBRE,58572,SIN NOMBRE
58576,TORRENT DE LA BAGA DE LA CORRIOLA,58577,SIN NOMBRE
58577,SIN NOMBRE,58577,SIN NOMBRE
58579,TORRENT DE RIBES,58580,SIN NOMBRE
58580,SIN NOMBRE,58580,SIN NOMBRE
58583,RIERA DE GOLARDA O DE MARFA,58586,SIN NOMBRE
58583,RIERA DE GOLARDA O DE MARFA,58590,SIN NOMBRE
58584,TORRENT DE COLLJOVA,58585,SIN NOMBRE
58585,SIN NOMBRE,58585,SIN NOMBRE
58586,SIN NOMBRE,58586,SIN NOMBRE
58587,RIERA DE L'OM,58588,SIN NOMBRE
58588,SIN NOMBRE,58588,SIN NOMBRE
58590,SIN NOMBRE,58590,SIN NOMBRE
58592,RIERA DE CASTELLNOU,58618,SIN NOMBRE
58592,RIERA DE CASTELLNOU,58622,SIN NOMBRE
58593,TORRENT DE FABREGA,58594,SIN NOMBRE
58593,TORRENT DE FABREGA,58595,SIN NOMBRE
58593,TORRENT DE FABREGA,58596,SIN NOMBRE
58593,TORRENT DE FABREGA,58613,SIN NOMBRE
58594,SIN NOMBRE,58594,SIN NOMBRE
58595,SIN NOMBRE,58595,SIN NOMBRE
58596,SIN NOMBRE,58596,SIN NOMBRE
58597,RIERA DE FONTSCALENTS,58606,SIN NOMBRE
58597,RIERA DE FONTSCALENTS,58607,SIN NOMBRE
58597,RIERA DE FONTSCALENTS,58609,SIN NOMBRE
58598,TORRENT MAL,58599,SIN NOMBRE
58598,TORRENT MAL,58600,SIN NOMBRE
58599,SIN NOMBRE,58599,SIN NOMBRE
58600,SIN NOMBRE,58600,SIN NOMBRE
58604,TORRENT D'EN PUNYOL O DE LA BUFA,58605,SIN NOMBRE
58605,SIN NOMBRE,58605,SIN NOMBRE
58606,SIN NOMBRE,58606,SIN NOMBRE
58607,SIN NOMBRE,58607,SIN NOMBRE
58609,SIN NOMBRE,58609,SIN NOMBRE
58613,SIN NOMBRE,58613,SIN NOMBRE
58618,SIN NOMBRE,58618,SIN NOMBRE
58620,TORRENT DE LA BOIXERIA,58621,SIN NOMBRE
58621,SIN NOMBRE,58621,SIN NOMBRE
58622,SIN NOMBRE,58622,SIN NOMBRE
58623,RIERA DEL MOLI,58624,SIN NOMBRE
58624,SIN NOMBRE,58624,SIN NOMBRE
58625,TORRENT DE LA ROCA,58627,SIN NOMBRE
58627,SIN NOMBRE,58627,SIN NOMBRE
58632,SOT DE SANT MARTI,58633,SIN NOMBRE
58633,SIN NOMBRE,58633,SIN NOMBRE
58636,TORRENT DE CAL CINTER,58637,SIN NOMBRE
58637,SIN NOMBRE,58637,SIN NOMBRE
58639,SIN NOMBRE,58639,SIN NOMBRE
58640,RIERA DE SANT JOAN,58639,SIN NOMBRE
58644,TORRENT D'EN GIRBAU,58645,SIN NOMBRE
58645,SIN NOMBRE,58645,SIN NOMBRE
58646,RIERA DE VILANOVA,58647,SIN NOMBRE
58646,RIERA DE VILANOVA,58648,SIN NOMBRE
58647,SIN NOMBRE,58647,SIN NOMBRE
58648,SIN NOMBRE,58648,SIN NOMBRE
58651,TORRENT DE RIERA,58652,SIN NOMBRE
58651,TORRENT DE RIERA,58654,SIN NOMBRE
58651,TORRENT DE RIERA,58655,SIN NOMBRE
58652,SIN NOMBRE,58652,SIN NOMBRE
58654,SIN NOMBRE,58654,SIN NOMBRE
58655,SIN NOMBRE,58655,SIN NOMBRE
58658,SIN NOMBRE,58658,SIN NOMBRE
58659,SIN NOMBRE,58659,SIN NOMBRE
58660,SIN NOMBRE,58660,SIN NOMBRE
58661,SIN NOMBRE,58661,SIN NOMBRE
58662,RIERA GAVARRESA,58665,SIN NOMBRE
58662,RIERA GAVARRESA,58695,SIN NOMBRE
58662,RIERA GAVARRESA,58712,SIN NOMBRE
58662,RIERA GAVARRESA,58713,SIN NOMBRE
58662,RIERA GAVARRESA,58714,SIN NOMBRE
58662,RIERA GAVARRESA,58736,SIN NOMBRE
58662,RIERA GAVARRESA,58770,SIN NOMBRE
58662,RIERA GAVARRESA,58771,SIN NOMBRE
58662,RIERA GAVARRESA,58772,SIN NOMBRE
58662,RIERA GAVARRESA,58773,SIN NOMBRE
58662,RIERA GAVARRESA,58774,SIN NOMBRE
58662,RIERA GAVARRESA,58793,SIN NOMBRE
58662,RIERA GAVARRESA,58795,SIN NOMBRE
58662,RIERA GAVARRESA,58796,SIN NOMBRE
58662,RIERA GAVARRESA,58831,SIN NOMBRE
58662,RIERA GAVARRESA,58852,SIN NOMBRE
58662,RIERA GAVARRESA,58857,SIN NOMBRE
58662,RIERA GAVARRESA,58858,SIN NOMBRE
58662,RIERA GAVARRESA,58864,SIN NOMBRE
58662,RIERA GAVARRESA,58867,SIN NOMBRE
58662,RIERA GAVARRESA,58868,SIN NOMBRE
58663,TORRENT DE LES TAPIES,58664,SIN NOMBRE
58664,SIN NOMBRE,58664,SIN NOMBRE
58665,SIN NOMBRE,58665,SIN NOMBRE
58666,TORRENT DE LA TARGA,58667,SIN NOMBRE
58667,SIN NOMBRE,58667,SIN NOMBRE
58670,RIERA DE MAL RUBI,58671,SIN NOMBRE
58670,RIERA DE MAL RUBI,58672,SIN NOMBRE
58670,RIERA DE MAL RUBI,58673,SIN NOMBRE
58670,RIERA DE MAL RUBI,58674,SIN NOMBRE
58670,RIERA DE MAL RUBI,58682,SIN NOMBRE
58670,RIERA DE MAL RUBI,58692,SIN NOMBRE
58670,RIERA DE MAL RUBI,58694,SIN NOMBRE
58671,SIN NOMBRE,58671,SIN NOMBRE
58672,SIN NOMBRE,58672,SIN NOMBRE
58673,SIN NOMBRE,58673,SIN NOMBRE
58674,SIN NOMBRE,58674,SIN NOMBRE
58675,TORRENT DEL DUC,58676,SIN NOMBRE
58675,TORRENT DEL DUC,58677,SIN NOMBRE
58676,SIN NOMBRE,58676,SIN NOMBRE
58677,SIN NOMBRE,58677,SIN NOMBRE
58678,TORRENT DE BUSANYA,58679,SIN NOMBRE
58678,TORRENT DE BUSANYA,58680,SIN NOMBRE
58679,SIN NOMBRE,58679,SIN NOMBRE
58680,SIN NOMBRE,58680,SIN NOMBRE
58682,SIN NOMBRE,58682,SIN NOMBRE
58687,RIU SEC,58688,SIN NOMBRE
58687,RIU SEC,58691,SIN NOMBRE
58688,SIN NOMBRE,58688,SIN NOMBRE
58691,SIN NOMBRE,58691,SIN NOMBRE
58692,SIN NOMBRE,58692,SIN NOMBRE
58692,SIN NOMBRE,58693,SIN NOMBRE
58693,SIN NOMBRE,58693,SIN NOMBRE
58694,SIN NOMBRE,58694,SIN NOMBRE
58695,SIN NOMBRE,58695,SIN NOMBRE
58697,RIU SEC,58698,SIN NOMBRE
58698,SIN NOMBRE,58698,SIN NOMBRE
58699,TORRENT DE LA CANAL,58700,SIN NOMBRE
58700,SIN NOMBRE,58700,SIN NOMBRE
58702,TORRENT SALAT,58703,SIN NOMBRE
58703,SIN NOMBRE,58703,SIN NOMBRE
58704,TORRENT DE SALAT,58705,SIN NOMBRE
58704,TORRENT DE SALAT,58706,SIN NOMBRE
58705,SIN NOMBRE,58705,SIN NOMBRE
58705,SIN NOMBRE,58706,SIN NOMBRE
58706,SIN NOMBRE,58705,SIN NOMBRE
58706,SIN NOMBRE,58706,SIN NOMBRE
58707,TORRENT DE LA ROQUETA O DE L'ESPINAL,58709,SIN NOMBRE
58707,TORRENT DE LA ROQUETA O DE L'ESPINAL,58710,SIN NOMBRE
58707,TORRENT DE LA ROQUETA O DE L'ESPINAL,58711,SIN NOMBRE
58709,SIN NOMBRE,58709,SIN NOMBRE
58710,SIN NOMBRE,58710,SIN NOMBRE
58711,SIN NOMBRE,58711,SIN NOMBRE
58712,SIN NOMBRE,58712,SIN NOMBRE
58713,SIN NOMBRE,58713,SIN NOMBRE
58714,SIN NOMBRE,58714,SIN NOMBRE
58716,RIERA D'OLO,58717,SIN NOMBRE
58716,RIERA D'OLO,58718,SIN NOMBRE
58716,RIERA D'OLO,58719,SIN NOMBRE
58716,RIERA D'OLO,58720,SIN NOMBRE
58716,RIERA D'OLO,58721,SIN NOMBRE
58716,RIERA D'OLO,58722,SIN NOMBRE
58716,RIERA D'OLO,58723,SIN NOMBRE
58716,RIERA D'OLO,58724,SIN NOMBRE
58716,RIERA D'OLO,58725,SIN NOMBRE
58716,RIERA D'OLO,58726,SIN NOMBRE
58716,RIERA D'OLO,58727,SIN NOMBRE
58716,RIERA D'OLO,58728,SIN NOMBRE
58717,SIN NOMBRE,58717,SIN NOMBRE
58718,SIN NOMBRE,58718,SIN NOMBRE
58719,SIN NOMBRE,58719,SIN NOMBRE
58720,SIN NOMBRE,58720,SIN NOMBRE
58721,SIN NOMBRE,58721,SIN NOMBRE
58722,SIN NOMBRE,58722,SIN NOMBRE
58723,SIN NOMBRE,58723,SIN NOMBRE
58724,SIN NOMBRE,58724,SIN NOMBRE
58725,SIN NOMBRE,58725,SIN NOMBRE
58726,SIN NOMBRE,58726,SIN NOMBRE
58727,SIN NOMBRE,58727,SIN NOMBRE
58728,SIN NOMBRE,58728,SIN NOMBRE
58729,RIERA DE L'ESTANY,58731,SIN NOMBRE
58731,SIN NOMBRE,58731,SIN NOMBRE
58732,TORRENT DE LA PINOSA,58733,SIN NOMBRE
58733,SIN NOMBRE,58733,SIN NOMBRE
58734,RIERA DE POSTIUS,58735,SIN NOMBRE
58735,SIN NOMBRE,58735,SIN NOMBRE
58736,SIN NOMBRE,58736,SIN NOMBRE
58739,RIERA DEL ROVIRASSA,58740,SIN NOMBRE
58740,SIN NOMBRE,58740,SIN NOMBRE
58742,RIERA DE RELAT,58744,SIN NOMBRE
58742,RIERA DE RELAT,58749,SIN NOMBRE
58742,RIERA DE RELAT,58750,SIN NOMBRE
58742,RIERA DE RELAT,58760,SIN NOMBRE
58742,RIERA DE RELAT,58762,SIN NOMBRE
58742,RIERA DE RELAT,58767,SIN NOMBRE
58742,RIERA DE RELAT,58768,SIN NOMBRE
58744,SIN NOMBRE,58744,SIN NOMBRE
58746,BARRANC DE VILANOVA,58747,SIN NOMBRE
58746,BARRANC DE VILANOVA,58748,SIN NOMBRE
58747,SIN NOMBRE,58747,SIN NOMBRE
58748,SIN NOMBRE,58748,SIN NOMBRE
58749,SIN NOMBRE,58749,SIN NOMBRE
58750,SIN NOMBRE,58750,SIN NOMBRE
58750,SIN NOMBRE,58751,SIN NOMBRE
58751,SIN NOMBRE,58751,SIN NOMBRE
58752,TORRENT DE LA ROVIRA,58750,SIN NOMBRE
58753,TORRENT DE COMESOLIBES,58754,SIN NOMBRE
58754,SIN NOMBRE,58754,SIN NOMBRE
58755,BARRANC DE ROCAFESA,58757,SIN NOMBRE
58757,SIN NOMBRE,58757,SIN NOMBRE
58760,SIN NOMBRE,58760,SIN NOMBRE
58762,SIN NOMBRE,58762,SIN NOMBRE
58767,SIN NOMBRE,58767,SIN NOMBRE
58768,SIN NOMBRE,58768,SIN NOMBRE
58770,SIN NOMBRE,58770,SIN NOMBRE
58771,SIN NOMBRE,58771,SIN NOMBRE
58772,SIN NOMBRE,58772,SIN NOMBRE
58773,SIN NOMBRE,58773,SIN NOMBRE
58774,SIN NOMBRE,58774,SIN NOMBRE
58775,RIERA DE SEGALERS,58776,SIN NOMBRE
58775,RIERA DE SEGALERS,58777,SIN NOMBRE
58775,RIERA DE SEGALERS,58779,SIN NOMBRE
58775,RIERA DE SEGALERS,58781,SIN NOMBRE
58775,RIERA DE SEGALERS,58783,SIN NOMBRE
58775,RIERA DE SEGALERS,58784,SIN NOMBRE
58776,SIN NOMBRE,58776,SIN NOMBRE
58777,SIN NOMBRE,58777,SIN NOMBRE
58779,SIN NOMBRE,58779,SIN NOMBRE
58781,SIN NOMBRE,58781,SIN NOMBRE
58783,SIN NOMBRE,58783,SIN NOMBRE
58784,SIN NOMBRE,58784,SIN NOMBRE
58785,TORRENT DELS COLLETS BONES,58786,SIN NOMBRE
58785,TORRENT DELS COLLETS BONES,58787,SIN NOMBRE
58786,SIN NOMBRE,58786,SIN NOMBRE
58787,SIN NOMBRE,58787,SIN NOMBRE
58790,RIU D'ASES,58791,SIN NOMBRE
58790,RIU D'ASES,58792,SIN NOMBRE
58791,SIN NOMBRE,58791,SIN NOMBRE
58792,SIN NOMBRE,58792,SIN NOMBRE
58793,SIN NOMBRE,58793,SIN NOMBRE
58795,SIN NOMBRE,58795,SIN NOMBRE
58796,SIN NOMBRE,58796,SIN NOMBRE
58797,RIU DE BASSI,58798,SIN NOMBRE
58797,RIU DE BASSI,58799,SIN NOMBRE
58797,RIU DE BASSI,58801,SIN NOMBRE
58798,SIN NOMBRE,58798,SIN NOMBRE
58799,SIN NOMBRE,58799,SIN NOMBRE
58801,SIN NOMBRE,58801,SIN NOMBRE
58802,RIERA DEL BASSI,58803,SIN NOMBRE
58803,SIN NOMBRE,58803,SIN NOMBRE
58805,TORRENT DE FONT SALADA,58808,SIN NOMBRE
58805,TORRENT DE FONT SALADA,58809,SIN NOMBRE
58808,SIN NOMBRE,58808,SIN NOMBRE
58809,SIN NOMBRE,58809,SIN NOMBRE
58811,TORRENT D'OLOST,58812,SIN NOMBRE
58811,TORRENT D'OLOST,58814,SIN NOMBRE
58812,SIN NOMBRE,58812,SIN NOMBRE
58814,SIN NOMBRE,58814,SIN NOMBRE
58825,REC DE TRASSERRA,58826,SIN NOMBRE
58826,SIN NOMBRE,58826,SIN NOMBRE
58828,REC DE LA ROCA LLISA,58830,SIN NOMBRE
58830,SIN NOMBRE,58830,SIN NOMBRE
58831,SIN NOMBRE,58831,SIN NOMBRE
58832,RIERA DE LLUÇANES,58836,SIN NOMBRE
58832,RIERA DE LLUÇANES,58841,SIN NOMBRE
58832,RIERA DE LLUÇANES,58842,SIN NOMBRE
58832,RIERA DE LLUÇANES,58843,SIN NOMBRE
58832,RIERA DE LLUÇANES,58845,SIN NOMBRE
58832,RIERA DE LLUÇANES,58846,SIN NOMBRE
58832,RIERA DE LLUÇANES,58847,SIN NOMBRE
58832,RIERA DE LLUÇANES,58848,SIN NOMBRE
58832,RIERA DE LLUÇANES,58849,SIN NOMBRE
58836,SIN NOMBRE,58836,SIN NOMBRE
58838,REC DE MUNTANYOLA,58839,SIN NOMBRE
58838,REC DE MUNTANYOLA,58840,SIN NOMBRE
58839,SIN NOMBRE,58839,SIN NOMBRE
58840,SIN NOMBRE,58840,SIN NOMBRE
58841,SIN NOMBRE,58841,SIN NOMBRE
58842,SIN NOMBRE,58842,SIN NOMBRE
58843,SIN NOMBRE,58843,SIN NOMBRE
58845,SIN NOMBRE,58845,SIN NOMBRE
58846,SIN NOMBRE,58846,SIN NOMBRE
58847,SIN NOMBRE,58847,SIN NOMBRE
58848,SIN NOMBRE,58848,SIN NOMBRE
58849,SIN NOMBRE,58849,SIN NOMBRE
58852,SIN NOMBRE,58852,SIN NOMBRE
58855,REC DE LA BLAVA,58856,SIN NOMBRE
58856,SIN NOMBRE,58856,SIN NOMBRE
58857,SIN NOMBRE,58857,SIN NOMBRE
58858,SIN NOMBRE,58858,SIN NOMBRE
58859,REC DEL GORG NEGRE,58860,SIN NOMBRE
58860,SIN NOMBRE,58860,SIN NOMBRE
58862,TORRENT DE COGULLERS,58863,SIN NOMBRE
58863,SIN NOMBRE,58863,SIN NOMBRE
58864,SIN NOMBRE,58864,SIN NOMBRE
58867,SIN NOMBRE,58867,SIN NOMBRE
58868,SIN NOMBRE,58868,SIN NOMBRE
58871,SIN NOMBRE,58871,SIN NOMBRE
58872,SIN NOMBRE,58872,SIN NOMBRE
58873,SIN NOMBRE,58873,SIN NOMBRE
58874,SIN NOMBRE,58874,SIN NOMBRE
58875,SIN NOMBRE,58875,SIN NOMBRE
58876,TORRENT DE SOLDEVILA,58877,SIN NOMBRE
58877,SIN NOMBRE,58877,SIN NOMBRE
58878,SIN NOMBRE,58878,SIN NOMBRE
58879,TORRENT DEL SOLA,58880,SIN NOMBRE
58880,SIN NOMBRE,58880,SIN NOMBRE
58881,TORRENT DE LA RIERETA,58882,SIN NOMBRE
58882,SIN NOMBRE,58882,SIN NOMBRE
58883,SIN NOMBRE,58883,SIN NOMBRE
58884,RIU DE CORNET,58888,SIN NOMBRE
58884,RIU DE CORNET,58889,SIN NOMBRE
58884,RIU DE CORNET,58890,SIN NOMBRE
58884,RIU DE CORNET,58891,SIN NOMBRE
58884,RIU DE CORNET,58892,SIN NOMBRE
58884,RIU DE CORNET,58893,SIN NOMBRE
58884,RIU DE CORNET,58896,SIN NOMBRE
58885,TORRENT DE L'INFERN,58886,SIN NOMBRE
58886,SIN NOMBRE,58886,SIN NOMBRE
58886,SIN NOMBRE,58887,SIN NOMBRE
58887,SIN NOMBRE,58887,SIN NOMBRE
58888,SIN NOMBRE,58888,SIN NOMBRE
58889,SIN NOMBRE,58889,SIN NOMBRE
58890,SIN NOMBRE,58890,SIN NOMBRE
58891,SIN NOMBRE,58891,SIN NOMBRE
58892,SIN NOMBRE,58892,SIN NOMBRE
58893,SIN NOMBRE,58893,SIN NOMBRE
58894,BARRANC DE SOLER,58895,SIN NOMBRE
58895,SIN NOMBRE,58895,SIN NOMBRE
58896,SIN NOMBRE,58896,SIN NOMBRE
58897,RIERA DE CONANGLE,58900,SIN NOMBRE
58897,RIERA DE CONANGLE,58901,SIN NOMBRE
58897,RIERA DE CONANGLE,58902,SIN NOMBRE
58897,RIERA DE CONANGLE,58903,SIN NOMBRE
58898,TORRENT DE LA CANAL,58899,SIN NOMBRE
58899,SIN NOMBRE,58899,SIN NOMBRE
58900,SIN NOMBRE,58900,SIN NOMBRE
58901,SIN NOMBRE,58901,SIN NOMBRE
58902,SIN NOMBRE,58902,SIN NOMBRE
58903,SIN NOMBRE,58903,SIN NOMBRE
58904,TORRENT DE JOANET,58905,SIN NOMBRE
58905,SIN NOMBRE,58905,SIN NOMBRE
58906,SIN NOMBRE,58906,SIN NOMBRE
58907,SIN NOMBRE,58907,SIN NOMBRE
58908,SIN NOMBRE,58908,SIN NOMBRE
58909,RIERA DE MUJAL,58913,SIN NOMBRE
58909,RIERA DE MUJAL,58914,SIN NOMBRE
58909,RIERA DE MUJAL,58917,SIN NOMBRE
58913,SIN NOMBRE,58913,SIN NOMBRE
58914,SIN NOMBRE,58914,SIN NOMBRE
58915,TORRENT DE CASOLIUS,58916,SIN NOMBRE
58916,SIN NOMBRE,58916,SIN NOMBRE
58917,SIN NOMBRE,58917,SIN NOMBRE
58919,SIN NOMBRE,58919,SIN NOMBRE
58920,SIN NOMBRE,58920,SIN NOMBRE
58921,SIN NOMBRE,58921,SIN NOMBRE
58922,RIERA DE GAIA,58923,SIN NOMBRE
58922,RIERA DE GAIA,58924,SIN NOMBRE
58922,RIERA DE GAIA,58926,SIN NOMBRE
58922,RIERA DE GAIA,58927,SIN NOMBRE
58922,RIERA DE GAIA,58928,SIN NOMBRE
58922,RIERA DE GAIA,58929,SIN NOMBRE
58923,SIN NOMBRE,58923,SIN NOMBRE
58924,SIN NOMBRE,58924,SIN NOMBRE
58926,SIN NOMBRE,58926,SIN NOMBRE
58927,SIN NOMBRE,58927,SIN NOMBRE
58928,SIN NOMBRE,58928,SIN NOMBRE
58929,SIN NOMBRE,58929,SIN NOMBRE
58931,BARRANC DE CAL CISTELLER,58929,SIN NOMBRE
58931,BARRANC DE CAL CISTELLER,58932,SIN NOMBRE
58932,SIN NOMBRE,58932,SIN NOMBRE
58933,SIN NOMBRE,58933,SIN NOMBRE
58934,SIN NOMBRE,58934,SIN NOMBRE
58935,SIN NOMBRE,58935,SIN NOMBRE
58936,SIN NOMBRE,58936,SIN NOMBRE
58937,SIN NOMBRE,58937,SIN NOMBRE
58938,SIN NOMBRE,58938,SIN NOMBRE
58940,SIN NOMBRE,58940,SIN NOMBRE
58941,RIERA DE MEROLA,58943,SIN NOMBRE
58941,RIERA DE MEROLA,58944,SIN NOMBRE
58941,RIERA DE MEROLA,58956,SIN NOMBRE
58943,SIN NOMBRE,58943,SIN NOMBRE
58944,SIN NOMBRE,58944,SIN NOMBRE
58956,SIN NOMBRE,58956,SIN NOMBRE
58958,RIERA DE MERLES,58959,SIN NOMBRE
58958,RIERA DE MERLES,58965,SIN NOMBRE
58958,RIERA DE MERLES,58966,SIN NOMBRE
58958,RIERA DE MERLES,58967,SIN NOMBRE
58958,RIERA DE MERLES,58976,SIN NOMBRE
58958,RIERA DE MERLES,58977,SIN NOMBRE
58958,RIERA DE MERLES,58987,SIN NOMBRE
58958,RIERA DE MERLES,58992,SIN NOMBRE
58958,RIERA DE MERLES,59003,SIN NOMBRE
58958,RIERA DE MERLES,59006,SIN NOMBRE
58958,RIERA DE MERLES,59011,SIN NOMBRE
58958,RIERA DE MERLES,59012,SIN NOMBRE
58958,RIERA DE MERLES,59023,SIN NOMBRE
58959,SIN NOMBRE,58959,SIN NOMBRE
58961,TORRENT DE LA VAL DE VILA-RAMO,58962,SIN NOMBRE
58961,TORRENT DE LA VAL DE VILA-RAMO,58963,SIN NOMBRE
58961,TORRENT DE LA VAL DE VILA-RAMO,58964,SIN NOMBRE
58962,SIN NOMBRE,58962,SIN NOMBRE
58963,SIN NOMBRE,58963,SIN NOMBRE
58964,SIN NOMBRE,58964,SIN NOMBRE
58965,SIN NOMBRE,58965,SIN NOMBRE
58966,SIN NOMBRE,58966,SIN NOMBRE
58967,SIN NOMBRE,58967,SIN NOMBRE
58969,TORRENT DE LA PINYA,58970,SIN NOMBRE
58969,TORRENT DE LA PINYA,58972,SIN NOMBRE
58970,SIN NOMBRE,58970,SIN NOMBRE
58972,SIN NOMBRE,58972,SIN NOMBRE
58973,REC DE CAL SECULL.,58974,SIN NOMBRE
58973,REC DE CAL SECULL.,58975,SIN NOMBRE
58974,SIN NOMBRE,58974,SIN NOMBRE
58974,SIN NOMBRE,58975,SIN NOMBRE
58975,SIN NOMBRE,58974,SIN NOMBRE
58975,SIN NOMBRE,58975,SIN NOMBRE
58976,SIN NOMBRE,58976,SIN NOMBRE
58977,SIN NOMBRE,58977,SIN NOMBRE
58977,SIN NOMBRE,58978,SIN NOMBRE
58978,SIN NOMBRE,58978,SIN NOMBRE
58979,TORRENT DEL REGATELL,58981,SIN NOMBRE
58979,TORRENT DEL REGATELL,58982,SIN NOMBRE
58981,SIN NOMBRE,58981,SIN NOMBRE
58982,SIN NOMBRE,58982,SIN NOMBRE
58987,SIN NOMBRE,58987,SIN NOMBRE
58988,TORRENT DE VILARDELL,58989,SIN NOMBRE
58989,SIN NOMBRE,58989,SIN NOMBRE
58992,SIN NOMBRE,58992,SIN NOMBRE
58993,TORRENT DE CAN POU,58994,SIN NOMBRE
58994,SIN NOMBRE,58994,SIN NOMBRE
58997,RASA DE LES ROVIRES DE DALI,58998,SIN NOMBRE
58998,SIN NOMBRE,58998,SIN NOMBRE
59000,TORRENT DE LA MAÇANA,59001,SIN NOMBRE
59000,TORRENT DE LA MAÇANA,59002,SIN NOMBRE
59001,SIN NOMBRE,59001,SIN NOMBRE
59002,SIN NOMBRE,59002,SIN NOMBRE
59003,SIN NOMBRE,59003,SIN NOMBRE
59006,SIN NOMBRE,59006,SIN NOMBRE
59007,RIERA DE LLIMOS,59008,SIN NOMBRE
59007,RIERA DE LLIMOS,59009,SIN NOMBRE
59007,RIERA DE LLIMOS,59010,SIN NOMBRE
59008,SIN NOMBRE,59008,SIN NOMBRE
59009,SIN NOMBRE,59009,SIN NOMBRE
59010,SIN NOMBRE,59010,SIN NOMBRE
59011,SIN NOMBRE,59011,SIN NOMBRE
59012,SIN NOMBRE,59012,SIN NOMBRE
59013,REC DE LA RIBA,59015,SIN NOMBRE
59015,SIN NOMBRE,59015,SIN NOMBRE
59015,SIN NOMBRE,59016,SIN NOMBRE
59016,SIN NOMBRE,59016,SIN NOMBRE
59017,TORRENT DE TUBAU,59018,SIN NOMBRE
59018,SIN NOMBRE,59018,SIN NOMBRE
59020,REC DE LLENTES,59021,SIN NOMBRE
59020,REC DE LLENTES,59022,SIN NOMBRE
59021,SIN NOMBRE,59021,SIN NOMBRE
59022,SIN NOMBRE,59022,SIN NOMBRE
59023,SIN NOMBRE,59023,SIN NOMBRE
59024,RIERA DEL MOLI,59023,SIN NOMBRE
59024,RIERA DEL MOLI,59026,SIN NOMBRE
59024,RIERA DEL MOLI,59028,SIN NOMBRE
59024,RIERA DEL MOLI,59029,SIN NOMBRE
59024,RIERA DEL MOLI,59030,SIN NOMBRE
59026,SIN NOMBRE,59026,SIN NOMBRE
59028,SIN NOMBRE,59028,SIN NOMBRE
59029,SIN NOMBRE,59029,SIN NOMBRE
59030,SIN NOMBRE,59030,SIN NOMBRE
59031,SIN NOMBRE,59031,SIN NOMBRE
59032,SIN NOMBRE,59032,SIN NOMBRE
59035,RIERA DE SALA,59036,SIN NOMBRE
59036,SIN NOMBRE,59036,SIN NOMBRE
59037,SIN NOMBRE,59037,SIN NOMBRE
59038,RIERA DE CLARA,59039,SIN NOMBRE
59038,RIERA DE CLARA,59046,SIN NOMBRE
59038,RIERA DE CLARA,59048,SIN NOMBRE
59038,RIERA DE CLARA,59052,SIN NOMBRE
59038,RIERA DE CLARA,59053,SIN NOMBRE
59038,RIERA DE CLARA,59054,SIN NOMBRE
59039,SIN NOMBRE,59039,SIN NOMBRE
59042,RASA DEL JONCAR,59043,SIN NOMBRE
59043,SIN NOMBRE,59043,SIN NOMBRE
59044,RASA DE LA BOIXEDA,59045,SIN NOMBRE
59045,SIN NOMBRE,59045,SIN NOMBRE
59046,SIN NOMBRE,59046,SIN NOMBRE
59048,SIN NOMBRE,59048,SIN NOMBRE
59049,RIERA DE SANT QUINTI,59050,SIN NOMBRE
59049,RIERA DE SANT QUINTI,59051,SIN NOMBRE
59050,SIN NOMBRE,59050,SIN NOMBRE
59051,SIN NOMBRE,59051,SIN NOMBRE
59052,SIN NOMBRE,59052,SIN NOMBRE
59053,SIN NOMBRE,59053,SIN NOMBRE
59054,SIN NOMBRE,59054,SIN NOMBRE
59055,RIERA DE BIURE,59060,SIN NOMBRE
59057,RIERA DEL PONTARRO O DE LA FONT DE LA TOSCA,59059,SIN NOMBRE
59057,RIERA DEL PONTARRO O DE LA FONT DE LA TOSCA,59060,SIN NOMBRE
59059,SIN NOMBRE,59059,SIN NOMBRE
59060,SIN NOMBRE,59060,SIN NOMBRE
59063,SIN NOMBRE,59063,SIN NOMBRE
59064,RIERA DE LA RIBA,59065,SIN NOMBRE
59064,RIERA DE LA RIBA,59067,SIN NOMBRE
59064,RIERA DE LA RIBA,59073,SIN NOMBRE
59065,SIN NOMBRE,59065,SIN NOMBRE
59067,SIN NOMBRE,59067,SIN NOMBRE
59069,TORRENT DE COMA DE DONA,59071,SIN NOMBRE
59069,TORRENT DE COMA DE DONA,59072,SIN NOMBRE
59069,TORRENT DE COMA DE DONA,59073,SIN NOMBRE
59071,SIN NOMBRE,59071,SIN NOMBRE
59072,SIN NOMBRE,59072,SIN NOMBRE
59073,SIN NOMBRE,59073,SIN NOMBRE
59077,RIERA DE LA PORTELLA,59078,SIN NOMBRE
59077,RIERA DE LA PORTELLA,59080,SIN NOMBRE
59078,SIN NOMBRE,59078,SIN NOMBRE
59080,SIN NOMBRE,59080,SIN NOMBRE
59081,TORRENT DE CAL MOLINER,59080,SIN NOMBRE
59081,TORRENT DE CAL MOLINER,59087,SIN NOMBRE
59083,REC DE SOIS,59084,SIN NOMBRE
59083,REC DE SOIS,59086,SIN NOMBRE
59084,SIN NOMBRE,59084,SIN NOMBRE
59086,SIN NOMBRE,59086,SIN NOMBRE
59087,SIN NOMBRE,59087,SIN NOMBRE
59088,SIN NOMBRE,59088,SIN NOMBRE
59098,TORRENT DE FONT OLLERA,59099,SIN NOMBRE
59098,TORRENT DE FONT OLLERA,59100,SIN NOMBRE
59099,SIN NOMBRE,59099,SIN NOMBRE
59100,SIN NOMBRE,59100,SIN NOMBRE
59101,RIU DEMETGE,59104,SIN NOMBRE
59101,RIU DEMETGE,59105,SIN NOMBRE
59102,TORRENT DE LA FONT DELS ESTUDIANS,59103,SIN NOMBRE
59103,SIN NOMBRE,59103,SIN NOMBRE
59104,SIN NOMBRE,59104,SIN NOMBRE
59105,SIN NOMBRE,59105,SIN NOMBRE
59109,RIU MERGANÇOL,59110,SIN NOMBRE
59109,RIU MERGANÇOL,59113,SIN NOMBRE
59109,RIU MERGANÇOL,59114,SIN NOMBRE
59109,RIU MERGANÇOL,59115,SIN NOMBRE
59109,RIU MERGANÇOL,59122,SIN NOMBRE
59109,RIU MERGANÇOL,59145,SIN NOMBRE
59109,RIU MERGANÇOL,59146,SIN NOMBRE
59109,RIU MERGANÇOL,59147,SIN NOMBRE
59109,RIU MERGANÇOL,59148,SIN NOMBRE
59109,RIU MERGANÇOL,59149,SIN NOMBRE
59109,RIU MERGANÇOL,59151,SIN NOMBRE
59109,RIU MERGANÇOL,59153,SIN NOMBRE
59109,RIU MERGANÇOL,59155,SIN NOMBRE
59109,RIU MERGANÇOL,59158,SIN NOMBRE
59109,RIU MERGANÇOL,59161,SIN NOMBRE
59110,SIN NOMBRE,59110,SIN NOMBRE
59111,CLOT DEL VERDAGUER,59112,SIN NOMBRE
59112,SIN NOMBRE,59112,SIN NOMBRE
59113,SIN NOMBRE,59113,SIN NOMBRE
59114,SIN NOMBRE,59114,SIN NOMBRE
59115,SIN NOMBRE,59115,SIN NOMBRE
59117,REC DE LA FONT DEL SOFRE,59118,SIN NOMBRE
59117,REC DE LA FONT DEL SOFRE,59119,SIN NOMBRE
59118,SIN NOMBRE,59118,SIN NOMBRE
59119,SIN NOMBRE,59119,SIN NOMBRE
59120,TORRENT DE SANT MIQUEL,59121,SIN NOMBRE
59121,SIN NOMBRE,59121,SIN NOMBRE
59122,SIN NOMBRE,59122,SIN NOMBRE
59123,RIBERA DE VILADA,59142,SIN NOMBRE
59124,TORRENT DE LA FONT DEL VIDRIER,59125,SIN NOMBRE
59125,SIN NOMBRE,59125,SIN NOMBRE
59128,RIERA DE CAMP-RUBI,59129,SIN NOMBRE
59128,RIERA DE CAMP-RUBI,59135,SIN NOMBRE
59129,SIN NOMBRE,59129,SIN NOMBRE
59129,SIN NOMBRE,59130,SIN NOMBRE
59130,SIN NOMBRE,59130,SIN NOMBRE
59131,BARRANC DE SURONELL,59133,SIN NOMBRE
59131,BARRANC DE SURONELL,59134,SIN NOMBRE
59133,SIN NOMBRE,59133,SIN NOMBRE
59133,SIN NOMBRE,59134,SIN NOMBRE
59134,SIN NOMBRE,59133,SIN NOMBRE
59134,SIN NOMBRE,59134,SIN NOMBRE
59135,SIN NOMBRE,59135,SIN NOMBRE
59136,RIBERA DEL CASTELL,59137,SIN NOMBRE
59136,RIBERA DEL CASTELL,59138,SIN NOMBRE
59136,RIBERA DEL CASTELL,59141,SIN NOMBRE
59136,RIBERA DEL CASTELL,59142,SIN NOMBRE
59137,SIN NOMBRE,59137,SIN NOMBRE
59138,SIN NOMBRE,59138,SIN NOMBRE
59139,RIBERA DE LA CLUSA,59140,SIN NOMBRE
59140,SIN NOMBRE,59140,SIN NOMBRE
59141,SIN NOMBRE,59141,SIN NOMBRE
59142,SIN NOMBRE,59142,SIN NOMBRE
59143,TORRENT FRED,59144,SIN NOMBRE
59144,SIN NOMBRE,59144,SIN NOMBRE
59145,SIN NOMBRE,59145,SIN NOMBRE
59146,SIN NOMBRE,59146,SIN NOMBRE
59147,SIN NOMBRE,59147,SIN NOMBRE
59148,SIN NOMBRE,59148,SIN NOMBRE
59149,SIN NOMBRE,59149,SIN NOMBRE
59151,SIN NOMBRE,59151,SIN NOMBRE
59153,SIN NOMBRE,59153,SIN NOMBRE
59155,SIN NOMBRE,59155,SIN NOMBRE
59158,SIN NOMBRE,59158,SIN NOMBRE
59159,TORRENT DEL JONCAR,59158,SIN NOMBRE
59159,TORRENT DEL JONCAR,59160,SIN NOMBRE
59160,SIN NOMBRE,59160,SIN NOMBRE
59161,SIN NOMBRE,59161,SIN NOMBRE
59162,SIN NOMBRE,59162,SIN NOMBRE
59164,RIU DE PEGUERA,59170,SIN NOMBRE
59165,TORRENT DE LES CARRIGUES,59166,SIN NOMBRE
59165,TORRENT DE LES CARRIGUES,59168,SIN NOMBRE
59165,TORRENT DE LES CARRIGUES,59169,SIN NOMBRE
59166,SIN NOMBRE,59166,SIN NOMBRE
59168,SIN NOMBRE,59168,SIN NOMBRE
59169,SIN NOMBRE,59169,SIN NOMBRE
59170,SIN NOMBRE,59170,SIN NOMBRE
59171,BARRANC DELS GRAUS,59173,SIN NOMBRE
59173,SIN NOMBRE,59173,SIN NOMBRE
59177,TORRENT DE LA NOU,59178,SIN NOMBRE
59178,SIN NOMBRE,59178,SIN NOMBRE
59178,SIN NOMBRE,59179,SIN NOMBRE
59178,SIN NOMBRE,59181,SIN NOMBRE
59179,SIN NOMBRE,59179,SIN NOMBRE
59179,SIN NOMBRE,59180,SIN NOMBRE
59180,SIN NOMBRE,59180,SIN NOMBRE
59181,SIN NOMBRE,59181,SIN NOMBRE
59184,TORRENT DE FUMANYA,59186,SIN NOMBRE
59184,TORRENT DE FUMANYA,59190,SIN NOMBRE
59186,SIN NOMBRE,59186,SIN NOMBRE
59190,SIN NOMBRE,59190,SIN NOMBRE
59192,SIN NOMBRE,59192,SIN NOMBRE
59193,TORRENT DE MALANYEU,59194,SIN NOMBRE
59194,SIN NOMBRE,59194,SIN NOMBRE
59195,SIN NOMBRE,59195,SIN NOMBRE
59197,RIU DE SALDES,59213,SIN NOMBRE
59197,RIU DE SALDES,59214,SIN NOMBRE
59197,RIU DE SALDES,59224,SIN NOMBRE
59197,RIU DE SALDES,59246,SIN NOMBRE
59200,TORRENT DEL PURGATORI,59210,SIN NOMBRE
59200,TORRENT DEL PURGATORI,59211,SIN NOMBRE
59203,TORRENT DEL COLL DE PRADELL,59205,SIN NOMBRE
59203,TORRENT DEL COLL DE PRADELL,59206,SIN NOMBRE
59203,TORRENT DEL COLL DE PRADELL,59208,SIN NOMBRE
59205,SIN NOMBRE,59205,SIN NOMBRE
59206,SIN NOMBRE,59206,SIN NOMBRE
59208,SIN NOMBRE,59208,SIN NOMBRE
59210,SIN NOMBRE,59210,SIN NOMBRE
59211,SIN NOMBRE,59211,SIN NOMBRE
59213,SIN NOMBRE,59213,SIN NOMBRE
59214,SIN NOMBRE,59214,SIN NOMBRE
59217,TORRENT DE VILELLA,59218,SIN NOMBRE
59217,TORRENT DE VILELLA,59220,SIN NOMBRE
59218,SIN NOMBRE,59218,SIN NOMBRE
59220,SIN NOMBRE,59220,SIN NOMBRE
59224,SIN NOMBRE,59224,SIN NOMBRE
59226,TORRENT DE LLURIA,59239,SIN NOMBRE
59227,RIERA DE GRESOLET,59228,SIN NOMBRE
59227,RIERA DE GRESOLET,59229,SIN NOMBRE
59227,RIERA DE GRESOLET,59237,SIN NOMBRE
59227,RIERA DE GRESOLET,59238,SIN NOMBRE
59228,SIN NOMBRE,59228,SIN NOMBRE
59229,SIN NOMBRE,59229,SIN NOMBRE
59232,TORRENT DE LES MULLERES,59235,SIN NOMBRE
59235,SIN NOMBRE,59235,SIN NOMBRE
59237,SIN NOMBRE,59237,SIN NOMBRE
59238,SIN NOMBRE,59238,SIN NOMBRE
59239,SIN NOMBRE,59239,SIN NOMBRE
59242,TORRENT DE LA FONT D'ENSIJA,59245,SIN NOMBRE
59245,SIN NOMBRE,59245,SIN NOMBRE
59246,SIN NOMBRE,59246,SIN NOMBRE
59252,SIN NOMBRE,59252,SIN NOMBRE
59254,TORRENT DE LA FONT DEL CASTELL,59255,SIN NOMBRE
59254,TORRENT DE LA FONT DEL CASTELL,59256,SIN NOMBRE
59254,TORRENT DE LA FONT DEL CASTELL,59257,SIN NOMBRE
59255,SIN NOMBRE,59255,SIN NOMBRE
59256,SIN NOMBRE,59256,SIN NOMBRE
59257,SIN NOMBRE,59257,SIN NOMBRE
59258,RIU BASTARENY,59278,SIN NOMBRE
59258,RIU BASTARENY,59292,SIN NOMBRE
59258,RIU BASTARENY,59294,SIN NOMBRE
59259,REC DE ROTLLAN,59260,SIN NOMBRE
59260,SIN NOMBRE,59260,SIN NOMBRE
59266,RIU DE GREIXER,59267,SIN NOMBRE
59266,RIU DE GREIXER,59268,SIN NOMBRE
59267,SIN NOMBRE,59267,SIN NOMBRE
59268,SIN NOMBRE,59268,SIN NOMBRE
59278,SIN NOMBRE,59278,SIN NOMBRE
59292,SIN NOMBRE,59292,SIN NOMBRE
59294,SIN NOMBRE,59294,SIN NOMBRE
59295,TORRENT DE LA MUGA,59294,SIN NOMBRE
59298,SIN NOMBRE,59298,SIN NOMBRE
59310,SIN NOMBRE,59310,SIN NOMBRE
59312,TORRENT DEL CLOT DE L'INFERN,59313,SIN NOMBRE
59313,SIN NOMBRE,59313,SIN NOMBRE
59315,SIN NOMBRE,59315,SIN NOMBRE
59316,SIN NOMBRE,59316,SIN NOMBRE
59319,SIN NOMBRE,59319,SIN NOMBRE
59320,RIU REGATELL,59321,SIN NOMBRE
59320,RIU REGATELL,59322,SIN NOMBRE
59321,SIN NOMBRE,59321,SIN NOMBRE
59322,SIN NOMBRE,59322,SIN NOMBRE
59323,TORRENT DE VALLFOGONA,59324,SIN NOMBRE
59323,TORRENT DE VALLFOGONA,59325,SIN NOMBRE
59324,SIN NOMBRE,59324,SIN NOMBRE
59325,SIN NOMBRE,59325,SIN NOMBRE
59326,RIU DE L'ARIJA,59341,SIN NOMBRE
59326,RIU DE L'ARIJA,59346,SIN NOMBRE
59326,RIU DE L'ARIJA,59350,SIN NOMBRE
59327,TORRENT DE JUNYENT,59329,SIN NOMBRE
59328,REC DE LA LLENA,59329,SIN NOMBRE
59329,SIN NOMBRE,59329,SIN NOMBRE
59332,TORRENT DE SOLLS,59334,SIN NOMBRE
59332,TORRENT DE SOLLS,59335,SIN NOMBRE
59334,SIN NOMBRE,59334,SIN NOMBRE
59335,SIN NOMBRE,59335,SIN NOMBRE
59341,SIN NOMBRE,59341,SIN NOMBRE
59343,TORRENT DE LA SOLEIA,59344,SIN NOMBRE
59343,TORRENT DE LA SOLEIA,59345,SIN NOMBRE
59344,SIN NOMBRE,59344,SIN NOMBRE
59344,SIN NOMBRE,59345,SIN NOMBRE
59345,SIN NOMBRE,59344,SIN NOMBRE
59345,SIN NOMBRE,59345,SIN NOMBRE
59346,SIN NOMBRE,59346,SIN NOMBRE
59347,REC DE BAUMA BLANCA,59348,SIN NOMBRE
59348,SIN NOMBRE,59348,SIN NOMBRE
59350,SIN NOMBRE,59350,SIN NOMBRE
59351,SIN NOMBRE,59351,SIN NOMBRE
59352,TORRENT DE LA MOLINA,59353,SIN NOMBRE
59353,SIN NOMBRE,59353,SIN NOMBRE
59355,SIN NOMBRE,59355,SIN NOMBRE
59356,SIN NOMBRE,59356,SIN NOMBRE
59362,TORRENT DE CA BENETA,59363,SIN NOMBRE
59363,SIN NOMBRE,59363,SIN NOMBRE
59366,TORRENT DE LA FONT DEL BOIX,59369,SIN NOMBRE
59369,SIN NOMBRE,59369,SIN NOMBRE
59370,TORRENT DE LES FONTETES,59371,SIN NOMBRE
59370,TORRENT DE LES FONTETES,59372,SIN NOMBRE
59371,SIN NOMBRE,59371,SIN NOMBRE
59372,SIN NOMBRE,59372,SIN NOMBRE
59373,RIU BESOS,59376,SIN NOMBRE
59373,RIU BESOS,59381,SIN NOMBRE
59373,RIU BESOS,59382,SIN NOMBRE
59373,RIU BESOS,59386,SIN NOMBRE
59373,RIU BESOS,59506,SIN NOMBRE
59373,RIU BESOS,59507,SIN NOMBRE
59373,RIU BESOS,59569,SIN NOMBRE
59376,SIN NOMBRE,59376,SIN NOMBRE
59376,SIN NOMBRE,59377,SIN NOMBRE
59377,SIN NOMBRE,59377,SIN NOMBRE
59378,TORRENT DEL CARGOL,59379,SIN NOMBRE
59378,TORRENT DEL CARGOL,59380,SIN NOMBRE
59379,SIN NOMBRE,59379,SIN NOMBRE
59380,SIN NOMBRE,59380,SIN NOMBRE
59381,SIN NOMBRE,59381,SIN NOMBRE
59382,SIN NOMBRE,59382,SIN NOMBRE
59383,TORRENT DE VALLENÇANA,59384,SIN NOMBRE
59383,TORRENT DE VALLENÇANA,59385,SIN NOMBRE
59384,SIN NOMBRE,59384,SIN NOMBRE
59385,SIN NOMBRE,59385,SIN NOMBRE
59386,SIN NOMBRE,59386,SIN NOMBRE
59387,RIU RIPOLL,59442,SIN NOMBRE
59387,RIU RIPOLL,59448,SIN NOMBRE
59387,RIU RIPOLL,59449,SIN NOMBRE
59387,RIU RIPOLL,59460,SIN NOMBRE
59387,RIU RIPOLL,59466,SIN NOMBRE
59387,RIU RIPOLL,59467,SIN NOMBRE
59387,RIU RIPOLL,59468,SIN NOMBRE
59387,RIU RIPOLL,59469,SIN NOMBRE
59387,RIU RIPOLL,59484,SIN NOMBRE
59387,RIU RIPOLL,59497,SIN NOMBRE
59388,RIERA DE SANT CUGAT,59389,SIN NOMBRE
59388,RIERA DE SANT CUGAT,59390,SIN NOMBRE
59389,SIN NOMBRE,59389,SIN NOMBRE
59390,SIN NOMBRE,59390,SIN NOMBRE
59392,TORRENT DE CAN COLL,59393,SIN NOMBRE
59393,SIN NOMBRE,59393,SIN NOMBRE
59399,TORRENT DE CAN MAGRANS,59400,SIN NOMBRE
59399,TORRENT DE CAN MAGRANS,59401,SIN NOMBRE
59400,SIN NOMBRE,59400,SIN NOMBRE
59400,SIN NOMBRE,59401,SIN NOMBRE
59401,SIN NOMBRE,59400,SIN NOMBRE
59401,SIN NOMBRE,59401,SIN NOMBRE
59408,TORRENT DE CAN CORNELLERA,59411,SIN NOMBRE
59408,TORRENT DE CAN CORNELLERA,59412,SIN NOMBRE
59411,SIN NOMBRE,59411,SIN NOMBRE
59411,SIN NOMBRE,59412,SIN NOMBRE
59412,SIN NOMBRE,59411,SIN NOMBRE
59412,SIN NOMBRE,59412,SIN NOMBRE
59413,RIERA DE SANT MEDIR,59418,SIN NOMBRE
59418,SIN NOMBRE,59418,SIN NOMBRE
59420,RIU SEC,59425,SIN NOMBRE
59422,RIU RIERETA,59424,SIN NOMBRE
59424,SIN NOMBRE,59424,SIN NOMBRE
59425,SIN NOMBRE,59425,SIN NOMBRE
59426,TORRENT DE CAN VINYALS,59427,SIN NOMBRE
59426,TORRENT DE CAN VINYALS,59428,SIN NOMBRE
59427,SIN NOMBRE,59427,SIN NOMBRE
59427,SIN NOMBRE,59428,SIN NOMBRE
59428,SIN NOMBRE,59427,SIN NOMBRE
59428,SIN NOMBRE,59428,SIN NOMBRE
59429,TORRENT DE BATZUCA,59430,SIN NOMBRE
59429,TORRENT DE BATZUCA,59431,SIN NOMBRE
59429,TORRENT DE BATZUCA,59436,SIN NOMBRE
59430,SIN NOMBRE,59430,SIN NOMBRE
59431,SIN NOMBRE,59431,SIN NOMBRE
59433,TORRENT DE CAN SOLA,59434,SIN NOMBRE
59434,SIN NOMBRE,59434,SIN NOMBRE
59436,SIN NOMBRE,59436,SIN NOMBRE
59437,TORRENT DE LA GRIPIA,59438,SIN NOMBRE
59437,TORRENT DE LA GRIPIA,59439,SIN NOMBRE
59438,SIN NOMBRE,59438,SIN NOMBRE
59438,SIN NOMBRE,59439,SIN NOMBRE
59439,SIN NOMBRE,59438,SIN NOMBRE
59439,SIN NOMBRE,59439,SIN NOMBRE
59440,TORRENT DEL PONT DEL BERARDO,59441,SIN NOMBRE
59441,SIN NOMBRE,59441,SIN NOMBRE
59442,SIN NOMBRE,59442,SIN NOMBRE
59443,RIU TORT,59444,SIN NOMBRE
59444,SIN NOMBRE,59444,SIN NOMBRE
59445,TORRENT DE COLOBRERS,59446,SIN NOMBRE
59445,TORRENT DE COLOBRERS,59447,SIN NOMBRE
59446,SIN NOMBRE,59446,SIN NOMBRE
59446,SIN NOMBRE,59447,SIN NOMBRE
59447,SIN NOMBRE,59446,SIN NOMBRE
59447,SIN NOMBRE,59447,SIN NOMBRE
59448,SIN NOMBRE,59448,SIN NOMBRE
59449,SIN NOMBRE,59449,SIN NOMBRE
59452,TORRENT DEL TUDONER,59453,SIN NOMBRE
59453,SIN NOMBRE,59453,SIN NOMBRE
59454,TORRENT DEL GUINARD,59455,SIN NOMBRE
59455,SIN NOMBRE,59455,SIN NOMBRE
59456,TORRENT DE MIRALLES,59457,SIN NOMBRE
59457,SIN NOMBRE,59457,SIN NOMBRE
59458,TORRENT MITGER,59459,SIN NOMBRE
59459,SIN NOMBRE,59459,SIN NOMBRE
59460,SIN NOMBRE,59460,SIN NOMBRE
59461,TORRENT DE CANYELLES,59462,SIN NOMBRE
59461,TORRENT DE CANYELLES,59463,SIN NOMBRE
59462,SIN NOMBRE,59462,SIN NOMBRE
59462,SIN NOMBRE,59463,SIN NOMBRE
59463,SIN NOMBRE,59462,SIN NOMBRE
59463,SIN NOMBRE,59463,SIN NOMBRE
59463,SIN NOMBRE,59464,SIN NOMBRE
59464,SIN NOMBRE,59464,SIN NOMBRE
59466,SIN NOMBRE,59466,SIN NOMBRE
59467,SIN NOMBRE,59467,SIN NOMBRE
59468,SIN NOMBRE,59468,SIN NOMBRE
59469,SIN NOMBRE,59469,SIN NOMBRE
59472,TORRENT DEL SOT DEL SABATER,59473,SIN NOMBRE
59473,SIN NOMBRE,59473,SIN NOMBRE
59476,TORRENT DEL BORRELL,59477,SIN NOMBRE
59476,TORRENT DEL BORRELL,59478,SIN NOMBRE
59477,SIN NOMBRE,59477,SIN NOMBRE
59478,SIN NOMBRE,59478,SIN NOMBRE
59479,TORRENT DE SANTA AGNES,59480,SIN NOMBRE
59480,SIN NOMBRE,59480,SIN NOMBRE
59481,TORRENT DEL CASTELLO,59482,SIN NOMBRE
59482,SIN NOMBRE,59482,SIN NOMBRE
59482,SIN NOMBRE,59483,SIN NOMBRE
59483,SIN NOMBRE,59483,SIN NOMBRE
59484,SIN NOMBRE,59484,SIN NOMBRE
59485,TORRENT DE LA VALL D'HORTA,59486,SIN NOMBRE
59485,TORRENT DE LA VALL D'HORTA,59487,SIN NOMBRE
59485,TORRENT DE LA VALL D'HORTA,59491,SIN NOMBRE
59486,SIN NOMBRE,59486,SIN NOMBRE
59487,SIN NOMBRE,59487,SIN NOMBRE
59488,TORRENT DE LA FONT DEL LLOR,59490,SIN NOMBRE
59490,SIN NOMBRE,59490,SIN NOMBRE
59491,SIN NOMBRE,59491,SIN NOMBRE
59497,SIN NOMBRE,59497,SIN NOMBRE
59500,TORRENT DE SALALLASSERA,59501,SIN NOMBRE
59501,SIN NOMBRE,59501,SIN NOMBRE
59504,TORRENT DEL GALI,59505,SIN NOMBRE
59505,SIN NOMBRE,59505,SIN NOMBRE
59506,SIN NOMBRE,59506,SIN NOMBRE
59507,SIN NOMBRE,59507,SIN NOMBRE
59508,RIERA DE POLINYA,59516,SIN NOMBRE
59509,RIERA SECA,59510,SIN NOMBRE
59510,SIN NOMBRE,59510,SIN NOMBRE
59511,RIERA DE SANTIGA,59512,SIN NOMBRE
59512,SIN NOMBRE,59512,SIN NOMBRE
59516,SIN NOMBRE,59516,SIN NOMBRE
59518,RIERA DE CALDES,59542,SIN NOMBRE
59518,RIERA DE CALDES,59543,SIN NOMBRE
59518,RIERA DE CALDES,59546,SIN NOMBRE
59518,RIERA DE CALDES,59547,SIN NOMBRE
59518,RIERA DE CALDES,59548,SIN NOMBRE
59518,RIERA DE CALDES,59549,SIN NOMBRE
59520,RIERA DE SENTMENAT,59521,SIN NOMBRE
59521,SIN NOMBRE,59521,SIN NOMBRE
59522,TORRENT DEL COSIDOR,59523,SIN NOMBRE
59522,TORRENT DEL COSIDOR,59524,SIN NOMBRE
59522,TORRENT DEL COSIDOR,59525,SIN NOMBRE
59523,SIN NOMBRE,59523,SIN NOMBRE
59524,SIN NOMBRE,59524,SIN NOMBRE
59525,SIN NOMBRE,59525,SIN NOMBRE
59526,TORRENT DE GUANTA,59527,SIN NOMBRE
59526,TORRENT DE GUANTA,59528,SIN NOMBRE
59526,TORRENT DE GUANTA,59529,SIN NOMBRE
59527,SIN NOMBRE,59527,SIN NOMBRE
59528,SIN NOMBRE,59528,SIN NOMBRE
59529,SIN NOMBRE,59529,SIN NOMBRE
59531,TORRENT D'EN BAELL,59535,SIN NOMBRE
59532,TORRENT DE CAN TURULL,59533,SIN NOMBRE
59532,TORRENT DE CAN TURULL,59534,SIN NOMBRE
59533,SIN NOMBRE,59533,SIN NOMBRE
59533,SIN NOMBRE,59534,SIN NOMBRE
59534,SIN NOMBRE,59533,SIN NOMBRE
59534,SIN NOMBRE,59534,SIN NOMBRE
59535,SIN NOMBRE,59535,SIN NOMBRE
59537,TORRENT SEC DE LES ARENES,59538,SIN NOMBRE
59538,SIN NOMBRE,59538,SIN NOMBRE
59540,RIERA DE CODONYS,59541,SIN NOMBRE
59541,SIN NOMBRE,59541,SIN NOMBRE
59542,SIN NOMBRE,59542,SIN NOMBRE
59543,SIN NOMBRE,59543,SIN NOMBRE
59544,TORRENT DEL PRAT DE BAIX,59545,SIN NOMBRE
59545,SIN NOMBRE,59545,SIN NOMBRE
59546,SIN NOMBRE,59546,SIN NOMBRE
59547,SIN NOMBRE,59547,SIN NOMBRE
59548,SIN NOMBRE,59548,SIN NOMBRE
59549,SIN NOMBRE,59549,SIN NOMBRE
59551,TORRENT DE SANT SEBASTIA,59553,SIN NOMBRE
59551,TORRENT DE SANT SEBASTIA,59554,SIN NOMBRE
59553,SIN NOMBRE,59553,SIN NOMBRE
59554,SIN NOMBRE,59554,SIN NOMBRE
59555,TORRENT DE CAN SALLENT,59556,SIN NOMBRE
59556,SIN NOMBRE,59556,SIN NOMBRE
59558,RIERA DE GALLIFA,59561,SIN NOMBRE
59561,SIN NOMBRE,59561,SIN NOMBRE
59562,SOT DE LA ROCA,59564,SIN NOMBRE
59564,SIN NOMBRE,59564,SIN NOMBRE
59567,RIERA DE SANT PONÇ,59568,SIN NOMBRE
59568,SIN NOMBRE,59568,SIN NOMBRE
59569,SIN NOMBRE,59569,SIN NOMBRE
59570,TORRENT DE SANT FOST,59571,SIN NOMBRE
59570,TORRENT DE SANT FOST,59574,SIN NOMBRE
59571,SIN NOMBRE,59571,SIN NOMBRE
59571,SIN NOMBRE,59572,SIN NOMBRE
59571,SIN NOMBRE,59573,SIN NOMBRE
59571,SIN NOMBRE,59574,SIN NOMBRE
59572,SIN NOMBRE,59572,SIN NOMBRE
59573,SIN NOMBRE,59573,SIN NOMBRE
59574,SIN NOMBRE,59571,SIN NOMBRE
59574,SIN NOMBRE,59574,SIN NOMBRE
59575,TORRENT DE LA FONT SUNYERA,59576,SIN NOMBRE
59576,SIN NOMBRE,59576,SIN NOMBRE
59578,TORRENT DE CAN GURRI,59579,SIN NOMBRE
59579,SIN NOMBRE,59579,SIN NOMBRE
59580,RIERA DE GALLECS,59581,SIN NOMBRE
59580,RIERA DE GALLECS,59582,SIN NOMBRE
59580,RIERA DE GALLECS,59583,SIN NOMBRE
59581,SIN NOMBRE,59581,SIN NOMBRE
59582,SIN NOMBRE,59582,SIN NOMBRE
59583,SIN NOMBRE,59583,SIN NOMBRE
59584,RIERA DE TENES,59592,SIN NOMBRE
59584,RIERA DE TENES,59598,SIN NOMBRE
59584,RIERA DE TENES,59599,SIN NOMBRE
59584,RIERA DE TENES,59601,SIN NOMBRE
59584,RIERA DE TENES,59602,SIN NOMBRE
59584,RIERA DE TENES,59605,SIN NOMBRE
59584,RIERA DE TENES,59606,SIN NOMBRE
59584,RIERA DE TENES,59608,SIN NOMBRE
59584,RIERA DE TENES,59612,SIN NOMBRE
59584,RIERA DE TENES,59619,SIN NOMBRE
59584,RIERA DE TENES,59636,SIN NOMBRE
59584,RIERA DE TENES,59637,SIN NOMBRE
59584,RIERA DE TENES,59646,SIN NOMBRE
59584,RIERA DE TENES,59647,SIN NOMBRE
59584,RIERA DE TENES,59649,SIN NOMBRE
59586,TORRENT DE CAN PA-I-AIGUA,59588,SIN NOMBRE
59586,TORRENT DE CAN PA-I-AIGUA,59589,SIN NOMBRE
59586,TORRENT DE CAN PA-I-AIGUA,59590,SIN NOMBRE
59588,SIN NOMBRE,59588,SIN NOMBRE
59589,SIN NOMBRE,59589,SIN NOMBRE
59590,SIN NOMBRE,59590,SIN NOMBRE
59592,SIN NOMBRE,59592,SIN NOMBRE
59593,TORRENT DE MERDANÇ,59594,SIN NOMBRE
59593,TORRENT DE MERDANÇ,59595,SIN NOMBRE
59594,SIN NOMBRE,59594,SIN NOMBRE
59594,SIN NOMBRE,59595,SIN NOMBRE
59595,SIN NOMBRE,59594,SIN NOMBRE
59595,SIN NOMBRE,59595,SIN NOMBRE
59595,SIN NOMBRE,59596,SIN NOMBRE
59595,SIN NOMBRE,59597,SIN NOMBRE
59596,SIN NOMBRE,59596,SIN NOMBRE
59597,SIN NOMBRE,59597,SIN NOMBRE
59598,SIN NOMBRE,59598,SIN NOMBRE
59599,SIN NOMBRE,59599,SIN NOMBRE
59601,SIN NOMBRE,59601,SIN NOMBRE
59602,SIN NOMBRE,59602,SIN NOMBRE
59603,TORRENT DE LA VALL,59604,SIN NOMBRE
59604,SIN NOMBRE,59604,SIN NOMBRE
59605,SIN NOMBRE,59605,SIN NOMBRE
59606,SIN NOMBRE,59606,SIN NOMBRE
59608,SIN NOMBRE,59608,SIN NOMBRE
59609,TORRENT DEL SORRAL,59610,SIN NOMBRE
59609,TORRENT DEL SORRAL,59611,SIN NOMBRE
59610,SIN NOMBRE,59610,SIN NOMBRE
59610,SIN NOMBRE,59611,SIN NOMBRE
59611,SIN NOMBRE,59610,SIN NOMBRE
59611,SIN NOMBRE,59611,SIN NOMBRE
59612,SIN NOMBRE,59612,SIN NOMBRE
59613,TORRENT DE LA FONT DEL TORT,59614,SIN NOMBRE
59613,TORRENT DE LA FONT DEL TORT,59615,SIN NOMBRE
59614,SIN NOMBRE,59614,SIN NOMBRE
59614,SIN NOMBRE,59615,SIN NOMBRE
59615,SIN NOMBRE,59614,SIN NOMBRE
59615,SIN NOMBRE,59615,SIN NOMBRE
59616,TORRENT MASPONÇ,59617,SIN NOMBRE
59616,TORRENT MASPONÇ,59618,SIN NOMBRE
59617,SIN NOMBRE,59617,SIN NOMBRE
59617,SIN NOMBRE,59618,SIN NOMBRE
59618,SIN NOMBRE,59617,SIN NOMBRE
59618,SIN NOMBRE,59618,SIN NOMBRE
59619,SIN NOMBRE,59619,SIN NOMBRE
59620,TORRENT DE LA TORRE,59621,SIN NOMBRE
59620,TORRENT DE LA TORRE,59622,SIN NOMBRE
59621,SIN NOMBRE,59621,SIN NOMBRE
59621,SIN NOMBRE,59622,SIN NOMBRE
59622,SIN NOMBRE,59621,SIN NOMBRE
59622,SIN NOMBRE,59622,SIN NOMBRE
59622,SIN NOMBRE,59623,SIN NOMBRE
59623,SIN NOMBRE,59623,SIN NOMBRE
59624,TORRENT DE CAN CANALS,59625,SIN NOMBRE
59624,TORRENT DE CAN CANALS,59626,SIN NOMBRE
59625,SIN NOMBRE,59625,SIN NOMBRE
59626,SIN NOMBRE,59626,SIN NOMBRE
59627,TORRENT DEL VILLAR,59631,SIN NOMBRE
59628,TORRENT FONDO,59629,SIN NOMBRE
59628,TORRENT FONDO,59630,SIN NOMBRE
59629,SIN NOMBRE,59629,SIN NOMBRE
59630,SIN NOMBRE,59630,SIN NOMBRE
59631,SIN NOMBRE,59631,SIN NOMBRE
59633,TORRENT DE BERTI,59634,SIN NOMBRE
59633,TORRENT DE BERTI,59635,SIN NOMBRE
59634,SIN NOMBRE,59634,SIN NOMBRE
59635,SIN NOMBRE,59635,SIN NOMBRE
59636,SIN NOMBRE,59636,SIN NOMBRE
59637,SIN NOMBRE,59637,SIN NOMBRE
59638,RIU ROSSINYOL,59639,SIN NOMBRE
59639,SIN NOMBRE,59639,SIN NOMBRE
59641,SOT DE L'HORRA,59642,SIN NOMBRE
59642,SIN NOMBRE,59642,SIN NOMBRE
59643,SOT DE LA VALL,59644,SIN NOMBRE
59644,SIN NOMBRE,59644,SIN NOMBRE
59646,SIN NOMBRE,59646,SIN NOMBRE
59647,SIN NOMBRE,59647,SIN NOMBRE
59649,SIN NOMBRE,59649,SIN NOMBRE
59651,TORRENT DEL BOSC,59675,SIN NOMBRE
59652,RIERA DE SANT QUIRZE,59656,SIN NOMBRE
59652,RIERA DE SANT QUIRZE,59657,SIN NOMBRE
59653,TORRENT DE LA FONT DEL BOIX,59654,SIN NOMBRE
59653,TORRENT DE LA FONT DEL BOIX,59655,SIN NOMBRE
59654,SIN NOMBRE,59654,SIN NOMBRE
59654,SIN NOMBRE,59655,SIN NOMBRE
59655,SIN NOMBRE,59654,SIN NOMBRE
59655,SIN NOMBRE,59655,SIN NOMBRE
59656,SIN NOMBRE,59656,SIN NOMBRE
59657,SIN NOMBRE,59657,SIN NOMBRE
59658,TORRENT DE LA TEULERIA,59659,SIN NOMBRE
59659,SIN NOMBRE,59659,SIN NOMBRE
59664,RIERA DE CASTELLCIR,59667,SIN NOMBRE
59667,SIN NOMBRE,59667,SIN NOMBRE
59670,TORRENT DE SAUVA NEGRA O DE SANTA MARIA,59673,SIN NOMBRE
59673,SIN NOMBRE,59673,SIN NOMBRE
59675,SIN NOMBRE,59675,SIN NOMBRE
59676,RIU CONGOST,59788,SIN NOMBRE
59676,RIU CONGOST,59796,SIN NOMBRE
59676,RIU CONGOST,59800,SIN NOMBRE
59676,RIU CONGOST,59806,SIN NOMBRE
59676,RIU CONGOST,59807,SIN NOMBRE
59676,RIU CONGOST,59811,SIN NOMBRE
59677,RIU MOGENT,59694,SIN NOMBRE
59677,RIU MOGENT,59695,SIN NOMBRE
59677,RIU MOGENT,59701,SIN NOMBRE
59677,RIU MOGENT,59702,SIN NOMBRE
59677,RIU MOGENT,59717,SIN NOMBRE
59677,RIU MOGENT,59743,SIN NOMBRE
59677,RIU MOGENT,59744,SIN NOMBRE
59677,RIU MOGENT,59746,SIN NOMBRE
59677,RIU MOGENT,59747,SIN NOMBRE
59678,TORRENT DE LA TORRE,59679,SIN NOMBRE
59679,SIN NOMBRE,59679,SIN NOMBRE
59679,SIN NOMBRE,59680,SIN NOMBRE
59680,SIN NOMBRE,59680,SIN NOMBRE
59683,RIERA DE VALLROMANES,59684,SIN NOMBRE
59684,SIN NOMBRE,59684,SIN NOMBRE
59685,TORRENT DE LES FONTANILLES,59686,SIN NOMBRE
59685,TORRENT DE LES FONTANILLES,59687,SIN NOMBRE
59686,SIN NOMBRE,59686,SIN NOMBRE
59687,SIN NOMBRE,59687,SIN NOMBRE
59690,TORRENT DE CAN MAIMO,59691,SIN NOMBRE
59691,SIN NOMBRE,59691,SIN NOMBRE
59692,RIERA DEL XARAGALL,59693,SIN NOMBRE
59693,SIN NOMBRE,59693,SIN NOMBRE
59694,SIN NOMBRE,59694,SIN NOMBRE
59695,SIN NOMBRE,59695,SIN NOMBRE
59696,TORRENT DE CELLECS,59697,SIN NOMBRE
59696,TORRENT DE CELLECS,59698,SIN NOMBRE
59697,SIN NOMBRE,59697,SIN NOMBRE
59697,SIN NOMBRE,59698,SIN NOMBRE
59698,SIN NOMBRE,59697,SIN NOMBRE
59698,SIN NOMBRE,59698,SIN NOMBRE
59701,SIN NOMBRE,59701,SIN NOMBRE
59702,SIN NOMBRE,59702,SIN NOMBRE
59703,TORRENT DE CAN SORA,59704,SIN NOMBRE
59703,TORRENT DE CAN SORA,59705,SIN NOMBRE
59704,SIN NOMBRE,59704,SIN NOMBRE
59704,SIN NOMBRE,59705,SIN NOMBRE
59705,SIN NOMBRE,59704,SIN NOMBRE
59705,SIN NOMBRE,59705,SIN NOMBRE
59707,RIERA DE GAUSACS,59708,SIN NOMBRE
59707,RIERA DE GAUSACS,59711,SIN NOMBRE
59708,SIN NOMBRE,59708,SIN NOMBRE
59708,SIN NOMBRE,59709,SIN NOMBRE
59708,SIN NOMBRE,59710,SIN NOMBRE
59708,SIN NOMBRE,59711,SIN NOMBRE
59709,SIN NOMBRE,59709,SIN NOMBRE
59710,SIN NOMBRE,59710,SIN NOMBRE
59711,SIN NOMBRE,59708,SIN NOMBRE
59711,SIN NOMBRE,59711,SIN NOMBRE
59711,SIN NOMBRE,59712,SIN NOMBRE
59712,SIN NOMBRE,59712,SIN NOMBRE
59715,TORRENT DEL FOGUERAR,59716,SIN NOMBRE
59716,SIN NOMBRE,59716,SIN NOMBRE
59717,SIN NOMBRE,59717,SIN NOMBRE
59718,RIERA DE CANOVES,59721,SIN NOMBRE
59721,SIN NOMBRE,59721,SIN NOMBRE
59743,SIN NOMBRE,59743,SIN NOMBRE
59744,SIN NOMBRE,59744,SIN NOMBRE
59746,SIN NOMBRE,59746,SIN NOMBRE
59747,SIN NOMBRE,59747,SIN NOMBRE
59749,TORRENT DE VALLBONA,59750,SIN NOMBRE
59750,SIN NOMBRE,59750,SIN NOMBRE
59761,RIERA DE VALLSERENA,59773,SIN NOMBRE
59769,SOT DELS SALARS,59770,SIN NOMBRE
59770,SIN NOMBRE,59770,SIN NOMBRE
59773,SIN NOMBRE,59773,SIN NOMBRE
59788,SIN NOMBRE,59788,SIN NOMBRE
59789,RIERA DE CARBONELL,59790,SIN NOMBRE
59789,RIERA DE CARBONELL,59795,SIN NOMBRE
59790,SIN NOMBRE,59790,SIN NOMBRE
59791,TORRENT DEL REMOGENT,59795,SIN NOMBRE
59795,SIN NOMBRE,59795,SIN NOMBRE
59796,SIN NOMBRE,59796,SIN NOMBRE
59800,SIN NOMBRE,59800,SIN NOMBRE
59806,SIN NOMBRE,59806,SIN NOMBRE
59807,SIN NOMBRE,59807,SIN NOMBRE
59811,SIN NOMBRE,59811,SIN NOMBRE
59826,TORRENT CROELLS,59827,SIN NOMBRE
59827,SIN NOMBRE,59827,SIN NOMBRE
59831,RIERA PICAMENA,59832,SIN NOMBRE
59831,RIERA PICAMENA,59833,SIN NOMBRE
59831,RIERA PICAMENA,59853,SIN NOMBRE
59832,SIN NOMBRE,59832,SIN NOMBRE
59833,SIN NOMBRE,59833,SIN NOMBRE
59847,SOT DE FONT NEGRE O DE LA MORA,59848,SIN NOMBRE
59848,SIN NOMBRE,59848,SIN NOMBRE
59853,SIN NOMBRE,59853,SIN NOMBRE
59855,RIERA DEL PUJOL,59856,SIN NOMBRE
59855,RIERA DEL PUJOL,59857,SIN NOMBRE
59856,SIN NOMBRE,59856,SIN NOMBRE
59857,SIN NOMBRE,59857,SIN NOMBRE
59859,RIERA DE MARTINET,59860,SIN NOMBRE
59860,SIN NOMBRE,59860,SIN NOMBRE
59870,TORRENT DE CODINA MALA,59871,SIN NOMBRE
59871,SIN NOMBRE,59871,SIN NOMBRE
59875,BARRANC DE VALL-LLOSSERA,59877,SIN NOMBRE
59875,BARRANC DE VALL-LLOSSERA,59879,SIN NOMBRE
59875,BARRANC DE VALL-LLOSSERA,59880,SIN NOMBRE
59877,SIN NOMBRE,59877,SIN NOMBRE
59879,SIN NOMBRE,59879,SIN NOMBRE
59880,SIN NOMBRE,59880,SIN NOMBRE
59881,TORRENT DE FONT TORDERA,59882,SIN NOMBRE
59882,SIN NOMBRE,59882,SIN NOMBRE
59885,BARRANC DEL PUIG,59886,SIN NOMBRE
59885,BARRANC DEL PUIG,59889,SIN NOMBRE
59886,SIN NOMBRE,59886,SIN NOMBRE
59889,SIN NOMBRE,59889,SIN NOMBRE
59893,SIN NOMBRE,59893,SIN NOMBRE
59896,SIN NOMBRE,59896,SIN NOMBRE
59897,RIERA D'EN FONT,59900,SIN NOMBRE
59898,TORRENT DE MONTCERDA,59899,SIN NOMBRE
59899,SIN NOMBRE,59899,SIN NOMBRE
59900,SIN NOMBRE,59900,SIN NOMBRE
59904,RIERA D'ALELLA,59905,SIN NOMBRE
59904,RIERA D'ALELLA,59907,SIN NOMBRE
59904,RIERA D'ALELLA,59908,SIN NOMBRE
59904,RIERA D'ALELLA,59909,SIN NOMBRE
59905,SIN NOMBRE,59905,SIN NOMBRE
59907,SIN NOMBRE,59907,SIN NOMBRE
59908,SIN NOMBRE,59908,SIN NOMBRE
59909,SIN NOMBRE,59909,SIN NOMBRE
59910,SIN NOMBRE,59910,SIN NOMBRE
59911,SIN NOMBRE,59911,SIN NOMBRE
59912,SIN NOMBRE,59912,SIN NOMBRE
59913,RIERA DE TEIA,59914,SIN NOMBRE
59914,SIN NOMBRE,59914,SIN NOMBRE
59914,SIN NOMBRE,59915,SIN NOMBRE
59915,SIN NOMBRE,59915,SIN NOMBRE
59917,SIN NOMBRE,59917,SIN NOMBRE
59918,SIN NOMBRE,59918,SIN NOMBRE
59919,SIN NOMBRE,59919,SIN NOMBRE
59920,SIN NOMBRE,59920,SIN NOMBRE
59921,RIERA DE VILASSAR,59922,SIN NOMBRE
59921,RIERA DE VILASSAR,59923,SIN NOMBRE
59921,RIERA DE VILASSAR,59924,SIN NOMBRE
59922,SIN NOMBRE,59922,SIN NOMBRE
59923,SIN NOMBRE,59923,SIN NOMBRE
59924,SIN NOMBRE,59924,SIN NOMBRE
59925,RIERA DE CABRILS,59926,SIN NOMBRE
59926,SIN NOMBRE,59926,SIN NOMBRE
59931,SIN NOMBRE,59931,SIN NOMBRE
59933,RIERA D'ARGENTONA,59935,SIN NOMBRE
59933,RIERA D'ARGENTONA,59936,SIN NOMBRE
59933,RIERA D'ARGENTONA,59939,SIN NOMBRE
59935,SIN NOMBRE,59935,SIN NOMBRE
59936,SIN NOMBRE,59936,SIN NOMBRE
59939,SIN NOMBRE,59939,SIN NOMBRE
59940,RIERA DE CLARA,59941,SIN NOMBRE
59940,RIERA DE CLARA,59942,SIN NOMBRE
59941,SIN NOMBRE,59941,SIN NOMBRE
59942,SIN NOMBRE,59942,SIN NOMBRE
59943,RIERA D'ORRIUS,59944,SIN NOMBRE
59943,RIERA D'ORRIUS,59946,SIN NOMBRE
59944,SIN NOMBRE,59944,SIN NOMBRE
59946,SIN NOMBRE,59946,SIN NOMBRE
59947,RIERA DE DOSRIUS,59948,SIN NOMBRE
59948,SIN NOMBRE,59948,SIN NOMBRE
59950,RIERA DE CAN RIMBLES,59952,SIN NOMBRE
59950,RIERA DE CAN RIMBLES,59962,SIN NOMBRE
59950,RIERA DE CAN RIMBLES,59963,SIN NOMBRE
59952,SIN NOMBRE,59952,SIN NOMBRE
59953,TORRENT DE GUINARDO,59954,SIN NOMBRE
59953,TORRENT DE GUINARDO,59955,SIN NOMBRE
59953,TORRENT DE GUINARDO,59956,SIN NOMBRE
59954,SIN NOMBRE,59954,SIN NOMBRE
59955,SIN NOMBRE,59955,SIN NOMBRE
59956,SIN NOMBRE,59956,SIN NOMBRE
59959,CANAL DEL MOTOR,59960,SIN NOMBRE
59960,SIN NOMBRE,59960,SIN NOMBRE
59962,SIN NOMBRE,59962,SIN NOMBRE
59963,SIN NOMBRE,59963,SIN NOMBRE
59964,TORRENT DEL COLL,59965,SIN NOMBRE
59965,SIN NOMBRE,59965,SIN NOMBRE
59968,RIERA DE VALLDEIX O DE SANT SIMO,59972,SIN NOMBRE
59969,RIERA DE CAN SOLER,59970,SIN NOMBRE
59969,RIERA DE CAN SOLER,59971,SIN NOMBRE
59970,SIN NOMBRE,59970,SIN NOMBRE
59970,SIN NOMBRE,59971,SIN NOMBRE
59971,SIN NOMBRE,59970,SIN NOMBRE
59971,SIN NOMBRE,59971,SIN NOMBRE
59972,SIN NOMBRE,59972,SIN NOMBRE
59975,SIN NOMBRE,59975,SIN NOMBRE
59976,SIN NOMBRE,59976,SIN NOMBRE
59978,RIERA DE L'AVALL,59979,SIN NOMBRE
59978,RIERA DE L'AVALL,59980,SIN NOMBRE
59979,SIN NOMBRE,59979,SIN NOMBRE
59979,SIN NOMBRE,59980,SIN NOMBRE
59980,SIN NOMBRE,59979,SIN NOMBRE
59980,SIN NOMBRE,59980,SIN NOMBRE
59981,TORRENT DE CATA,59982,SIN NOMBRE
59981,TORRENT DE CATA,59983,SIN NOMBRE
59982,SIN NOMBRE,59982,SIN NOMBRE
59982,SIN NOMBRE,59983,SIN NOMBRE
59983,SIN NOMBRE,59982,SIN NOMBRE
59983,SIN NOMBRE,59983,SIN NOMBRE
59984,RIERA DE MONTALT,59985,SIN NOMBRE
59985,SIN NOMBRE,59985,SIN NOMBRE
59987,TORRENT DE LA GIRONELLA,59988,SIN NOMBRE
59987,TORRENT DE LA GIRONELLA,59989,SIN NOMBRE
59988,SIN NOMBRE,59988,SIN NOMBRE
59989,SIN NOMBRE,59989,SIN NOMBRE
59990,SIN NOMBRE,59990,SIN NOMBRE
59991,SIN NOMBRE,59991,SIN NOMBRE
59992,RIERA DE CALDETES,59993,SIN NOMBRE
59992,RIERA DE CALDETES,59994,SIN NOMBRE
59993,SIN NOMBRE,59993,SIN NOMBRE
59994,SIN NOMBRE,59994,SIN NOMBRE
59996,SIN NOMBRE,59996,SIN NOMBRE
59997,RIAL LLARG,59998,SIN NOMBRE
59997,RIAL LLARG,59999,SIN NOMBRE
59998,SIN NOMBRE,59998,SIN NOMBRE
59998,SIN NOMBRE,59999,SIN NOMBRE
59999,SIN NOMBRE,59998,SIN NOMBRE
59999,SIN NOMBRE,59999,SIN NOMBRE
60000,RIERA D'ARENYS,60002,SIN NOMBRE
60000,RIERA D'ARENYS,60003,SIN NOMBRE
60000,RIERA D'ARENYS,60004,SIN NOMBRE
60000,RIERA D'ARENYS,60006,SIN NOMBRE
60000,RIERA D'ARENYS,60007,SIN NOMBRE
60002,SIN NOMBRE,60002,SIN NOMBRE
60003,SIN NOMBRE,60003,SIN NOMBRE
60004,SIN NOMBRE,60004,SIN NOMBRE
60006,SIN NOMBRE,60006,SIN NOMBRE
60007,SIN NOMBRE,60007,SIN NOMBRE
60008,RIERA DE SOBIRANS,60009,SIN NOMBRE
60008,RIERA DE SOBIRANS,60013,SIN NOMBRE
60009,SIN NOMBRE,60009,SIN NOMBRE
60010,RIAL DE CAN MORA,60011,SIN NOMBRE
60010,RIAL DE CAN MORA,60012,SIN NOMBRE
60011,SIN NOMBRE,60011,SIN NOMBRE
60011,SIN NOMBRE,60012,SIN NOMBRE
60012,SIN NOMBRE,60011,SIN NOMBRE
60012,SIN NOMBRE,60012,SIN NOMBRE
60013,SIN NOMBRE,60013,SIN NOMBRE
60015,SIN NOMBRE,60015,SIN NOMBRE
60016,RIAL D'EN CATA,60017,SIN NOMBRE
60017,SIN NOMBRE,60017,SIN NOMBRE
60018,TORRENT DE LES TEIXONERES,60019,SIN NOMBRE
60018,TORRENT DE LES TEIXONERES,60021,SIN NOMBRE
60019,SIN NOMBRE,60019,SIN NOMBRE
60019,SIN NOMBRE,60020,SIN NOMBRE
60019,SIN NOMBRE,60021,SIN NOMBRE
60020,SIN NOMBRE,60020,SIN NOMBRE
60021,SIN NOMBRE,60019,SIN NOMBRE
60021,SIN NOMBRE,60021,SIN NOMBRE
60024,TORRENT DE LA MURTRA,60025,SIN NOMBRE
60025,SIN NOMBRE,60025,SIN NOMBRE
60026,RIERA DE SANT POL,60063,SIN NOMBRE
60028,RIERA DE VALLALTA,60050,SIN NOMBRE
60028,RIERA DE VALLALTA,60051,SIN NOMBRE
60028,RIERA DE VALLALTA,60054,SIN NOMBRE
60028,RIERA DE VALLALTA,60055,SIN NOMBRE
60028,RIERA DE VALLALTA,60056,SIN NOMBRE
60029,RIERA DE SALLENT,60030,SIN NOMBRE
60030,SIN NOMBRE,60030,SIN NOMBRE
60033,TORRENT DE LA CASA VELLA,60034,SIN NOMBRE
60033,TORRENT DE LA CASA VELLA,60035,SIN NOMBRE
60033,TORRENT DE LA CASA VELLA,60036,SIN NOMBRE
60034,SIN NOMBRE,60034,SIN NOMBRE
60035,SIN NOMBRE,60035,SIN NOMBRE
60036,SIN NOMBRE,60036,SIN NOMBRE
60041,TORRENT DE LA ROUREDA,60047,SIN NOMBRE
60042,RIERA DE CAN VIVES DE LA CORTADA,60043,SIN NOMBRE
60042,RIERA DE CAN VIVES DE LA CORTADA,60046,SIN NOMBRE
60043,SIN NOMBRE,60043,SIN NOMBRE
60043,SIN NOMBRE,60044,SIN NOMBRE
60043,SIN NOMBRE,60045,SIN NOMBRE
60043,SIN NOMBRE,60046,SIN NOMBRE
60044,SIN NOMBRE,60044,SIN NOMBRE
60045,SIN NOMBRE,60045,SIN NOMBRE
60046,SIN NOMBRE,60043,SIN NOMBRE
60046,SIN NOMBRE,60046,SIN NOMBRE
60047,SIN NOMBRE,60047,SIN NOMBRE
60050,SIN NOMBRE,60050,SIN NOMBRE
60051,SIN NOMBRE,60051,SIN NOMBRE
60052,SOT D'ORADELLA,60053,SIN NOMBRE
60053,SIN NOMBRE,60053,SIN NOMBRE
60054,SIN NOMBRE,60054,SIN NOMBRE
60055,SIN NOMBRE,60055,SIN NOMBRE
60056,SIN NOMBRE,60056,SIN NOMBRE
60057,RIERA DE SANT ANDREU,60061,SIN NOMBRE
60057,RIERA DE SANT ANDREU,60062,SIN NOMBRE
60057,RIERA DE SANT ANDREU,60063,SIN NOMBRE
60061,SIN NOMBRE,60061,SIN NOMBRE
60062,SIN NOMBRE,60062,SIN NOMBRE
60063,SIN NOMBRE,60063,SIN NOMBRE
60065,SIN NOMBRE,60065,SIN NOMBRE
60066,SIN NOMBRE,60066,SIN NOMBRE
60067,RIERA DE CALELLA,60068,SIN NOMBRE
60067,RIERA DE CALELLA,60069,SIN NOMBRE
60067,RIERA DE CALELLA,60070,SIN NOMBRE
60068,SIN NOMBRE,60068,SIN NOMBRE
60069,SIN NOMBRE,60069,SIN NOMBRE
60070,SIN NOMBRE,60070,SIN NOMBRE
60071,RIERANY DELS FRARES,60072,SIN NOMBRE
60072,SIN NOMBRE,60072,SIN NOMBRE
60073,SIN NOMBRE,60073,SIN NOMBRE
60073,SIN NOMBRE,60074,SIN NOMBRE
60074,SIN NOMBRE,60074,SIN NOMBRE
60075,RIERA DE PINEDA,60076,SIN NOMBRE
60075,RIERA DE PINEDA,60078,SIN NOMBRE
60076,SIN NOMBRE,60076,SIN NOMBRE
60078,SIN NOMBRE,60078,SIN NOMBRE
60079,SOT DE RUPIT,60082,SIN NOMBRE
60079,SOT DE RUPIT,60083,SIN NOMBRE
60080,SOT DEL SALT,60081,SIN NOMBRE
60081,SIN NOMBRE,60081,SIN NOMBRE
60082,SIN NOMBRE,60082,SIN NOMBRE
60083,SIN NOMBRE,60083,SIN NOMBRE
60084,RIERA DE SANTA SUSANNA,60086,SIN NOMBRE
60086,SIN NOMBRE,60086,SIN NOMBRE
60090,SOT DE CAN CLAVELL,60091,SIN NOMBRE
60090,SOT DE CAN CLAVELL,60092,SIN NOMBRE
60091,SIN NOMBRE,60091,SIN NOMBRE
60091,SIN NOMBRE,60092,SIN NOMBRE
60092,SIN NOMBRE,60091,SIN NOMBRE
60092,SIN NOMBRE,60092,SIN NOMBRE
60094,SIN NOMBRE,60094,SIN NOMBRE
60095,SIN NOMBRE,60095,SIN NOMBRE
60096,RIERA DE PALAFOLLS,60100,SIN NOMBRE
60096,RIERA DE PALAFOLLS,60101,SIN NOMBRE
60096,RIERA DE PALAFOLLS,60103,SIN NOMBRE
60100,SIN NOMBRE,60100,SIN NOMBRE
60101,SIN NOMBRE,60101,SIN NOMBRE
60103,SIN NOMBRE,60103,SIN NOMBRE
60104,SIN NOMBRE,60104,SIN NOMBRE
60108,RIU TORDERA,60109,SIN NOMBRE
60108,RIU TORDERA,60145,SIN NOMBRE
60108,RIU TORDERA,60165,SIN NOMBRE
60108,RIU TORDERA,60171,SIN NOMBRE
60108,RIU TORDERA,60414,SIN NOMBRE
60108,RIU TORDERA,60519,SIN NOMBRE
60108,RIU TORDERA,60520,SIN NOMBRE
60108,RIU TORDERA,60523,SIN NOMBRE
60108,RIU TORDERA,60566,SIN NOMBRE
60108,RIU TORDERA,60567,SIN NOMBRE
60108,RIU TORDERA,60580,SIN NOMBRE
60108,RIU TORDERA,60581,SIN NOMBRE
60109,SIN NOMBRE,60109,SIN NOMBRE
60110,RIERA DE SANT DANIEL,60114,SIN NOMBRE
60110,RIERA DE SANT DANIEL,60115,SIN NOMBRE
60111,RIERA DE SALOMO,60112,SIN NOMBRE
60111,RIERA DE SALOMO,60113,SIN NOMBRE
60112,SIN NOMBRE,60112,SIN NOMBRE
60112,SIN NOMBRE,60113,SIN NOMBRE
60113,SIN NOMBRE,60112,SIN NOMBRE
60113,SIN NOMBRE,60113,SIN NOMBRE
60114,SIN NOMBRE,60114,SIN NOMBRE
60115,SIN NOMBRE,60115,SIN NOMBRE
60116,TORRENT DEL GALL,60117,SIN NOMBRE
60117,SIN NOMBRE,60117,SIN NOMBRE
60118,TORRENT DE MAS MORA,60119,SIN NOMBRE
60119,SIN NOMBRE,60119,SIN NOMBRE
60120,RIERA DE REIXAC,60130,SIN NOMBRE
60121,RIERA DE VALLMANYA,60122,SIN NOMBRE
60121,RIERA DE VALLMANYA,60123,SIN NOMBRE
60121,RIERA DE VALLMANYA,60124,SIN NOMBRE
60121,RIERA DE VALLMANYA,60125,SIN NOMBRE
60121,RIERA DE VALLMANYA,60126,SIN NOMBRE
60121,RIERA DE VALLMANYA,60127,SIN NOMBRE
60121,RIERA DE VALLMANYA,60128,SIN NOMBRE
60121,RIERA DE VALLMANYA,60129,SIN NOMBRE
60122,SIN NOMBRE,60122,SIN NOMBRE
60123,SIN NOMBRE,60123,SIN NOMBRE
60124,SIN NOMBRE,60124,SIN NOMBRE
60125,SIN NOMBRE,60125,SIN NOMBRE
60126,SIN NOMBRE,60126,SIN NOMBRE
60127,SIN NOMBRE,60127,SIN NOMBRE
60128,SIN NOMBRE,60128,SIN NOMBRE
60129,SIN NOMBRE,60129,SIN NOMBRE
60130,SIN NOMBRE,60130,SIN NOMBRE
60131,RIERA DE VALLDEMARIA,60132,SIN NOMBRE
60131,RIERA DE VALLDEMARIA,60133,SIN NOMBRE
60131,RIERA DE VALLDEMARIA,60135,SIN NOMBRE
60131,RIERA DE VALLDEMARIA,60136,SIN NOMBRE
60131,RIERA DE VALLDEMARIA,60137,SIN NOMBRE
60132,SIN NOMBRE,60132,SIN NOMBRE
60133,SIN NOMBRE,60133,SIN NOMBRE
60135,SIN NOMBRE,60135,SIN NOMBRE
60136,SIN NOMBRE,60136,SIN NOMBRE
60137,SIN NOMBRE,60137,SIN NOMBRE
60138,TORRENT DE VALL-LLOPARDA,60139,SIN NOMBRE
60138,TORRENT DE VALL-LLOPARDA,60140,SIN NOMBRE
60138,TORRENT DE VALL-LLOPARDA,60144,SIN NOMBRE
60139,SIN NOMBRE,60139,SIN NOMBRE
60140,SIN NOMBRE,60140,SIN NOMBRE
60141,TORRENT DE LES ROQUES LLISES,60142,SIN NOMBRE
60141,TORRENT DE LES ROQUES LLISES,60143,SIN NOMBRE
60142,SIN NOMBRE,60142,SIN NOMBRE
60142,SIN NOMBRE,60143,SIN NOMBRE
60143,SIN NOMBRE,60142,SIN NOMBRE
60143,SIN NOMBRE,60143,SIN NOMBRE
60144,SIN NOMBRE,60144,SIN NOMBRE
60145,SIN NOMBRE,60145,SIN NOMBRE
60146,TORRENT DE LA MINA D'OR,60159,SIN NOMBRE
60146,TORRENT DE LA MINA D'OR,60160,SIN NOMBRE
60146,TORRENT DE LA MINA D'OR,60161,SIN NOMBRE
60146,TORRENT DE LA MINA D'OR,60162,SIN NOMBRE
60146,TORRENT DE LA MINA D'OR,60164,SIN NOMBRE
60147,TORRENT SANT TOU,60150,SIN NOMBRE
60147,TORRENT SANT TOU,60154,SIN NOMBRE
60147,TORRENT SANT TOU,60155,SIN NOMBRE
60148,TORRENT DE GORG NEGRE,60149,SIN NOMBRE
60149,SIN NOMBRE,60149,SIN NOMBRE
60150,SIN NOMBRE,60150,SIN NOMBRE
60152,TORRENT DE MASCARO,60153,SIN NOMBRE
60153,SIN NOMBRE,60153,SIN NOMBRE
60154,SIN NOMBRE,60154,SIN NOMBRE
60155,SIN NOMBRE,60155,SIN NOMBRE
60156,TORRENT DE CAN MATES,60157,SIN NOMBRE
60156,TORRENT DE CAN MATES,60158,SIN NOMBRE
60157,SIN NOMBRE,60157,SIN NOMBRE
60158,SIN NOMBRE,60158,SIN NOMBRE
60159,SIN NOMBRE,60159,SIN NOMBRE
60160,SIN NOMBRE,60160,SIN NOMBRE
60161,SIN NOMBRE,60161,SIN NOMBRE
60162,SIN NOMBRE,60162,SIN NOMBRE
60164,SIN NOMBRE,60164,SIN NOMBRE
60165,SIN NOMBRE,60165,SIN NOMBRE
60166,BARRANC DE MAS GAVATX,60167,SIN NOMBRE
60166,BARRANC DE MAS GAVATX,60169,SIN NOMBRE
60166,BARRANC DE MAS GAVATX,60170,SIN NOMBRE
60167,SIN NOMBRE,60167,SIN NOMBRE
60169,SIN NOMBRE,60169,SIN NOMBRE
60170,SIN NOMBRE,60170,SIN NOMBRE
60171,SIN NOMBRE,60171,SIN NOMBRE
60172,BARRANC DE CA N'OLLER,60173,SIN NOMBRE
60172,BARRANC DE CA N'OLLER,60174,SIN NOMBRE
60172,BARRANC DE CA N'OLLER,60175,SIN NOMBRE
60172,BARRANC DE CA N'OLLER,60176,SIN NOMBRE
60172,BARRANC DE CA N'OLLER,60177,SIN NOMBRE
60172,BARRANC DE CA N'OLLER,60178,SIN NOMBRE
60173,SIN NOMBRE,60173,SIN NOMBRE
60174,SIN NOMBRE,60174,SIN NOMBRE
60175,SIN NOMBRE,60175,SIN NOMBRE
60176,SIN NOMBRE,60176,SIN NOMBRE
60177,SIN NOMBRE,60177,SIN NOMBRE
60178,SIN NOMBRE,60178,SIN NOMBRE
60179,RIERA DE TERRA NEGRA,60184,SIN NOMBRE
60180,REC DE CAN PLANES,60181,SIN NOMBRE
60180,REC DE CAN PLANES,60182,SIN NOMBRE
60180,REC DE CAN PLANES,60183,SIN NOMBRE
60181,SIN NOMBRE,60181,SIN NOMBRE
60182,SIN NOMBRE,60182,SIN NOMBRE
60182,SIN NOMBRE,60183,SIN NOMBRE
60183,SIN NOMBRE,60182,SIN NOMBRE
60183,SIN NOMBRE,60183,SIN NOMBRE
60184,SIN NOMBRE,60184,SIN NOMBRE
60185,RIERA DE SANTA COLOMA,60186,SIN NOMBRE
60185,RIERA DE SANTA COLOMA,60188,SIN NOMBRE
60185,RIERA DE SANTA COLOMA,60190,SIN NOMBRE
60185,RIERA DE SANTA COLOMA,60193,SIN NOMBRE
60185,RIERA DE SANTA COLOMA,60224,SIN NOMBRE
60185,RIERA DE SANTA COLOMA,60333,SIN NOMBRE
60185,RIERA DE SANTA COLOMA,60336,SIN NOMBRE
60185,RIERA DE SANTA COLOMA,60356,SIN NOMBRE
60185,RIERA DE SANTA COLOMA,60357,SIN NOMBRE
60185,RIERA DE SANTA COLOMA,60358,SIN NOMBRE
60185,RIERA DE SANTA COLOMA,60359,SIN NOMBRE
60185,RIERA DE SANTA COLOMA,60360,SIN NOMBRE
60185,RIERA DE SANTA COLOMA,60363,SIN NOMBRE
60185,RIERA DE SANTA COLOMA,60364,SIN NOMBRE
60185,RIERA DE SANTA COLOMA,60365,SIN NOMBRE
60185,RIERA DE SANTA COLOMA,60371,SIN NOMBRE
60185,RIERA DE SANTA COLOMA,60376,SIN NOMBRE
60186,SIN NOMBRE,60186,SIN NOMBRE
60188,SIN NOMBRE,60188,SIN NOMBRE
60188,SIN NOMBRE,60189,SIN NOMBRE
60189,SIN NOMBRE,60189,SIN NOMBRE
60190,SIN NOMBRE,60190,SIN NOMBRE
60193,SIN NOMBRE,60193,SIN NOMBRE
60194,RIERA DE MAÇANES,60193,SIN NOMBRE
60194,RIERA DE MAÇANES,60207,SIN NOMBRE
60194,RIERA DE MAÇANES,60208,SIN NOMBRE
60194,RIERA DE MAÇANES,60209,SIN NOMBRE
60195,TORRENT DE CAL NAN,60196,SIN NOMBRE
60195,TORRENT DE CAL NAN,60197,SIN NOMBRE
60196,SIN NOMBRE,60196,SIN NOMBRE
60196,SIN NOMBRE,60197,SIN NOMBRE
60197,SIN NOMBRE,60196,SIN NOMBRE
60197,SIN NOMBRE,60197,SIN NOMBRE
60198,RIERA DE LA CASANOVA,60199,SIN NOMBRE
60198,RIERA DE LA CASANOVA,60200,SIN NOMBRE
60199,SIN NOMBRE,60199,SIN NOMBRE
60199,SIN NOMBRE,60200,SIN NOMBRE
60200,SIN NOMBRE,60199,SIN NOMBRE
60200,SIN NOMBRE,60200,SIN NOMBRE
60200,SIN NOMBRE,60201,SIN NOMBRE
60201,SIN NOMBRE,60201,SIN NOMBRE
60202,RIERA DE L'ESPARRA,60203,SIN NOMBRE
60202,RIERA DE L'ESPARRA,60205,SIN NOMBRE
60203,SIN NOMBRE,60203,SIN NOMBRE
60203,SIN NOMBRE,60204,SIN NOMBRE
60204,SIN NOMBRE,60204,SIN NOMBRE
60205,SIN NOMBRE,60205,SIN NOMBRE
60207,SIN NOMBRE,60207,SIN NOMBRE
60208,SIN NOMBRE,60208,SIN NOMBRE
60209,SIN NOMBRE,60209,SIN NOMBRE
60209,SIN NOMBRE,60210,SIN NOMBRE
60210,SIN NOMBRE,60210,SIN NOMBRE
60210,SIN NOMBRE,60211,SIN NOMBRE
60211,SIN NOMBRE,60211,SIN NOMBRE
60211,SIN NOMBRE,60212,SIN NOMBRE
60212,SIN NOMBRE,60212,SIN NOMBRE
60213,TORRENT DE MOLLET,60209,SIN NOMBRE
60213,TORRENT DE MOLLET,60218,SIN NOMBRE
60213,TORRENT DE MOLLET,60219,SIN NOMBRE
60213,TORRENT DE MOLLET,60221,SIN NOMBRE
60218,SIN NOMBRE,60218,SIN NOMBRE
60219,SIN NOMBRE,60219,SIN NOMBRE
60219,SIN NOMBRE,60220,SIN NOMBRE
60219,SIN NOMBRE,60221,SIN NOMBRE
60220,SIN NOMBRE,60220,SIN NOMBRE
60221,SIN NOMBRE,60219,SIN NOMBRE
60221,SIN NOMBRE,60221,SIN NOMBRE
60222,SOT DE L'INFERN,60223,SIN NOMBRE
60223,SIN NOMBRE,60223,SIN NOMBRE
60224,SIN NOMBRE,60224,SIN NOMBRE
60225,RIERA DE SANTA MARIA,60226,SIN NOMBRE
60225,RIERA DE SANTA MARIA,60285,SIN NOMBRE
60225,RIERA DE SANTA MARIA,60293,SIN NOMBRE
60225,RIERA DE SANTA MARIA,60294,SIN NOMBRE
60225,RIERA DE SANTA MARIA,60295,SIN NOMBRE
60226,SIN NOMBRE,60226,SIN NOMBRE
60227,TORRENT DE TORDEROLA,60228,SIN NOMBRE
60227,TORRENT DE TORDEROLA,60229,SIN NOMBRE
60227,TORRENT DE TORDEROLA,60233,SIN NOMBRE
60228,SIN NOMBRE,60228,SIN NOMBRE
60229,SIN NOMBRE,60229,SIN NOMBRE
60229,SIN NOMBRE,60230,SIN NOMBRE
60230,SIN NOMBRE,60230,SIN NOMBRE
60233,SIN NOMBRE,60233,SIN NOMBRE
60234,RIERA DE PINS,60250,SIN NOMBRE
60235,RIERA DE CABANYES,60236,SIN NOMBRE
60235,RIERA DE CABANYES,60237,SIN NOMBRE
60235,RIERA DE CABANYES,60238,SIN NOMBRE
60235,RIERA DE CABANYES,60239,SIN NOMBRE
60236,SIN NOMBRE,60236,SIN NOMBRE
60237,SIN NOMBRE,60237,SIN NOMBRE
60238,SIN NOMBRE,60238,SIN NOMBRE
60239,SIN NOMBRE,60239,SIN NOMBRE
60240,TORRENT DEL PANTA DE MAS CABANYES,60241,SIN NOMBRE
60241,SIN NOMBRE,60241,SIN NOMBRE
60241,SIN NOMBRE,60242,SIN NOMBRE
60242,SIN NOMBRE,60242,SIN NOMBRE
60243,REC DEL PRAT DE VEDELLA,60244,SIN NOMBRE
60244,SIN NOMBRE,60244,SIN NOMBRE
60245,REC DEL SENYOR NARCIS,60246,SIN NOMBRE
60245,REC DEL SENYOR NARCIS,60247,SIN NOMBRE
60246,SIN NOMBRE,60246,SIN NOMBRE
60246,SIN NOMBRE,60247,SIN NOMBRE
60247,SIN NOMBRE,60246,SIN NOMBRE
60247,SIN NOMBRE,60247,SIN NOMBRE
60248,RIERA DE RERAPINS,60249,SIN NOMBRE
60249,SIN NOMBRE,60249,SIN NOMBRE
60250,SIN NOMBRE,60250,SIN NOMBRE
60251,RIERA RECLAR,60263,SIN NOMBRE
60253,BARRANC CORNELLA,60254,SIN NOMBRE
60254,SIN NOMBRE,60254,SIN NOMBRE
60255,BARRANC DE LA TORRE,60258,SIN NOMBRE
60255,BARRANC DE LA TORRE,60259,SIN NOMBRE
60255,BARRANC DE LA TORRE,60261,SIN NOMBRE
60256,CASTELL LLOBET,60257,SIN NOMBRE
60257,SIN NOMBRE,60257,SIN NOMBRE
60258,SIN NOMBRE,60258,SIN NOMBRE
60259,SIN NOMBRE,60259,SIN NOMBRE
60261,SIN NOMBRE,60261,SIN NOMBRE
60263,SIN NOMBRE,60263,SIN NOMBRE
60264,RIERA DE CAN NOGUERA,60266,SIN NOMBRE
60264,RIERA DE CAN NOGUERA,60267,SIN NOMBRE
60264,RIERA DE CAN NOGUERA,60268,SIN NOMBRE
60264,RIERA DE CAN NOGUERA,60269,SIN NOMBRE
60266,SIN NOMBRE,60266,SIN NOMBRE
60267,SIN NOMBRE,60267,SIN NOMBRE
60268,SIN NOMBRE,60268,SIN NOMBRE
60269,SIN NOMBRE,60269,SIN NOMBRE
60271,RIERA DE VALLCANERA,60279,SIN NOMBRE
60271,RIERA DE VALLCANERA,60283,SIN NOMBRE
60271,RIERA DE VALLCANERA,60284,SIN NOMBRE
60272,RIERA DE LA BELLADONA,60276,SIN NOMBRE
60273,REC DE LA FONT DEL FRARE,60274,SIN NOMBRE
60274,SIN NOMBRE,60274,SIN NOMBRE
60274,SIN NOMBRE,60275,SIN NOMBRE
60275,SIN NOMBRE,60275,SIN NOMBRE
60276,SIN NOMBRE,60276,SIN NOMBRE
60277,REC DEL JONQUET,60278,SIN NOMBRE
60278,SIN NOMBRE,60278,SIN NOMBRE
60279,SIN NOMBRE,60279,SIN NOMBRE
60281,REC DEL FORN DEL VIDRE,60282,SIN NOMBRE
60282,SIN NOMBRE,60282,SIN NOMBRE
60283,SIN NOMBRE,60283,SIN NOMBRE
60284,SIN NOMBRE,60284,SIN NOMBRE
60285,SIN NOMBRE,60285,SIN NOMBRE
60288,RIERA DE MALAVELLA,60289,SIN NOMBRE
60288,RIERA DE MALAVELLA,60290,SIN NOMBRE
60289,SIN NOMBRE,60289,SIN NOMBRE
60290,SIN NOMBRE,60290,SIN NOMBRE
60291,TORRENT DE CAN PLA,60292,SIN NOMBRE
60292,SIN NOMBRE,60292,SIN NOMBRE
60293,SIN NOMBRE,60293,SIN NOMBRE
60294,SIN NOMBRE,60294,SIN NOMBRE
60295,SIN NOMBRE,60295,SIN NOMBRE
60296,TORRENT DE L'ESPARRA,60302,SIN NOMBRE
60296,TORRENT DE L'ESPARRA,60303,SIN NOMBRE
60296,TORRENT DE L'ESPARRA,60304,SIN NOMBRE
60297,BARRANC DE CAN COLOMER,60298,SIN NOMBRE
60298,SIN NOMBRE,60298,SIN NOMBRE
60298,SIN NOMBRE,60299,SIN NOMBRE
60299,SIN NOMBRE,60299,SIN NOMBRE
60300,BARRANC DE CAN COLOMER,60301,SIN NOMBRE
60301,SIN NOMBRE,60301,SIN NOMBRE
60302,SIN NOMBRE,60302,SIN NOMBRE
60303,SIN NOMBRE,60303,SIN NOMBRE
60304,SIN NOMBRE,60304,SIN NOMBRE
60305,SOT DE LA PEDROSA,60306,SIN NOMBRE
60306,SIN NOMBRE,60306,SIN NOMBRE
60312,TORRENT DE VILARRASA,60313,SIN NOMBRE
60312,TORRENT DE VILARRASA,60315,SIN NOMBRE
60312,TORRENT DE VILARRASA,60317,SIN NOMBRE
60312,TORRENT DE VILARRASA,60318,SIN NOMBRE
60312,TORRENT DE VILARRASA,60320,SIN NOMBRE
60312,TORRENT DE VILARRASA,60321,SIN NOMBRE
60312,TORRENT DE VILARRASA,60322,SIN NOMBRE
60312,TORRENT DE VILARRASA,60323,SIN NOMBRE
60313,SIN NOMBRE,60313,SIN NOMBRE
60315,SIN NOMBRE,60315,SIN NOMBRE
60317,SIN NOMBRE,60317,SIN NOMBRE
60318,SIN NOMBRE,60318,SIN NOMBRE
60320,SIN NOMBRE,60320,SIN NOMBRE
60321,SIN NOMBRE,60321,SIN NOMBRE
60322,SIN NOMBRE,60322,SIN NOMBRE
60323,SIN NOMBRE,60323,SIN NOMBRE
60323,SIN NOMBRE,60324,SIN NOMBRE
60324,SIN NOMBRE,60324,SIN NOMBRE
60325,RIU D'ESPLET,60326,SIN NOMBRE
60325,RIU D'ESPLET,60327,SIN NOMBRE
60325,RIU D'ESPLET,60330,SIN NOMBRE
60325,RIU D'ESPLET,60331,SIN NOMBRE
60325,RIU D'ESPLET,60332,SIN NOMBRE
60326,SIN NOMBRE,60326,SIN NOMBRE
60327,SIN NOMBRE,60327,SIN NOMBRE
60328,TORRENT DE FABREGUES,60329,SIN NOMBRE
60329,SIN NOMBRE,60329,SIN NOMBRE
60330,SIN NOMBRE,60330,SIN NOMBRE
60331,SIN NOMBRE,60331,SIN NOMBRE
60332,SIN NOMBRE,60332,SIN NOMBRE
60333,SIN NOMBRE,60333,SIN NOMBRE
60334,BARRANC DE LES GATOSES,60335,SIN NOMBRE
60335,SIN NOMBRE,60335,SIN NOMBRE
60336,SIN NOMBRE,60336,SIN NOMBRE
60337,RIERA DE CANADELL,60338,SIN NOMBRE
60337,RIERA DE CANADELL,60354,SIN NOMBRE
60337,RIERA DE CANADELL,60355,SIN NOMBRE
60338,SIN NOMBRE,60338,SIN NOMBRE
60339,RIERA DE CASTANYET,60340,SIN NOMBRE
60339,RIERA DE CASTANYET,60341,SIN NOMBRE
60339,RIERA DE CASTANYET,60342,SIN NOMBRE
60339,RIERA DE CASTANYET,60343,SIN NOMBRE
60339,RIERA DE CASTANYET,60344,SIN NOMBRE
60339,RIERA DE CASTANYET,60348,SIN NOMBRE
60339,RIERA DE CASTANYET,60349,SIN NOMBRE
60339,RIERA DE CASTANYET,60350,SIN NOMBRE
60340,SIN NOMBRE,60340,SIN NOMBRE
60341,SIN NOMBRE,60341,SIN NOMBRE
60342,SIN NOMBRE,60342,SIN NOMBRE
60343,SIN NOMBRE,60343,SIN NOMBRE
60344,SIN NOMBRE,60344,SIN NOMBRE
60344,SIN NOMBRE,60345,SIN NOMBRE
60344,SIN NOMBRE,60346,SIN NOMBRE
60344,SIN NOMBRE,60347,SIN NOMBRE
60345,SIN NOMBRE,60345,SIN NOMBRE
60346,SIN NOMBRE,60346,SIN NOMBRE
60347,SIN NOMBRE,60347,SIN NOMBRE
60348,SIN NOMBRE,60348,SIN NOMBRE
60349,SIN NOMBRE,60349,SIN NOMBRE
60350,SIN NOMBRE,60350,SIN NOMBRE
60351,SOT DEL PRIMAL,60352,SIN NOMBRE
60351,SOT DEL PRIMAL,60353,SIN NOMBRE
60352,SIN NOMBRE,60352,SIN NOMBRE
60352,SIN NOMBRE,60353,SIN NOMBRE
60353,SIN NOMBRE,60352,SIN NOMBRE
60353,SIN NOMBRE,60353,SIN NOMBRE
60354,SIN NOMBRE,60354,SIN NOMBRE
60354,SIN NOMBRE,60355,SIN NOMBRE
60355,SIN NOMBRE,60354,SIN NOMBRE
60355,SIN NOMBRE,60355,SIN NOMBRE
60356,SIN NOMBRE,60356,SIN NOMBRE
60357,SIN NOMBRE,60357,SIN NOMBRE
60358,SIN NOMBRE,60358,SIN NOMBRE
60359,SIN NOMBRE,60359,SIN NOMBRE
60360,SIN NOMBRE,60360,SIN NOMBRE
60361,SOT DE PENYACANS,60362,SIN NOMBRE
60362,SIN NOMBRE,60362,SIN NOMBRE
60363,SIN NOMBRE,60363,SIN NOMBRE
60364,SIN NOMBRE,60364,SIN NOMBRE
60365,SIN NOMBRE,60365,SIN NOMBRE
60366,SOT DE CAN GAVALDA,60367,SIN NOMBRE
60366,SOT DE CAN GAVALDA,60369,SIN NOMBRE
60367,SIN NOMBRE,60367,SIN NOMBRE
60367,SIN NOMBRE,60368,SIN NOMBRE
60367,SIN NOMBRE,60369,SIN NOMBRE
60368,SIN NOMBRE,60368,SIN NOMBRE
60369,SIN NOMBRE,60367,SIN NOMBRE
60369,SIN NOMBRE,60369,SIN NOMBRE
60371,SIN NOMBRE,60371,SIN NOMBRE
60372,SOT DE LA CENDROSA,60373,SIN NOMBRE
60372,SOT DE LA CENDROSA,60375,SIN NOMBRE
60373,SIN NOMBRE,60373,SIN NOMBRE
60373,SIN NOMBRE,60374,SIN NOMBRE
60373,SIN NOMBRE,60375,SIN NOMBRE
60374,SIN NOMBRE,60374,SIN NOMBRE
60375,SIN NOMBRE,60373,SIN NOMBRE
60375,SIN NOMBRE,60375,SIN NOMBRE
60376,SIN NOMBRE,60376,SIN NOMBRE
60377,RIERA DE JOANET,60384,SIN NOMBRE
60377,RIERA DE JOANET,60386,SIN NOMBRE
60377,RIERA DE JOANET,60388,SIN NOMBRE
60377,RIERA DE JOANET,60389,SIN NOMBRE
60378,SOT DE MAS MOLL,60379,SIN NOMBRE
60379,SIN NOMBRE,60379,SIN NOMBRE
60384,SIN NOMBRE,60384,SIN NOMBRE
60384,SIN NOMBRE,60385,SIN NOMBRE
60385,SIN NOMBRE,60385,SIN NOMBRE
60386,SIN NOMBRE,60386,SIN NOMBRE
60386,SIN NOMBRE,60387,SIN NOMBRE
60387,SIN NOMBRE,60387,SIN NOMBRE
60388,SIN NOMBRE,60388,SIN NOMBRE
60389,SIN NOMBRE,60389,SIN NOMBRE
60390,RIERA DE VALLORS,60391,SIN NOMBRE
60391,SIN NOMBRE,60391,SIN NOMBRE
60393,TORRENT DE VALLCROSA,60397,SIN NOMBRE
60393,TORRENT DE VALLCROSA,60404,SIN NOMBRE
60393,TORRENT DE VALLCROSA,60405,SIN NOMBRE
60393,TORRENT DE VALLCROSA,60406,SIN NOMBRE
60394,TORRENT DE SANTA MARGARIDA,60395,SIN NOMBRE
60394,TORRENT DE SANTA MARGARIDA,60396,SIN NOMBRE
60395,SIN NOMBRE,60395,SIN NOMBRE
60396,SIN NOMBRE,60396,SIN NOMBRE
60397,SIN NOMBRE,60397,SIN NOMBRE
60398,BASSA DELA VINYETS,60399,SIN NOMBRE
60399,SIN NOMBRE,60399,SIN NOMBRE
60401,TORRENT DELS ABEURADORS,60402,SIN NOMBRE
60401,TORRENT DELS ABEURADORS,60403,SIN NOMBRE
60402,SIN NOMBRE,60402,SIN NOMBRE
60403,SIN NOMBRE,60403,SIN NOMBRE
60404,SIN NOMBRE,60404,SIN NOMBRE
60405,SIN NOMBRE,60405,SIN NOMBRE
60406,SIN NOMBRE,60406,SIN NOMBRE
60407,TORRENT DE LA TEULERIA O DEL FERRO,60408,SIN NOMBRE
60407,TORRENT DE LA TEULERIA O DEL FERRO,60409,SIN NOMBRE
60408,SIN NOMBRE,60408,SIN NOMBRE
60409,SIN NOMBRE,60409,SIN NOMBRE
60412,TORRENT DE SANT JACINT,60413,SIN NOMBRE
60413,SIN NOMBRE,60413,SIN NOMBRE
60414,SIN NOMBRE,60414,SIN NOMBRE
60415,TORRENT DE CAN SEGRE,60416,SIN NOMBRE
60415,TORRENT DE CAN SEGRE,60417,SIN NOMBRE
60415,TORRENT DE CAN SEGRE,60418,SIN NOMBRE
60416,SIN NOMBRE,60416,SIN NOMBRE
60417,SIN NOMBRE,60417,SIN NOMBRE
60417,SIN NOMBRE,60418,SIN NOMBRE
60418,SIN NOMBRE,60417,SIN NOMBRE
60418,SIN NOMBRE,60418,SIN NOMBRE
60421,RIERA DE ARBUCIES,60422,SIN NOMBRE
60421,RIERA DE ARBUCIES,60423,SIN NOMBRE
60421,RIERA DE ARBUCIES,60426,SIN NOMBRE
60421,RIERA DE ARBUCIES,60427,SIN NOMBRE
60421,RIERA DE ARBUCIES,60430,SIN NOMBRE
60421,RIERA DE ARBUCIES,60431,SIN NOMBRE
60421,RIERA DE ARBUCIES,60432,SIN NOMBRE
60421,RIERA DE ARBUCIES,60471,SIN NOMBRE
60421,RIERA DE ARBUCIES,60480,SIN NOMBRE
60421,RIERA DE ARBUCIES,60495,SIN NOMBRE
60422,SIN NOMBRE,60422,SIN NOMBRE
60423,SIN NOMBRE,60423,SIN NOMBRE
60424,RIERA DE BUIXALLEU,60425,SIN NOMBRE
60425,SIN NOMBRE,60425,SIN NOMBRE
60426,SIN NOMBRE,60426,SIN NOMBRE
60427,SIN NOMBRE,60427,SIN NOMBRE
60430,SIN NOMBRE,60430,SIN NOMBRE
60431,SIN NOMBRE,60431,SIN NOMBRE
60432,SIN NOMBRE,60432,SIN NOMBRE
60434,RIERA DE RUIDECOS O DE LA PINEDA,60435,SIN NOMBRE
60434,RIERA DE RUIDECOS O DE LA PINEDA,60440,SIN NOMBRE
60434,RIERA DE RUIDECOS O DE LA PINEDA,60442,SIN NOMBRE
60434,RIERA DE RUIDECOS O DE LA PINEDA,60443,SIN NOMBRE
60435,SIN NOMBRE,60435,SIN NOMBRE
60437,SOT DE RAMILANS,60438,SIN NOMBRE
60437,SOT DE RAMILANS,60439,SIN NOMBRE
60438,SIN NOMBRE,60438,SIN NOMBRE
60439,SIN NOMBRE,60439,SIN NOMBRE
60440,SIN NOMBRE,60440,SIN NOMBRE
60442,SIN NOMBRE,60442,SIN NOMBRE
60443,SIN NOMBRE,60443,SIN NOMBRE
60444,SOT DE LA GALTERA,60445,SIN NOMBRE
60444,SOT DE LA GALTERA,60446,SIN NOMBRE
60445,SIN NOMBRE,60445,SIN NOMBRE
60446,SIN NOMBRE,60446,SIN NOMBRE
60447,RIERA DE PONT GRAN,60448,SIN NOMBRE
60447,RIERA DE PONT GRAN,60449,SIN NOMBRE
60447,RIERA DE PONT GRAN,60450,SIN NOMBRE
60448,SIN NOMBRE,60448,SIN NOMBRE
60449,SIN NOMBRE,60449,SIN NOMBRE
60450,SIN NOMBRE,60450,SIN NOMBRE
60451,SOT DE LA GENETA,60452,SIN NOMBRE
60451,SOT DE LA GENETA,60453,SIN NOMBRE
60452,SIN NOMBRE,60452,SIN NOMBRE
60452,SIN NOMBRE,60453,SIN NOMBRE
60453,SIN NOMBRE,60452,SIN NOMBRE
60453,SIN NOMBRE,60453,SIN NOMBRE
60459,SOT DE L'ESCALA,60460,SIN NOMBRE
60460,SIN NOMBRE,60460,SIN NOMBRE
60462,RIERA XICA,60463,SIN NOMBRE
60462,RIERA XICA,60464,SIN NOMBRE
60462,RIERA XICA,60465,SIN NOMBRE
60462,RIERA XICA,60469,SIN NOMBRE
60463,SIN NOMBRE,60463,SIN NOMBRE
60464,SIN NOMBRE,60464,SIN NOMBRE
60465,SIN NOMBRE,60465,SIN NOMBRE
60465,SIN NOMBRE,60466,SIN NOMBRE
60465,SIN NOMBRE,60467,SIN NOMBRE
60465,SIN NOMBRE,60468,SIN NOMBRE
60466,SIN NOMBRE,60466,SIN NOMBRE
60467,SIN NOMBRE,60467,SIN NOMBRE
60468,SIN NOMBRE,60468,SIN NOMBRE
60469,SIN NOMBRE,60469,SIN NOMBRE
60471,SIN NOMBRE,60471,SIN NOMBRE
60480,SIN NOMBRE,60480,SIN NOMBRE
60485,SOT DE CAN DORCA,60487,SIN NOMBRE
60485,SOT DE CAN DORCA,60488,SIN NOMBRE
60485,SOT DE CAN DORCA,60489,SIN NOMBRE
60487,SIN NOMBRE,60487,SIN NOMBRE
60488,SIN NOMBRE,60488,SIN NOMBRE
60489,SIN NOMBRE,60489,SIN NOMBRE
60491,SOT DE FERRERS,60492,SIN NOMBRE
60492,SIN NOMBRE,60492,SIN NOMBRE
60495,SIN NOMBRE,60495,SIN NOMBRE
60500,SOT DEL CROUS,60501,SIN NOMBRE
60501,SIN NOMBRE,60501,SIN NOMBRE
60506,RIERA DE RAMIO,60507,SIN NOMBRE
60506,RIERA DE RAMIO,60510,SIN NOMBRE
60506,RIERA DE RAMIO,60512,SIN NOMBRE
60506,RIERA DE RAMIO,60513,SIN NOMBRE
60506,RIERA DE RAMIO,60514,SIN NOMBRE
60506,RIERA DE RAMIO,60515,SIN NOMBRE
60507,SIN NOMBRE,60507,SIN NOMBRE
60508,TORRENT DE CAN MASSO,60509,SIN NOMBRE
60509,SIN NOMBRE,60509,SIN NOMBRE
60510,SIN NOMBRE,60510,SIN NOMBRE
60512,SIN NOMBRE,60512,SIN NOMBRE
60513,SIN NOMBRE,60513,SIN NOMBRE
60514,SIN NOMBRE,60514,SIN NOMBRE
60515,SIN NOMBRE,60515,SIN NOMBRE
60516,REC DE GASERANS,60517,SIN NOMBRE
60516,REC DE GASERANS,60518,SIN NOMBRE
60517,SIN NOMBRE,60517,SIN NOMBRE
60518,SIN NOMBRE,60518,SIN NOMBRE
60519,SIN NOMBRE,60519,SIN NOMBRE
60520,SIN NOMBRE,60520,SIN NOMBRE
60523,SIN NOMBRE,60523,SIN NOMBRE
60524,RIERA DE RIPIAIX,60525,SIN NOMBRE
60524,RIERA DE RIPIAIX,60546,SIN NOMBRE
60525,SIN NOMBRE,60525,SIN NOMBRE
60528,RIERA DE BREDA,60529,SIN NOMBRE
60528,RIERA DE BREDA,60530,SIN NOMBRE
60528,RIERA DE BREDA,60544,SIN NOMBRE
60529,SIN NOMBRE,60529,SIN NOMBRE
60530,SIN NOMBRE,60530,SIN NOMBRE
60532,SOT DE LES OLIVARETES,60533,SIN NOMBRE
60533,SIN NOMBRE,60533,SIN NOMBRE
60544,SIN NOMBRE,60544,SIN NOMBRE
60546,SIN NOMBRE,60546,SIN NOMBRE
60547,SOT DE CAMAFOSCA,60546,SIN NOMBRE
60547,SOT DE CAMAFOSCA,60548,SIN NOMBRE
60548,SIN NOMBRE,60548,SIN NOMBRE
60549,RIERA DE FUIROSOS,60550,SIN NOMBRE
60549,RIERA DE FUIROSOS,60551,SIN NOMBRE
60549,RIERA DE FUIROSOS,60552,SIN NOMBRE
60549,RIERA DE FUIROSOS,60553,SIN NOMBRE
60549,RIERA DE FUIROSOS,60554,SIN NOMBRE
60549,RIERA DE FUIROSOS,60562,SIN NOMBRE
60549,RIERA DE FUIROSOS,60563,SIN NOMBRE
60549,RIERA DE FUIROSOS,60564,SIN NOMBRE
60549,RIERA DE FUIROSOS,60565,SIN NOMBRE
60550,SIN NOMBRE,60550,SIN NOMBRE
60551,SIN NOMBRE,60551,SIN NOMBRE
60552,SIN NOMBRE,60552,SIN NOMBRE
60553,SIN NOMBRE,60553,SIN NOMBRE
60554,SIN NOMBRE,60554,SIN NOMBRE
60554,SIN NOMBRE,60555,SIN NOMBRE
60555,SIN NOMBRE,60555,SIN NOMBRE
60557,SOT DE FRESSER,60558,SIN NOMBRE
60557,SOT DE FRESSER,60559,SIN NOMBRE
60558,SIN NOMBRE,60558,SIN NOMBRE
60558,SIN NOMBRE,60559,SIN NOMBRE
60559,SIN NOMBRE,60558,SIN NOMBRE
60559,SIN NOMBRE,60559,SIN NOMBRE
60562,SIN NOMBRE,60562,SIN NOMBRE
60563,SIN NOMBRE,60563,SIN NOMBRE
60564,SIN NOMBRE,60564,SIN NOMBRE
60565,SIN NOMBRE,60565,SIN NOMBRE
60566,SIN NOMBRE,60566,SIN NOMBRE
60567,SIN NOMBRE,60567,SIN NOMBRE
60567,SIN NOMBRE,60568,SIN NOMBRE
60568,SIN NOMBRE,60568,SIN NOMBRE
60569,TORRENT DEL BOSC,60570,SIN NOMBRE
60569,TORRENT DEL BOSC,60571,SIN NOMBRE
60570,SIN NOMBRE,60570,SIN NOMBRE
60571,SIN NOMBRE,60571,SIN NOMBRE
60574,RIERA DE BERENGUER,60575,SIN NOMBRE
60575,SIN NOMBRE,60575,SIN NOMBRE
60580,SIN NOMBRE,60580,SIN NOMBRE
60581,SIN NOMBRE,60581,SIN NOMBRE
60583,RIERA DE GUALBA,60592,SIN NOMBRE
60583,RIERA DE GUALBA,60593,SIN NOMBRE
60583,RIERA DE GUALBA,60594,SIN NOMBRE
60583,RIERA DE GUALBA,60595,SIN NOMBRE
60585,TORRENT DE CAN CAMBO,60586,SIN NOMBRE
60586,SIN NOMBRE,60586,SIN NOMBRE
60589,TORRENT DE CAN SIVINA,60590,SIN NOMBRE
60590,SIN NOMBRE,60590,SIN NOMBRE
60592,SIN NOMBRE,60592,SIN NOMBRE
60593,SIN NOMBRE,60593,SIN NOMBRE
60594,SIN NOMBRE,60594,SIN NOMBRE
60595,SIN NOMBRE,60595,SIN NOMBRE
60596,RIERA DE SANTA FE,60595,SIN NOMBRE
60604,RIERA DE MONTNEGRE,60605,SIN NOMBRE
60604,RIERA DE MONTNEGRE,60606,SIN NOMBRE
60604,RIERA DE MONTNEGRE,60610,SIN NOMBRE
60605,SIN NOMBRE,60605,SIN NOMBRE
60606,SIN NOMBRE,60606,SIN NOMBRE
60607,SOT DE CAN CASES,60608,SIN NOMBRE
60607,SOT DE CAN CASES,60609,SIN NOMBRE
60608,SIN NOMBRE,60608,SIN NOMBRE
60608,SIN NOMBRE,60609,SIN NOMBRE
60609,SIN NOMBRE,60608,SIN NOMBRE
60609,SIN NOMBRE,60609,SIN NOMBRE
60610,SIN NOMBRE,60610,SIN NOMBRE
60611,TORRENT DE CAN XIC,60612,SIN NOMBRE
60612,SIN NOMBRE,60612,SIN NOMBRE
60615,TORRENT DE TELLADA,60616,SIN NOMBRE
60616,SIN NOMBRE,60616,SIN NOMBRE
60618,RIERA DE PERTEGAS,60619,SIN NOMBRE
60619,SIN NOMBRE,60619,SIN NOMBRE
60622,RIERA DE CAMPINS,60623,SIN NOMBRE
60623,SIN NOMBRE,60623,SIN NOMBRE
60624,SOT DE SANT GUILLEN,60623,SIN NOMBRE
60639,TORRENT DE BOCS,60640,SIN NOMBRE
60640,SIN NOMBRE,60640,SIN NOMBRE
60641,RIERA D'OLZINELLES,60642,SIN NOMBRE
60641,RIERA D'OLZINELLES,60645,SIN NOMBRE
60641,RIERA D'OLZINELLES,60646,SIN NOMBRE
60641,RIERA D'OLZINELLES,60647,SIN NOMBRE
60642,SIN NOMBRE,60642,SIN NOMBRE
60643,SOT DE L'ARANYANT,60644,SIN NOMBRE
60644,SIN NOMBRE,60644,SIN NOMBRE
60645,SIN NOMBRE,60645,SIN NOMBRE
60646,SIN NOMBRE,60646,SIN NOMBRE
60647,SIN NOMBRE,60647,SIN NOMBRE
60648,RIERA DE VALLGORGUINA,60661,SIN NOMBRE
60648,RIERA DE VALLGORGUINA,60662,SIN NOMBRE
60648,RIERA DE VALLGORGUINA,60675,SIN NOMBRE
60649,RIERA DE TRENTAPASSES,60660,SIN NOMBRE
60650,RIERA DE TAPIOLES,60651,SIN NOMBRE
60650,RIERA DE TAPIOLES,60652,SIN NOMBRE
60651,SIN NOMBRE,60651,SIN NOMBRE
60651,SIN NOMBRE,60652,SIN NOMBRE
60652,SIN NOMBRE,60651,SIN NOMBRE
60652,SIN NOMBRE,60652,SIN NOMBRE
60653,TORRENT DE CAN BOSC,60655,SIN NOMBRE
60655,SIN NOMBRE,60655,SIN NOMBRE
60660,SIN NOMBRE,60660,SIN NOMBRE
60661,SIN NOMBRE,60661,SIN NOMBRE
60662,SIN NOMBRE,60662,SIN NOMBRE
60663,RIERA DE CAN GRAS,60673,SIN NOMBRE
60663,RIERA DE CAN GRAS,60674,SIN NOMBRE
60663,RIERA DE CAN GRAS,60675,SIN NOMBRE
60667,TORRENT DE LA FONT DE LA SITJA,60668,SIN NOMBRE
60668,SIN NOMBRE,60668,SIN NOMBRE
60670,RIERA DE COLLSACREU,60671,SIN NOMBRE
60670,RIERA DE COLLSACREU,60672,SIN NOMBRE
60671,SIN NOMBRE,60671,SIN NOMBRE
60672,SIN NOMBRE,60672,SIN NOMBRE
60673,SIN NOMBRE,60673,SIN NOMBRE
60674,SIN NOMBRE,60674,SIN NOMBRE
60675,SIN NOMBRE,60675,SIN NOMBRE
60675,SIN NOMBRE,60676,SIN NOMBRE
60676,SIN NOMBRE,60676,SIN NOMBRE
60677,SOT DE CAN QUADRES,60678,SIN NOMBRE
60678,SIN NOMBRE,60678,SIN NOMBRE
60680,SOT DEL BARQUERO,60681,SIN NOMBRE
60681,SIN NOMBRE,60681,SIN NOMBRE
60707,RIERA DE BASCONA,60710,SIN NOMBRE
60710,SIN NOMBRE,60710,SIN NOMBRE
60711,RIU MAJOR,60710,SIN NOMBRE
60713,RIERA DE LA CASTANYA,60725,SIN NOMBRE
60716,SOT DE ROCACORBA,60717,SIN NOMBRE
60716,SOT DE ROCACORBA,60718,SIN NOMBRE
60717,SIN NOMBRE,60717,SIN NOMBRE
60718,SIN NOMBRE,60718,SIN NOMBRE
60722,SOT DEL BASSAU,60725,SIN NOMBRE
60725,SIN NOMBRE,60725,SIN NOMBRE
60738,SOT DEL PEDREGUER RODO,60739,SIN NOMBRE
60739,SIN NOMBRE,60739,SIN NOMBRE
60740,TORRENT DE CAN RABASSA,60741,SIN NOMBRE
60740,TORRENT DE CAN RABASSA,60742,SIN NOMBRE
60741,SIN NOMBRE,60741,SIN NOMBRE
60742,SIN NOMBRE,60742,SIN NOMBRE
60743,TORRENT DE VERNES,60744,SIN NOMBRE
60744,SIN NOMBRE,60744,SIN NOMBRE
60747,RIERA DE PASSAPERA,60750,SIN NOMBRE
60748,TORRENT DELS TRES TURONS,60749,SIN NOMBRE
60749,SIN NOMBRE,60749,SIN NOMBRE
60750,SIN NOMBRE,60750,SIN NOMBRE
60751,RIERA DE LLORET,60752,SIN NOMBRE
60751,RIERA DE LLORET,60753,SIN NOMBRE
60751,RIERA DE LLORET,60754,SIN NOMBRE
60751,RIERA DE LLORET,60760,SIN NOMBRE
60751,RIERA DE LLORET,60761,SIN NOMBRE
60752,SIN NOMBRE,60752,SIN NOMBRE
60753,SIN NOMBRE,60753,SIN NOMBRE
60754,SIN NOMBRE,60754,SIN NOMBRE
60755,RIERA CAN SOTA,60757,SIN NOMBRE
60755,RIERA CAN SOTA,60759,SIN NOMBRE
60757,SIN NOMBRE,60757,SIN NOMBRE
60759,SIN NOMBRE,60759,SIN NOMBRE
60760,SIN NOMBRE,60760,SIN NOMBRE
60761,SIN NOMBRE,60761,SIN NOMBRE
60762,TORRENT DE MONTBARBAT,60763,SIN NOMBRE
60763,SIN NOMBRE,60763,SIN NOMBRE
60764,RIERA DE CAN LLORANES,60765,SIN NOMBRE
60765,SIN NOMBRE,60765,SIN NOMBRE
60766,TORRENT DE CANYELLES,60767,SIN NOMBRE
60766,TORRENT DE CANYELLES,60769,SIN NOMBRE
60767,SIN NOMBRE,60767,SIN NOMBRE
60767,SIN NOMBRE,60768,SIN NOMBRE
60767,SIN NOMBRE,60769,SIN NOMBRE
60768,SIN NOMBRE,60768,SIN NOMBRE
60769,SIN NOMBRE,60767,SIN NOMBRE
60769,SIN NOMBRE,60769,SIN NOMBRE
60771,SIN NOMBRE,60771,SIN NOMBRE
60772,SIN NOMBRE,60772,SIN NOMBRE
60773,RIERA DE TOSSA,60774,SIN NOMBRE
60773,RIERA DE TOSSA,60775,SIN NOMBRE
60773,RIERA DE TOSSA,60776,SIN NOMBRE
60773,RIERA DE TOSSA,60780,SIN NOMBRE
60773,RIERA DE TOSSA,60782,SIN NOMBRE
60773,RIERA DE TOSSA,60798,SIN NOMBRE
60774,SIN NOMBRE,60774,SIN NOMBRE
60775,SIN NOMBRE,60775,SIN NOMBRE
60776,SIN NOMBRE,60776,SIN NOMBRE
60777,TORRENT DE MONTLLORT,60778,SIN NOMBRE
60778,SIN NOMBRE,60778,SIN NOMBRE
60780,SIN NOMBRE,60780,SIN NOMBRE
60782,SIN NOMBRE,60782,SIN NOMBRE
60783,TORRENT DE VALLSAIES,60784,SIN NOMBRE
60783,TORRENT DE VALLSAIES,60785,SIN NOMBRE
60783,TORRENT DE VALLSAIES,60790,SIN NOMBRE
60784,SIN NOMBRE,60784,SIN NOMBRE
60785,SIN NOMBRE,60785,SIN NOMBRE
60786,CANAL DE CAN SAMADA,60787,SIN NOMBRE
60786,CANAL DE CAN SAMADA,60788,SIN NOMBRE
60787,SIN NOMBRE,60787,SIN NOMBRE
60787,SIN NOMBRE,60788,SIN NOMBRE
60788,SIN NOMBRE,60787,SIN NOMBRE
60788,SIN NOMBRE,60788,SIN NOMBRE
60790,SIN NOMBRE,60790,SIN NOMBRE
60794,TORRENT DE LES POMERES,60795,SIN NOMBRE
60795,SIN NOMBRE,60795,SIN NOMBRE
60796,TORRENT D'AIGUAFINA,60797,SIN NOMBRE
60797,SIN NOMBRE,60797,SIN NOMBRE
60798,SIN NOMBRE,60798,SIN NOMBRE
60801,CLOT DEL PONT RODO,60802,SIN NOMBRE
60801,CLOT DEL PONT RODO,60804,SIN NOMBRE
60802,SIN NOMBRE,60802,SIN NOMBRE
60802,SIN NOMBRE,60803,SIN NOMBRE
60802,SIN NOMBRE,60804,SIN NOMBRE
60803,SIN NOMBRE,60803,SIN NOMBRE
60804,SIN NOMBRE,60802,SIN NOMBRE
60804,SIN NOMBRE,60804,SIN NOMBRE
60806,TORRENT DE POLA,60807,SIN NOMBRE
60807,SIN NOMBRE,60807,SIN NOMBRE
60809,SIN NOMBRE,60809,SIN NOMBRE
60811,SIN NOMBRE,60811,SIN NOMBRE
60812,TORRENT DE CANYET,60813,SIN NOMBRE
60812,TORRENT DE CANYET,60814,SIN NOMBRE
60813,SIN NOMBRE,60813,SIN NOMBRE
60814,SIN NOMBRE,60814,SIN NOMBRE
60815,SIN NOMBRE,60815,SIN NOMBRE
60816,RIERA DE LES COMES,60818,SIN NOMBRE
60818,SIN NOMBRE,60818,SIN NOMBRE
60820,RIU RIDAURA,60822,SIN NOMBRE
60820,RIU RIDAURA,60823,SIN NOMBRE
60820,RIU RIDAURA,60828,SIN NOMBRE
60820,RIU RIDAURA,60830,SIN NOMBRE
60820,RIU RIDAURA,60832,SIN NOMBRE
60820,RIU RIDAURA,60836,SIN NOMBRE
60820,RIU RIDAURA,60854,SIN NOMBRE
60820,RIU RIDAURA,60855,SIN NOMBRE
60820,RIU RIDAURA,60856,SIN NOMBRE
60820,RIU RIDAURA,60857,SIN NOMBRE
60820,RIU RIDAURA,60859,SIN NOMBRE
60820,RIU RIDAURA,60860,SIN NOMBRE
60820,RIU RIDAURA,60861,SIN NOMBRE
60820,RIU RIDAURA,60863,SIN NOMBRE
60820,RIU RIDAURA,60864,SIN NOMBRE
60822,SIN NOMBRE,60822,SIN NOMBRE
60823,SIN NOMBRE,60823,SIN NOMBRE
60824,TORRENT DE LA COMA,60825,SIN NOMBRE
60824,TORRENT DE LA COMA,60826,SIN NOMBRE
60825,SIN NOMBRE,60825,SIN NOMBRE
60826,SIN NOMBRE,60826,SIN NOMBRE
60828,SIN NOMBRE,60828,SIN NOMBRE
60828,SIN NOMBRE,60829,SIN NOMBRE
60829,SIN NOMBRE,60829,SIN NOMBRE
60830,SIN NOMBRE,60830,SIN NOMBRE
60832,SIN NOMBRE,60832,SIN NOMBRE
60833,RIERA DEL VILAR,60834,SIN NOMBRE
60834,SIN NOMBRE,60834,SIN NOMBRE
60836,SIN NOMBRE,60836,SIN NOMBRE
60837,RIERA DE MALVET,60839,SIN NOMBRE
60839,SIN NOMBRE,60839,SIN NOMBRE
60840,RIERA DE SOLIUS,60843,SIN NOMBRE
60840,RIERA DE SOLIUS,60844,SIN NOMBRE
60840,RIERA DE SOLIUS,60845,SIN NOMBRE
60841,RIERA DEL MAR DE SANTS,60842,SIN NOMBRE
60842,SIN NOMBRE,60842,SIN NOMBRE
60843,SIN NOMBRE,60843,SIN NOMBRE
60844,SIN NOMBRE,60844,SIN NOMBRE
60845,SIN NOMBRE,60845,SIN NOMBRE
60846,RIERA DE BELL-LLOC,60847,SIN NOMBRE
60847,SIN NOMBRE,60847,SIN NOMBRE
60848,RIERA DE LA FONT PICANT,60849,SIN NOMBRE
60849,SIN NOMBRE,60849,SIN NOMBRE
60850,RIERA SALENYS,60851,SIN NOMBRE
60850,RIERA SALENYS,60852,SIN NOMBRE
60850,RIERA SALENYS,60853,SIN NOMBRE
60851,SIN NOMBRE,60851,SIN NOMBRE
60852,SIN NOMBRE,60852,SIN NOMBRE
60853,SIN NOMBRE,60853,SIN NOMBRE
60854,SIN NOMBRE,60854,SIN NOMBRE
60855,SIN NOMBRE,60855,SIN NOMBRE
60856,SIN NOMBRE,60856,SIN NOMBRE
60857,SIN NOMBRE,60857,SIN NOMBRE
60859,SIN NOMBRE,60859,SIN NOMBRE
60860,SIN NOMBRE,60860,SIN NOMBRE
60861,SIN NOMBRE,60861,SIN NOMBRE
60863,SIN NOMBRE,60863,SIN NOMBRE
60864,SIN NOMBRE,60864,SIN NOMBRE
60865,RIERA DE VERDERES,60866,SIN NOMBRE
60866,SIN NOMBRE,60866,SIN NOMBRE
60867,RIERA DE SANT BALDIRI,60868,SIN NOMBRE
60867,RIERA DE SANT BALDIRI,60869,SIN NOMBRE
60868,SIN NOMBRE,60868,SIN NOMBRE
60869,SIN NOMBRE,60869,SIN NOMBRE
60870,RIERA DE FENALS,60871,SIN NOMBRE
60870,RIERA DE FENALS,60872,SIN NOMBRE
60871,SIN NOMBRE,60871,SIN NOMBRE
60872,SIN NOMBRE,60872,SIN NOMBRE
60873,SIN NOMBRE,60873,SIN NOMBRE
60874,SIN NOMBRE,60874,SIN NOMBRE
60878,RIERA DEL TINAR,60879,SIN NOMBRE
60878,RIERA DEL TINAR,60880,SIN NOMBRE
60879,SIN NOMBRE,60879,SIN NOMBRE
60880,SIN NOMBRE,60880,SIN NOMBRE
60881,RIERA DELS MOLINS,60883,SIN NOMBRE
60881,RIERA DELS MOLINS,60884,SIN NOMBRE
60883,SIN NOMBRE,60883,SIN NOMBRE
60884,SIN NOMBRE,60884,SIN NOMBRE
60884,SIN NOMBRE,60885,SIN NOMBRE
60885,SIN NOMBRE,60885,SIN NOMBRE
60887,RIERA D'EN ROTLLAN,60888,SIN NOMBRE
60888,SIN NOMBRE,60888,SIN NOMBRE
60889,TORRENT DEL COMAL,60890,SIN NOMBRE
60890,SIN NOMBRE,60890,SIN NOMBRE
60893,RIERA DE MAS RIERA,60894,SIN NOMBRE
60893,RIERA DE MAS RIERA,60895,SIN NOMBRE
60894,SIN NOMBRE,60894,SIN NOMBRE
60895,SIN NOMBRE,60895,SIN NOMBRE
60896,RIERA DE MAS CASES,60897,SIN NOMBRE
60896,RIERA DE MAS CASES,60898,SIN NOMBRE
60896,RIERA DE MAS CASES,60900,SIN NOMBRE
60896,RIERA DE MAS CASES,60901,SIN NOMBRE
60896,RIERA DE MAS CASES,60902,SIN NOMBRE
60896,RIERA DE MAS CASES,60903,SIN NOMBRE
60897,SIN NOMBRE,60897,SIN NOMBRE
60898,SIN NOMBRE,60898,SIN NOMBRE
60898,SIN NOMBRE,60899,SIN NOMBRE
60899,SIN NOMBRE,60899,SIN NOMBRE
60900,SIN NOMBRE,60900,SIN NOMBRE
60901,SIN NOMBRE,60901,SIN NOMBRE
60902,SIN NOMBRE,60902,SIN NOMBRE
60903,SIN NOMBRE,60903,SIN NOMBRE
60907,RIERA D MAS BLANQUET,60910,SIN NOMBRE
60907,RIERA D MAS BLANQUET,60912,SIN NOMBRE
60910,SIN NOMBRE,60910,SIN NOMBRE
60910,SIN NOMBRE,60911,SIN NOMBRE
60910,SIN NOMBRE,60912,SIN NOMBRE
60911,SIN NOMBRE,60911,SIN NOMBRE
60912,SIN NOMBRE,60910,SIN NOMBRE
60912,SIN NOMBRE,60912,SIN NOMBRE
60915,RIERA D'AUBI,60923,SIN NOMBRE
60916,RIERA DE BELL-LLOC,60917,SIN NOMBRE
60917,SIN NOMBRE,60917,SIN NOMBRE
60919,RIERA DE VALL-LLOBREGA,60920,SIN NOMBRE
60919,RIERA DE VALL-LLOBREGA,60921,SIN NOMBRE
60919,RIERA DE VALL-LLOBREGA,60922,SIN NOMBRE
60920,SIN NOMBRE,60920,SIN NOMBRE
60921,SIN NOMBRE,60921,SIN NOMBRE
60922,SIN NOMBRE,60922,SIN NOMBRE
60923,SIN NOMBRE,60923,SIN NOMBRE
60924,RIERA D'AUBI,60925,SIN NOMBRE
60924,RIERA D'AUBI,60931,SIN NOMBRE
60924,RIERA D'AUBI,60932,SIN NOMBRE
60925,SIN NOMBRE,60925,SIN NOMBRE
60927,RIERA DE MAS BURJACS,60928,SIN NOMBRE
60927,RIERA DE MAS BURJACS,60929,SIN NOMBRE
60928,SIN NOMBRE,60928,SIN NOMBRE
60929,SIN NOMBRE,60929,SIN NOMBRE
60931,SIN NOMBRE,60931,SIN NOMBRE
60932,SIN NOMBRE,60932,SIN NOMBRE
60933,SIN NOMBRE,60933,SIN NOMBRE
60934,RIERA DE MAS BATLLIA,60935,SIN NOMBRE
60934,RIERA DE MAS BATLLIA,60936,SIN NOMBRE
60935,SIN NOMBRE,60935,SIN NOMBRE
60936,SIN NOMBRE,60936,SIN NOMBRE
60941,SIN NOMBRE,60941,SIN NOMBRE
60942,RIU DARO,61022,SIN NOMBRE
60942,RIU DARO,61047,SIN NOMBRE
60942,RIU DARO,61048,SIN NOMBRE
60942,RIU DARO,61058,SIN NOMBRE
60942,RIU DARO,61059,SIN NOMBRE
60942,RIU DARO,61064,SIN NOMBRE
60942,RIU DARO,61065,SIN NOMBRE
60942,RIU DARO,61069,SIN NOMBRE
60942,RIU DARO,61070,SIN NOMBRE
60942,RIU DARO,61079,SIN NOMBRE
60942,RIU DARO,61080,SIN NOMBRE
60942,RIU DARO,61085,SIN NOMBRE
60942,RIU DARO,61086,SIN NOMBRE
60942,RIU DARO,61087,SIN NOMBRE
60942,RIU DARO,61089,SIN NOMBRE
60942,RIU DARO,61090,SIN NOMBRE
60943,RIERA GROSSA,60960,SIN NOMBRE
60943,RIERA GROSSA,60961,SIN NOMBRE
60943,RIERA GROSSA,60963,SIN NOMBRE
60943,RIERA GROSSA,60965,SIN NOMBRE
60944,RIERA PETITA,60946,SIN NOMBRE
60946,SIN NOMBRE,60946,SIN NOMBRE
60947,RIERA DE TORRENT,60951,SIN NOMBRE
60947,RIERA DE TORRENT,60952,SIN NOMBRE
60948,RIERA BONIDA,60949,SIN NOMBRE
60949,SIN NOMBRE,60949,SIN NOMBRE
60951,SIN NOMBRE,60951,SIN NOMBRE
60952,SIN NOMBRE,60952,SIN NOMBRE
60953,RIERA D'ESCLANYA,60959,SIN NOMBRE
60954,RIERA DE SALTSESEUGUES,60955,SIN NOMBRE
60955,SIN NOMBRE,60955,SIN NOMBRE
60956,RIERA DE LES BRUGUERES,60957,SIN NOMBRE
60956,RIERA DE LES BRUGUERES,60958,SIN NOMBRE
60957,SIN NOMBRE,60957,SIN NOMBRE
60957,SIN NOMBRE,60958,SIN NOMBRE
60958,SIN NOMBRE,60957,SIN NOMBRE
60958,SIN NOMBRE,60958,SIN NOMBRE
60959,SIN NOMBRE,60959,SIN NOMBRE
60960,SIN NOMBRE,60960,SIN NOMBRE
60961,SIN NOMBRE,60961,SIN NOMBRE
60961,SIN NOMBRE,60962,SIN NOMBRE
60962,SIN NOMBRE,60962,SIN NOMBRE
60963,SIN NOMBRE,60963,SIN NOMBRE
60963,SIN NOMBRE,60964,SIN NOMBRE
60963,SIN NOMBRE,60965,SIN NOMBRE
60964,SIN NOMBRE,60964,SIN NOMBRE
60965,SIN NOMBRE,60963,SIN NOMBRE
60965,SIN NOMBRE,60965,SIN NOMBRE
60967,RIERA DE PERATALLADA,60970,SIN NOMBRE
60968,RIERA DEL PLA O RIERA VELLA,60969,SIN NOMBRE
60969,SIN NOMBRE,60969,SIN NOMBRE
60970,SIN NOMBRE,60970,SIN NOMBRE
60971,RIERA D'EN TORRO,60974,SIN NOMBRE
60971,RIERA D'EN TORRO,60975,SIN NOMBRE
60972,RIERA D'EN SERRA,60973,SIN NOMBRE
60973,SIN NOMBRE,60973,SIN NOMBRE
60974,SIN NOMBRE,60974,SIN NOMBRE
60975,SIN NOMBRE,60975,SIN NOMBRE
60976,RIERA D'EN VIDAL,60977,SIN NOMBRE
60977,SIN NOMBRE,60977,SIN NOMBRE
60980,RIERA DE L'ESQUERRANA O MOLI D'EN CAIXA,60987,SIN NOMBRE
60984,RIERA D'EN LLISQUET,60986,SIN NOMBRE
60986,SIN NOMBRE,60986,SIN NOMBRE
60987,SIN NOMBRE,60987,SIN NOMBRE
60991,RIERA RISSEC,60996,SIN NOMBRE
60991,RIERA RISSEC,61006,SIN NOMBRE
60991,RIERA RISSEC,61008,SIN NOMBRE
60991,RIERA RISSEC,61009,SIN NOMBRE
60991,RIERA RISSEC,61010,SIN NOMBRE
60991,RIERA RISSEC,61011,SIN NOMBRE
60991,RIERA RISSEC,61012,SIN NOMBRE
60991,RIERA RISSEC,61015,SIN NOMBRE
60991,RIERA RISSEC,61018,SIN NOMBRE
60992,RIERA RODONELL,60993,SIN NOMBRE
60993,SIN NOMBRE,60993,SIN NOMBRE
60996,SIN NOMBRE,60996,SIN NOMBRE
60997,TORRENT DE LA CANAL,60998,SIN NOMBRE
60997,TORRENT DE LA CANAL,60999,SIN NOMBRE
60998,SIN NOMBRE,60998,SIN NOMBRE
60998,SIN NOMBRE,60999,SIN NOMBRE
60999,SIN NOMBRE,60998,SIN NOMBRE
60999,SIN NOMBRE,60999,SIN NOMBRE
60999,SIN NOMBRE,61000,SIN NOMBRE
60999,SIN NOMBRE,61001,SIN NOMBRE
61000,SIN NOMBRE,61000,SIN NOMBRE
61001,SIN NOMBRE,61001,SIN NOMBRE
61002,TORRENT DE LES OLLES,61003,SIN NOMBRE
61003,SIN NOMBRE,61003,SIN NOMBRE
61004,TORRENT DE SANT PERE,61005,SIN NOMBRE
61005,SIN NOMBRE,61005,SIN NOMBRE
61006,SIN NOMBRE,61006,SIN NOMBRE
61008,SIN NOMBRE,61008,SIN NOMBRE
61009,SIN NOMBRE,61009,SIN NOMBRE
61010,SIN NOMBRE,61010,SIN NOMBRE
61011,SIN NOMBRE,61011,SIN NOMBRE
61012,SIN NOMBRE,61012,SIN NOMBRE
61015,SIN NOMBRE,61015,SIN NOMBRE
61018,SIN NOMBRE,61018,SIN NOMBRE
61022,SIN NOMBRE,61022,SIN NOMBRE
61023,RIERA DEL VILAR,61024,SIN NOMBRE
61023,RIERA DEL VILAR,61025,SIN NOMBRE
61023,RIERA DEL VILAR,61036,SIN NOMBRE
61023,RIERA DEL VILAR,61038,SIN NOMBRE
61023,RIERA DEL VILAR,61044,SIN NOMBRE
61023,RIERA DEL VILAR,61045,SIN NOMBRE
61024,SIN NOMBRE,61024,SIN NOMBRE
61025,SIN NOMBRE,61025,SIN NOMBRE
61026,RIERA DE LA MARQUESA,61027,SIN NOMBRE
61026,RIERA DE LA MARQUESA,61028,SIN NOMBRE
61027,SIN NOMBRE,61027,SIN NOMBRE
61028,SIN NOMBRE,61028,SIN NOMBRE
61031,RIERA D'EN PLAJA,61032,SIN NOMBRE
61031,RIERA D'EN PLAJA,61033,SIN NOMBRE
61032,SIN NOMBRE,61032,SIN NOMBRE
61033,SIN NOMBRE,61033,SIN NOMBRE
61034,RIERA DE XARTELL,61035,SIN NOMBRE
61035,SIN NOMBRE,61035,SIN NOMBRE
61036,SIN NOMBRE,61036,SIN NOMBRE
61036,SIN NOMBRE,61037,SIN NOMBRE
61037,SIN NOMBRE,61037,SIN NOMBRE
61038,SIN NOMBRE,61038,SIN NOMBRE
61039,TORRENT CAN BANCELLES,61042,SIN NOMBRE
61040,TORRENT FORN DEL VIDRE,61041,SIN NOMBRE
61041,SIN NOMBRE,61041,SIN NOMBRE
61042,SIN NOMBRE,61042,SIN NOMBRE
61044,SIN NOMBRE,61044,SIN NOMBRE
61045,SIN NOMBRE,61045,SIN NOMBRE
61047,SIN NOMBRE,61047,SIN NOMBRE
61048,SIN NOMBRE,61048,SIN NOMBRE
61049,RIERA DE PASTELLS,61050,SIN NOMBRE
61049,RIERA DE PASTELLS,61052,SIN NOMBRE
61049,RIERA DE PASTELLS,61055,SIN NOMBRE
61049,RIERA DE PASTELLS,61056,SIN NOMBRE
61049,RIERA DE PASTELLS,61057,SIN NOMBRE
61050,SIN NOMBRE,61050,SIN NOMBRE
61052,SIN NOMBRE,61052,SIN NOMBRE
61053,RIERA DE MOLINES,61054,SIN NOMBRE
61054,SIN NOMBRE,61054,SIN NOMBRE
61055,SIN NOMBRE,61055,SIN NOMBRE
61056,SIN NOMBRE,61056,SIN NOMBRE
61057,SIN NOMBRE,61057,SIN NOMBRE
61058,SIN NOMBRE,61058,SIN NOMBRE
61059,SIN NOMBRE,61059,SIN NOMBRE
61060,RIERA DE CANTAGALLS,61061,SIN NOMBRE
61061,SIN NOMBRE,61061,SIN NOMBRE
61061,SIN NOMBRE,61062,SIN NOMBRE
61061,SIN NOMBRE,61063,SIN NOMBRE
61062,SIN NOMBRE,61062,SIN NOMBRE
61063,SIN NOMBRE,61063,SIN NOMBRE
61064,SIN NOMBRE,61064,SIN NOMBRE
61065,SIN NOMBRE,61065,SIN NOMBRE
61066,TORRENT DE MOROLLES,61067,SIN NOMBRE
61067,SIN NOMBRE,61067,SIN NOMBRE
61069,SIN NOMBRE,61069,SIN NOMBRE
61070,SIN NOMBRE,61070,SIN NOMBRE
61071,RIERA DE CAN VILADEMARC,61072,SIN NOMBRE
61071,RIERA DE CAN VILADEMARC,61073,SIN NOMBRE
61072,SIN NOMBRE,61072,SIN NOMBRE
61072,SIN NOMBRE,61073,SIN NOMBRE
61073,SIN NOMBRE,61072,SIN NOMBRE
61073,SIN NOMBRE,61073,SIN NOMBRE
61074,RIERA BOSCANAL,61075,SIN NOMBRE
61074,RIERA BOSCANAL,61077,SIN NOMBRE
61074,RIERA BOSCANAL,61078,SIN NOMBRE
61075,SIN NOMBRE,61075,SIN NOMBRE
61075,SIN NOMBRE,61076,SIN NOMBRE
61076,SIN NOMBRE,61076,SIN NOMBRE
61077,SIN NOMBRE,61077,SIN NOMBRE
61078,SIN NOMBRE,61078,SIN NOMBRE
61079,SIN NOMBRE,61079,SIN NOMBRE
61080,SIN NOMBRE,61080,SIN NOMBRE
61081,RIERA DE SANTA AGATA,61082,SIN NOMBRE
61082,SIN NOMBRE,61082,SIN NOMBRE
61083,RIU RILORT,61084,SIN NOMBRE
61084,SIN NOMBRE,61084,SIN NOMBRE
61085,SIN NOMBRE,61085,SIN NOMBRE
61086,SIN NOMBRE,61086,SIN NOMBRE
61087,SIN NOMBRE,61087,SIN NOMBRE
61087,SIN NOMBRE,61088,SIN NOMBRE
61088,SIN NOMBRE,61088,SIN NOMBRE
61089,SIN NOMBRE,61089,SIN NOMBRE
61090,SIN NOMBRE,61090,SIN NOMBRE
61091,RIU TER,61092,SIN NOMBRE
61091,RIU TER,61113,SIN NOMBRE
61091,RIU TER,61114,SIN NOMBRE
61091,RIU TER,61144,SIN NOMBRE
61091,RIU TER,61238,SIN NOMBRE
61091,RIU TER,61241,SIN NOMBRE
61091,RIU TER,61245,SIN NOMBRE
61091,RIU TER,61536,SIN NOMBRE
61091,RIU TER,61544,SIN NOMBRE
61091,RIU TER,61545,SIN NOMBRE
61091,RIU TER,61577,SIN NOMBRE
61091,RIU TER,61586,SIN NOMBRE
61091,RIU TER,61587,SIN NOMBRE
61091,RIU TER,61588,SIN NOMBRE
61091,RIU TER,61589,SIN NOMBRE
61091,RIU TER,61600,SIN NOMBRE
61091,RIU TER,61673,SIN NOMBRE
61091,RIU TER,61676,SIN NOMBRE
61091,RIU TER,61677,SIN NOMBRE
61091,RIU TER,61764,SIN NOMBRE
61091,RIU TER,61770,SIN NOMBRE
61091,RIU TER,61773,SIN NOMBRE
61091,RIU TER,61774,SIN NOMBRE
61091,RIU TER,61775,SIN NOMBRE
61091,RIU TER,61778,SIN NOMBRE
61091,RIU TER,61823,SIN NOMBRE
61091,RIU TER,61827,SIN NOMBRE
61091,RIU TER,61831,SIN NOMBRE
61091,RIU TER,61832,SIN NOMBRE
61091,RIU TER,61840,SIN NOMBRE
61091,RIU TER,61968,SIN NOMBRE
61091,RIU TER,61983,SIN NOMBRE
61091,RIU TER,61984,SIN NOMBRE
61091,RIU TER,61985,SIN NOMBRE
61091,RIU TER,62001,SIN NOMBRE
61091,RIU TER,62002,SIN NOMBRE
61091,RIU TER,62003,SIN NOMBRE
61091,RIU TER,62050,SIN NOMBRE
61091,RIU TER,62068,SIN NOMBRE
61091,RIU TER,62219,SIN NOMBRE
61091,RIU TER,62258,SIN NOMBRE
61091,RIU TER,62263,SIN NOMBRE
61091,RIU TER,62357,SIN NOMBRE
61091,RIU TER,62409,SIN NOMBRE
61091,RIU TER,62436,SIN NOMBRE
61091,RIU TER,62438,SIN NOMBRE
61091,RIU TER,62478,SIN NOMBRE
61091,RIU TER,62479,SIN NOMBRE
61091,RIU TER,62483,SIN NOMBRE
61091,RIU TER,62484,SIN NOMBRE
61091,RIU TER,62487,SIN NOMBRE
61091,RIU TER,62488,SIN NOMBRE
61091,RIU TER,62489,SIN NOMBRE
61091,RIU TER,62724,SIN NOMBRE
61091,RIU TER,62727,SIN NOMBRE
61091,RIU TER,62728,SIN NOMBRE
61091,RIU TER,62736,SIN NOMBRE
61091,RIU TER,62737,SIN NOMBRE
61091,RIU TER,62738,SIN NOMBRE
61091,RIU TER,62764,SIN NOMBRE
61091,RIU TER,62795,SIN NOMBRE
61091,RIU TER,62797,SIN NOMBRE
61091,RIU TER,62802,SIN NOMBRE
61091,RIU TER,62877,SIN NOMBRE
61091,RIU TER,62911,SIN NOMBRE
61091,RIU TER,62914,SIN NOMBRE
61091,RIU TER,62931,SIN NOMBRE
61091,RIU TER,62941,SIN NOMBRE
61091,RIU TER,62942,SIN NOMBRE
61092,SIN NOMBRE,61092,SIN NOMBRE
61094,REC MADRAL,61095,SIN NOMBRE
61094,REC MADRAL,61096,SIN NOMBRE
61095,SIN NOMBRE,61095,SIN NOMBRE
61096,SIN NOMBRE,61096,SIN NOMBRE
61099,RIERA DE VALL,61100,SIN NOMBRE
61100,SIN NOMBRE,61100,SIN NOMBRE
61102,TORRENT DE VILOPRIU,61105,SIN NOMBRE
61105,SIN NOMBRE,61105,SIN NOMBRE
61106,RIERA DE RAMEMA,61109,SIN NOMBRE
61109,SIN NOMBRE,61109,SIN NOMBRE
61110,RIERA DE LLAMPAIES,61111,SIN NOMBRE
61111,SIN NOMBRE,61111,SIN NOMBRE
61113,SIN NOMBRE,61113,SIN NOMBRE
61114,SIN NOMBRE,61114,SIN NOMBRE
61115,RIERA DE RIFOS,61117,SIN NOMBRE
61115,RIERA DE RIFOS,61122,SIN NOMBRE
61115,RIERA DE RIFOS,61123,SIN NOMBRE
61117,SIN NOMBRE,61117,SIN NOMBRE
61118,RIERA DE PUHOL,61119,SIN NOMBRE
61118,RIERA DE PUHOL,61120,SIN NOMBRE
61119,SIN NOMBRE,61119,SIN NOMBRE
61119,SIN NOMBRE,61120,SIN NOMBRE
61120,SIN NOMBRE,61119,SIN NOMBRE
61120,SIN NOMBRE,61120,SIN NOMBRE
61120,SIN NOMBRE,61121,SIN NOMBRE
61121,SIN NOMBRE,61121,SIN NOMBRE
61122,SIN NOMBRE,61122,SIN NOMBRE
61123,SIN NOMBRE,61123,SIN NOMBRE
61124,RIERA DE PEDRINYA,61123,SIN NOMBRE
61124,RIERA DE PEDRINYA,61125,SIN NOMBRE
61125,SIN NOMBRE,61125,SIN NOMBRE
61126,REC DE CINYANA,61127,SIN NOMBRE
61126,REC DE CINYANA,61128,SIN NOMBRE
61126,REC DE CINYANA,61130,SIN NOMBRE
61126,REC DE CINYANA,61132,SIN NOMBRE
61126,REC DE CINYANA,61136,SIN NOMBRE
61126,REC DE CINYANA,61137,SIN NOMBRE
61126,REC DE CINYANA,61138,SIN NOMBRE
61126,REC DE CINYANA,61139,SIN NOMBRE
61126,REC DE CINYANA,61140,SIN NOMBRE
61127,SIN NOMBRE,61127,SIN NOMBRE
61128,SIN NOMBRE,61128,SIN NOMBRE
61130,SIN NOMBRE,61130,SIN NOMBRE
61132,SIN NOMBRE,61132,SIN NOMBRE
61136,SIN NOMBRE,61136,SIN NOMBRE
61137,SIN NOMBRE,61137,SIN NOMBRE
61138,SIN NOMBRE,61138,SIN NOMBRE
61139,SIN NOMBRE,61139,SIN NOMBRE
61140,SIN NOMBRE,61140,SIN NOMBRE
61144,SIN NOMBRE,61144,SIN NOMBRE
61146,RIERA DE PALAGRET,61153,SIN NOMBRE
61146,RIERA DE PALAGRET,61155,SIN NOMBRE
61146,RIERA DE PALAGRET,61156,SIN NOMBRE
61146,RIERA DE PALAGRET,61157,SIN NOMBRE
61149,TORRENT DE VALLBOC,61151,SIN NOMBRE
61151,SIN NOMBRE,61151,SIN NOMBRE
61153,SIN NOMBRE,61153,SIN NOMBRE
61155,SIN NOMBRE,61155,SIN NOMBRE
61156,SIN NOMBRE,61156,SIN NOMBRE
61157,SIN NOMBRE,61157,SIN NOMBRE
61158,RIERA DE VILERS,61159,SIN NOMBRE
61158,RIERA DE VILERS,61160,SIN NOMBRE
61158,RIERA DE VILERS,61164,SIN NOMBRE
61159,SIN NOMBRE,61159,SIN NOMBRE
61160,SIN NOMBRE,61160,SIN NOMBRE
61161,RIERA DE BEVIA,61162,SIN NOMBRE
61162,SIN NOMBRE,61162,SIN NOMBRE
61164,SIN NOMBRE,61164,SIN NOMBRE
61171,REC DE L'EIXART,61172,SIN NOMBRE
61171,REC DE L'EIXART,61173,SIN NOMBRE
61172,SIN NOMBRE,61172,SIN NOMBRE
61173,SIN NOMBRE,61173,SIN NOMBRE
61175,RIERA DE LA FARGA,61177,SIN NOMBRE
61175,RIERA DE LA FARGA,61179,SIN NOMBRE
61175,RIERA DE LA FARGA,61182,SIN NOMBRE
61175,RIERA DE LA FARGA,61183,SIN NOMBRE
61175,RIERA DE LA FARGA,61190,SIN NOMBRE
61175,RIERA DE LA FARGA,61191,SIN NOMBRE
61175,RIERA DE LA FARGA,61192,SIN NOMBRE
61177,SIN NOMBRE,61177,SIN NOMBRE
61179,SIN NOMBRE,61179,SIN NOMBRE
61180,TORRENT DE VILAFRESER,61181,SIN NOMBRE
61181,SIN NOMBRE,61181,SIN NOMBRE
61182,SIN NOMBRE,61182,SIN NOMBRE
61183,SIN NOMBRE,61183,SIN NOMBRE
61187,TORRENT DE LA FERRIOLA,61188,SIN NOMBRE
61188,SIN NOMBRE,61188,SIN NOMBRE
61190,SIN NOMBRE,61190,SIN NOMBRE
61191,SIN NOMBRE,61191,SIN NOMBRE
61192,SIN NOMBRE,61192,SIN NOMBRE
61193,RIU TERRI,61199,SIN NOMBRE
61193,RIU TERRI,61200,SIN NOMBRE
61193,RIU TERRI,61201,SIN NOMBRE
61194,TORRENT DE RIUDELLOTS,61195,SIN NOMBRE
61195,SIN NOMBRE,61195,SIN NOMBRE
61196,TORRENT DE MARMANYA,61197,SIN NOMBRE
61197,SIN NOMBRE,61197,SIN NOMBRE
61199,SIN NOMBRE,61199,SIN NOMBRE
61200,SIN NOMBRE,61200,SIN NOMBRE
61201,SIN NOMBRE,61201,SIN NOMBRE
61203,RIU REVARDIT,61204,SIN NOMBRE
61203,RIU REVARDIT,61205,SIN NOMBRE
61203,RIU REVARDIT,61206,SIN NOMBRE
61203,RIU REVARDIT,61207,SIN NOMBRE
61203,RIU REVARDIT,61208,SIN NOMBRE
61203,RIU REVARDIT,61209,SIN NOMBRE
61203,RIU REVARDIT,61210,SIN NOMBRE
61203,RIU REVARDIT,61211,SIN NOMBRE
61204,SIN NOMBRE,61204,SIN NOMBRE
61205,SIN NOMBRE,61205,SIN NOMBRE
61206,SIN NOMBRE,61206,SIN NOMBRE
61207,SIN NOMBRE,61207,SIN NOMBRE
61208,SIN NOMBRE,61208,SIN NOMBRE
61209,SIN NOMBRE,61209,SIN NOMBRE
61210,SIN NOMBRE,61210,SIN NOMBRE
61211,SIN NOMBRE,61211,SIN NOMBRE
61212,TORRENT COMANELL,61213,SIN NOMBRE
61213,SIN NOMBRE,61213,SIN NOMBRE
61214,RIU GARRUMBERT,61215,SIN NOMBRE
61215,SIN NOMBRE,61215,SIN NOMBRE
61219,RIU REMENÇA,61220,SIN NOMBRE
61220,SIN NOMBRE,61220,SIN NOMBRE
61225,RIU MATAMORS,61227,SIN NOMBRE
61225,RIU MATAMORS,61228,SIN NOMBRE
61227,SIN NOMBRE,61227,SIN NOMBRE
61228,SIN NOMBRE,61228,SIN NOMBRE
61229,RIERA DEL VILAR,61235,SIN NOMBRE
61232,REC DE LA FONT PUDOSA,61233,SIN NOMBRE
61232,REC DE LA FONT PUDOSA,61234,SIN NOMBRE
61233,SIN NOMBRE,61233,SIN NOMBRE
61234,SIN NOMBRE,61234,SIN NOMBRE
61235,SIN NOMBRE,61235,SIN NOMBRE
61236,TORRENT VERMELL,61237,SIN NOMBRE
61237,SIN NOMBRE,61237,SIN NOMBRE
61238,SIN NOMBRE,61238,SIN NOMBRE
61239,TORRENT DE CAN VILAR,61240,SIN NOMBRE
61240,SIN NOMBRE,61240,SIN NOMBRE
61241,SIN NOMBRE,61241,SIN NOMBRE
61242,RIERA DE LA GARRIGA,61244,SIN NOMBRE
61244,SIN NOMBRE,61244,SIN NOMBRE
61245,SIN NOMBRE,61245,SIN NOMBRE
61250,TORRENT DE SARRIA,61251,SIN NOMBRE
61250,TORRENT DE SARRIA,61252,SIN NOMBRE
61251,SIN NOMBRE,61251,SIN NOMBRE
61251,SIN NOMBRE,61252,SIN NOMBRE
61252,SIN NOMBRE,61251,SIN NOMBRE
61252,SIN NOMBRE,61252,SIN NOMBRE
61253,TORRENT DE RIUDELLEQUES,61254,SIN NOMBRE
61253,TORRENT DE RIUDELLEQUES,61260,SIN NOMBRE
61254,SIN NOMBRE,61254,SIN NOMBRE
61255,TORRENT DE CAN COMES,61256,SIN NOMBRE
61256,SIN NOMBRE,61256,SIN NOMBRE
61257,RIEROL DE RIMAU,61258,SIN NOMBRE
61257,RIEROL DE RIMAU,61259,SIN NOMBRE
61258,SIN NOMBRE,61258,SIN NOMBRE
61259,SIN NOMBRE,61259,SIN NOMBRE
61260,SIN NOMBRE,61260,SIN NOMBRE
61261,RIU ONYAR,61269,SIN NOMBRE
61261,RIU ONYAR,61271,SIN NOMBRE
61261,RIU ONYAR,61274,SIN NOMBRE
61261,RIU ONYAR,61287,SIN NOMBRE
61261,RIU ONYAR,61288,SIN NOMBRE
61261,RIU ONYAR,61290,SIN NOMBRE
61261,RIU ONYAR,61316,SIN NOMBRE
61261,RIU ONYAR,61317,SIN NOMBRE
61261,RIU ONYAR,61400,SIN NOMBRE
61261,RIU ONYAR,61404,SIN NOMBRE
61261,RIU ONYAR,61418,SIN NOMBRE
61261,RIU ONYAR,61420,SIN NOMBRE
61262,RIU GALLIGANTS,61263,SIN NOMBRE
61262,RIU GALLIGANTS,61267,SIN NOMBRE
61262,RIU GALLIGANTS,61268,SIN NOMBRE
61263,SIN NOMBRE,61263,SIN NOMBRE
61264,RIERA DE SANT MIQUEL,61266,SIN NOMBRE
61266,SIN NOMBRE,61266,SIN NOMBRE
61267,SIN NOMBRE,61267,SIN NOMBRE
61268,SIN NOMBRE,61268,SIN NOMBRE
61269,SIN NOMBRE,61269,SIN NOMBRE
61271,SIN NOMBRE,61271,SIN NOMBRE
61272,RIERAT,61273,SIN NOMBRE
61273,SIN NOMBRE,61273,SIN NOMBRE
61274,SIN NOMBRE,61274,SIN NOMBRE
61275,RIERA DEL CEIRE,61276,SIN NOMBRE
61275,RIERA DEL CEIRE,61277,SIN NOMBRE
61275,RIERA DEL CEIRE,61278,SIN NOMBRE
61275,RIERA DEL CEIRE,61280,SIN NOMBRE
61275,RIERA DEL CEIRE,61283,SIN NOMBRE
61275,RIERA DEL CEIRE,61284,SIN NOMBRE
61275,RIERA DEL CEIRE,61285,SIN NOMBRE
61276,SIN NOMBRE,61276,SIN NOMBRE
61277,SIN NOMBRE,61277,SIN NOMBRE
61278,SIN NOMBRE,61278,SIN NOMBRE
61278,SIN NOMBRE,61279,SIN NOMBRE
61279,SIN NOMBRE,61279,SIN NOMBRE
61280,SIN NOMBRE,61280,SIN NOMBRE
61280,SIN NOMBRE,61281,SIN NOMBRE
61281,SIN NOMBRE,61281,SIN NOMBRE
61281,SIN NOMBRE,61282,SIN NOMBRE
61282,SIN NOMBRE,61282,SIN NOMBRE
61283,SIN NOMBRE,61283,SIN NOMBRE
61284,SIN NOMBRE,61284,SIN NOMBRE
61285,SIN NOMBRE,61285,SIN NOMBRE
61285,SIN NOMBRE,61286,SIN NOMBRE
61286,SIN NOMBRE,61286,SIN NOMBRE
61287,SIN NOMBRE,61287,SIN NOMBRE
61288,SIN NOMBRE,61288,SIN NOMBRE
61290,SIN NOMBRE,61290,SIN NOMBRE
61291,RIERA DEL CORB,61311,SIN NOMBRE
61291,RIERA DEL CORB,61312,SIN NOMBRE
61291,RIERA DEL CORB,61313,SIN NOMBRE
61291,RIERA DEL CORB,61314,SIN NOMBRE
61293,RIERA DE BUGANTO,61296,SIN NOMBRE
61293,RIERA DE BUGANTO,61301,SIN NOMBRE
61293,RIERA DE BUGANTO,61306,SIN NOMBRE
61293,RIERA DE BUGANTO,61308,SIN NOMBRE
61294,TORRENT DE LA RABASSA,61295,SIN NOMBRE
61295,SIN NOMBRE,61295,SIN NOMBRE
61296,SIN NOMBRE,61296,SIN NOMBRE
61298,RIERA DE PERE VILA,61299,SIN NOMBRE
61299,SIN NOMBRE,61299,SIN NOMBRE
61299,SIN NOMBRE,61300,SIN NOMBRE
61300,SIN NOMBRE,61300,SIN NOMBRE
61301,SIN NOMBRE,61301,SIN NOMBRE
61302,RIERA DE CAL NINO,61303,SIN NOMBRE
61302,RIERA DE CAL NINO,61305,SIN NOMBRE
61303,SIN NOMBRE,61303,SIN NOMBRE
61303,SIN NOMBRE,61304,SIN NOMBRE
61303,SIN NOMBRE,61305,SIN NOMBRE
61304,SIN NOMBRE,61304,SIN NOMBRE
61305,SIN NOMBRE,61303,SIN NOMBRE
61305,SIN NOMBRE,61305,SIN NOMBRE
61306,SIN NOMBRE,61306,SIN NOMBRE
61306,SIN NOMBRE,61307,SIN NOMBRE
61307,SIN NOMBRE,61307,SIN NOMBRE
61308,SIN NOMBRE,61308,SIN NOMBRE
61309,RIU BUGANTO,61310,SIN NOMBRE
61310,SIN NOMBRE,61310,SIN NOMBRE
61311,SIN NOMBRE,61311,SIN NOMBRE
61312,SIN NOMBRE,61312,SIN NOMBRE
61313,SIN NOMBRE,61313,SIN NOMBRE
61314,SIN NOMBRE,61314,SIN NOMBRE
61316,SIN NOMBRE,61316,SIN NOMBRE
61317,SIN NOMBRE,61317,SIN NOMBRE
61318,RIERA DE GOTARRA,61372,SIN NOMBRE
61318,RIERA DE GOTARRA,61374,SIN NOMBRE
61318,RIERA DE GOTARRA,61376,SIN NOMBRE
61320,RIERA DE BENAULA,61326,SIN NOMBRE
61320,RIERA DE BENAULA,61327,SIN NOMBRE
61320,RIERA DE BENAULA,61328,SIN NOMBRE
61320,RIERA DE BENAULA,61336,SIN NOMBRE
61320,RIERA DE BENAULA,61337,SIN NOMBRE
61321,BARRANC DE CAN SOLA,61322,SIN NOMBRE
61322,SIN NOMBRE,61322,SIN NOMBRE
61323,BARRANC DE CAN BOIX,61324,SIN NOMBRE
61324,SIN NOMBRE,61324,SIN NOMBRE
61326,SIN NOMBRE,61326,SIN NOMBRE
61327,SIN NOMBRE,61327,SIN NOMBRE
61328,SIN NOMBRE,61328,SIN NOMBRE
61331,TORRENT DE CAN VIDAL,61332,SIN NOMBRE
61331,TORRENT DE CAN VIDAL,61335,SIN NOMBRE
61332,SIN NOMBRE,61332,SIN NOMBRE
61332,SIN NOMBRE,61333,SIN NOMBRE
61332,SIN NOMBRE,61334,SIN NOMBRE
61332,SIN NOMBRE,61335,SIN NOMBRE
61333,SIN NOMBRE,61333,SIN NOMBRE
61334,SIN NOMBRE,61334,SIN NOMBRE
61335,SIN NOMBRE,61332,SIN NOMBRE
61335,SIN NOMBRE,61335,SIN NOMBRE
61336,SIN NOMBRE,61336,SIN NOMBRE
61337,SIN NOMBRE,61337,SIN NOMBRE
61343,RIERA VERNEDA,61345,SIN NOMBRE
61343,RIERA VERNEDA,61355,SIN NOMBRE
61343,RIERA VERNEDA,61356,SIN NOMBRE
61343,RIERA VERNEDA,61357,SIN NOMBRE
61343,RIERA VERNEDA,61358,SIN NOMBRE
61343,RIERA VERNEDA,61359,SIN NOMBRE
61343,RIERA VERNEDA,61360,SIN NOMBRE
61343,RIERA VERNEDA,61361,SIN NOMBRE
61345,SIN NOMBRE,61345,SIN NOMBRE
61348,RIERA D'EN MERCADER,61349,SIN NOMBRE
61349,SIN NOMBRE,61349,SIN NOMBRE
61350,RIERA VILALLONGA,61351,SIN NOMBRE
61350,RIERA VILALLONGA,61352,SIN NOMBRE
61351,SIN NOMBRE,61351,SIN NOMBRE
61352,SIN NOMBRE,61352,SIN NOMBRE
61352,SIN NOMBRE,61353,SIN NOMBRE
61353,SIN NOMBRE,61353,SIN NOMBRE
61353,SIN NOMBRE,61354,SIN NOMBRE
61354,SIN NOMBRE,61354,SIN NOMBRE
61355,SIN NOMBRE,61355,SIN NOMBRE
61356,SIN NOMBRE,61356,SIN NOMBRE
61357,SIN NOMBRE,61357,SIN NOMBRE
61358,SIN NOMBRE,61358,SIN NOMBRE
61359,SIN NOMBRE,61359,SIN NOMBRE
61360,SIN NOMBRE,61360,SIN NOMBRE
61361,SIN NOMBRE,61361,SIN NOMBRE
61364,RIERA DE BANYALOQUES,61365,SIN NOMBRE
61365,SIN NOMBRE,61365,SIN NOMBRE
61366,RIERA DE RESCLOSA,61367,SIN NOMBRE
61366,RIERA DE RESCLOSA,61368,SIN NOMBRE
61367,SIN NOMBRE,61367,SIN NOMBRE
61368,SIN NOMBRE,61368,SIN NOMBRE
61368,SIN NOMBRE,61369,SIN NOMBRE
61368,SIN NOMBRE,61370,SIN NOMBRE
61369,SIN NOMBRE,61369,SIN NOMBRE
61370,SIN NOMBRE,61370,SIN NOMBRE
61372,SIN NOMBRE,61372,SIN NOMBRE
61374,SIN NOMBRE,61374,SIN NOMBRE
61374,SIN NOMBRE,61375,SIN NOMBRE
61375,SIN NOMBRE,61375,SIN NOMBRE
61376,SIN NOMBRE,61376,SIN NOMBRE
61378,TORRENT DEL GATOSAR,61379,SIN NOMBRE
61379,SIN NOMBRE,61379,SIN NOMBRE
61380,TORRENT DE L'ALZINAR,61381,SIN NOMBRE
61381,SIN NOMBRE,61381,SIN NOMBRE
61382,RIERA DE SANT LLORENÇ,61383,SIN NOMBRE
61383,SIN NOMBRE,61383,SIN NOMBRE
61385,RIERA DE RIUDEVILA,61386,SIN NOMBRE
61386,SIN NOMBRE,61386,SIN NOMBRE
61388,RIU DE BAGASTRA,61389,SIN NOMBRE
61388,RIU DE BAGASTRA,61391,SIN NOMBRE
61388,RIU DE BAGASTRA,61392,SIN NOMBRE
61389,SIN NOMBRE,61389,SIN NOMBRE
61389,SIN NOMBRE,61390,SIN NOMBRE
61390,SIN NOMBRE,61390,SIN NOMBRE
61391,SIN NOMBRE,61391,SIN NOMBRE
61392,SIN NOMBRE,61392,SIN NOMBRE
61393,TORRENT DE CAN TARINET,61395,SIN NOMBRE
61395,SIN NOMBRE,61395,SIN NOMBRE
61397,RIERA DE GREVALOSA,61398,SIN NOMBRE
61397,RIERA DE GREVALOSA,61399,SIN NOMBRE
61398,SIN NOMBRE,61398,SIN NOMBRE
61398,SIN NOMBRE,61399,SIN NOMBRE
61399,SIN NOMBRE,61398,SIN NOMBRE
61399,SIN NOMBRE,61399,SIN NOMBRE
61400,SIN NOMBRE,61400,SIN NOMBRE
61404,SIN NOMBRE,61404,SIN NOMBRE
61405,RIERA DE SANT MARTI,61406,SIN NOMBRE
61405,RIERA DE SANT MARTI,61417,SIN NOMBRE
61406,SIN NOMBRE,61406,SIN NOMBRE
61407,TORRENT DE CAN PLA,61408,SIN NOMBRE
61408,SIN NOMBRE,61408,SIN NOMBRE
61410,SOT DE CAL XACA,61412,SIN NOMBRE
61412,SIN NOMBRE,61412,SIN NOMBRE
61412,SIN NOMBRE,61413,SIN NOMBRE
61413,SIN NOMBRE,61413,SIN NOMBRE
61415,BARRANC DE RIEROLA,61416,SIN NOMBRE
61416,SIN NOMBRE,61416,SIN NOMBRE
61417,SIN NOMBRE,61417,SIN NOMBRE
61418,SIN NOMBRE,61418,SIN NOMBRE
61418,SIN NOMBRE,61419,SIN NOMBRE
61419,SIN NOMBRE,61419,SIN NOMBRE
61420,SIN NOMBRE,61420,SIN NOMBRE
61421,TORRENT DE SANT MARTI,61422,SIN NOMBRE
61421,TORRENT DE SANT MARTI,61427,SIN NOMBRE
61421,TORRENT DE SANT MARTI,61429,SIN NOMBRE
61422,SIN NOMBRE,61422,SIN NOMBRE
61423,RIU ONYAR,61424,SIN NOMBRE
61423,RIU ONYAR,61426,SIN NOMBRE
61424,SIN NOMBRE,61424,SIN NOMBRE
61424,SIN NOMBRE,61425,SIN NOMBRE
61424,SIN NOMBRE,61426,SIN NOMBRE
61425,SIN NOMBRE,61425,SIN NOMBRE
61426,SIN NOMBRE,61424,SIN NOMBRE
61426,SIN NOMBRE,61426,SIN NOMBRE
61427,SIN NOMBRE,61427,SIN NOMBRE
61429,SIN NOMBRE,61429,SIN NOMBRE
61429,SIN NOMBRE,61430,SIN NOMBRE
61430,SIN NOMBRE,61430,SIN NOMBRE
61434,RIERA DE MASROCS,61435,SIN NOMBRE
61434,RIERA DE MASROCS,61438,SIN NOMBRE
61434,RIERA DE MASROCS,61439,SIN NOMBRE
61434,RIERA DE MASROCS,61441,SIN NOMBRE
61434,RIERA DE MASROCS,61442,SIN NOMBRE
61434,RIERA DE MASROCS,61443,SIN NOMBRE
61434,RIERA DE MASROCS,61444,SIN NOMBRE
61435,SIN NOMBRE,61435,SIN NOMBRE
61438,SIN NOMBRE,61438,SIN NOMBRE
61439,SIN NOMBRE,61439,SIN NOMBRE
61439,SIN NOMBRE,61440,SIN NOMBRE
61440,SIN NOMBRE,61440,SIN NOMBRE
61441,SIN NOMBRE,61441,SIN NOMBRE
61442,SIN NOMBRE,61442,SIN NOMBRE
61443,SIN NOMBRE,61443,SIN NOMBRE
61444,SIN NOMBRE,61444,SIN NOMBRE
61448,TORRENT DE GARREP,61449,SIN NOMBRE
61448,TORRENT DE GARREP,61452,SIN NOMBRE
61448,TORRENT DE GARREP,61453,SIN NOMBRE
61448,TORRENT DE GARREP,61454,SIN NOMBRE
61448,TORRENT DE GARREP,61455,SIN NOMBRE
61449,SIN NOMBRE,61449,SIN NOMBRE
61452,SIN NOMBRE,61452,SIN NOMBRE
61453,SIN NOMBRE,61453,SIN NOMBRE
61454,SIN NOMBRE,61454,SIN NOMBRE
61455,SIN NOMBRE,61455,SIN NOMBRE
61456,RIERA DE LLEMENA,61458,SIN NOMBRE
61456,RIERA DE LLEMENA,61459,SIN NOMBRE
61456,RIERA DE LLEMENA,61460,SIN NOMBRE
61456,RIERA DE LLEMENA,61461,SIN NOMBRE
61456,RIERA DE LLEMENA,61462,SIN NOMBRE
61456,RIERA DE LLEMENA,61463,SIN NOMBRE
61456,RIERA DE LLEMENA,61464,SIN NOMBRE
61456,RIERA DE LLEMENA,61467,SIN NOMBRE
61456,RIERA DE LLEMENA,61468,SIN NOMBRE
61456,RIERA DE LLEMENA,61480,SIN NOMBRE
61456,RIERA DE LLEMENA,61481,SIN NOMBRE
61456,RIERA DE LLEMENA,61482,SIN NOMBRE
61456,RIERA DE LLEMENA,61483,SIN NOMBRE
61456,RIERA DE LLEMENA,61484,SIN NOMBRE
61456,RIERA DE LLEMENA,61485,SIN NOMBRE
61456,RIERA DE LLEMENA,61486,SIN NOMBRE
61456,RIERA DE LLEMENA,61487,SIN NOMBRE
61456,RIERA DE LLEMENA,61489,SIN NOMBRE
61456,RIERA DE LLEMENA,61490,SIN NOMBRE
61456,RIERA DE LLEMENA,61491,SIN NOMBRE
61456,RIERA DE LLEMENA,61507,SIN NOMBRE
61456,RIERA DE LLEMENA,61508,SIN NOMBRE
61456,RIERA DE LLEMENA,61510,SIN NOMBRE
61456,RIERA DE LLEMENA,61514,SIN NOMBRE
61456,RIERA DE LLEMENA,61517,SIN NOMBRE
61456,RIERA DE LLEMENA,61525,SIN NOMBRE
61456,RIERA DE LLEMENA,61526,SIN NOMBRE
61456,RIERA DE LLEMENA,61527,SIN NOMBRE
61456,RIERA DE LLEMENA,61528,SIN NOMBRE
61456,RIERA DE LLEMENA,61530,SIN NOMBRE
61456,RIERA DE LLEMENA,61532,SIN NOMBRE
61458,SIN NOMBRE,61458,SIN NOMBRE
61459,SIN NOMBRE,61459,SIN NOMBRE
61460,SIN NOMBRE,61460,SIN NOMBRE
61461,SIN NOMBRE,61461,SIN NOMBRE
61462,SIN NOMBRE,61462,SIN NOMBRE
61463,SIN NOMBRE,61463,SIN NOMBRE
61464,SIN NOMBRE,61464,SIN NOMBRE
61467,SIN NOMBRE,61467,SIN NOMBRE
61468,SIN NOMBRE,61468,SIN NOMBRE
61469,RIERA DE ROCACORBA O DE CANET,61476,SIN NOMBRE
61469,RIERA DE ROCACORBA O DE CANET,61477,SIN NOMBRE
61469,RIERA DE ROCACORBA O DE CANET,61478,SIN NOMBRE
61469,RIERA DE ROCACORBA O DE CANET,61479,SIN NOMBRE
61471,RIU RISSEC,61472,SIN NOMBRE
61471,RIU RISSEC,61473,SIN NOMBRE
61472,SIN NOMBRE,61472,SIN NOMBRE
61473,SIN NOMBRE,61473,SIN NOMBRE
61476,SIN NOMBRE,61476,SIN NOMBRE
61477,SIN NOMBRE,61477,SIN NOMBRE
61478,SIN NOMBRE,61478,SIN NOMBRE
61479,SIN NOMBRE,61479,SIN NOMBRE
61480,SIN NOMBRE,61480,SIN NOMBRE
61481,SIN NOMBRE,61481,SIN NOMBRE
61482,SIN NOMBRE,61482,SIN NOMBRE
61483,SIN NOMBRE,61483,SIN NOMBRE
61484,SIN NOMBRE,61484,SIN NOMBRE
61485,SIN NOMBRE,61485,SIN NOMBRE
61486,SIN NOMBRE,61486,SIN NOMBRE
61487,SIN NOMBRE,61487,SIN NOMBRE
61489,SIN NOMBRE,61489,SIN NOMBRE
61490,SIN NOMBRE,61490,SIN NOMBRE
61491,SIN NOMBRE,61491,SIN NOMBRE
61492,RIERA DE LES BASSES,61493,SIN NOMBRE
61492,RIERA DE LES BASSES,61494,SIN NOMBRE
61492,RIERA DE LES BASSES,61495,SIN NOMBRE
61492,RIERA DE LES BASSES,61496,SIN NOMBRE
61493,SIN NOMBRE,61493,SIN NOMBRE
61494,SIN NOMBRE,61494,SIN NOMBRE
61495,SIN NOMBRE,61495,SIN NOMBRE
61496,SIN NOMBRE,61496,SIN NOMBRE
61497,RIERA DE GRANOLLERS,61498,SIN NOMBRE
61497,RIERA DE GRANOLLERS,61500,SIN NOMBRE
61497,RIERA DE GRANOLLERS,61501,SIN NOMBRE
61497,RIERA DE GRANOLLERS,61502,SIN NOMBRE
61498,SIN NOMBRE,61498,SIN NOMBRE
61500,SIN NOMBRE,61500,SIN NOMBRE
61501,SIN NOMBRE,61501,SIN NOMBRE
61502,SIN NOMBRE,61502,SIN NOMBRE
61505,TORRENT DE BELLMIRALL,61506,SIN NOMBRE
61506,SIN NOMBRE,61506,SIN NOMBRE
61507,SIN NOMBRE,61507,SIN NOMBRE
61508,SIN NOMBRE,61508,SIN NOMBRE
61510,SIN NOMBRE,61510,SIN NOMBRE
61512,TORRENT DE CA N'ESTEVE,61513,SIN NOMBRE
61513,SIN NOMBRE,61513,SIN NOMBRE
61514,SIN NOMBRE,61514,SIN NOMBRE
61515,TORRENT DELS BULLIDORS,61516,SIN NOMBRE
61516,SIN NOMBRE,61516,SIN NOMBRE
61517,SIN NOMBRE,61517,SIN NOMBRE
61519,TORRENT MAL,61522,SIN NOMBRE
61520,TORRENT DELS AGUSTINS,61521,SIN NOMBRE
61521,SIN NOMBRE,61521,SIN NOMBRE
61522,SIN NOMBRE,61522,SIN NOMBRE
61525,SIN NOMBRE,61525,SIN NOMBRE
61526,SIN NOMBRE,61526,SIN NOMBRE
61527,SIN NOMBRE,61527,SIN NOMBRE
61528,SIN NOMBRE,61528,SIN NOMBRE
61530,SIN NOMBRE,61530,SIN NOMBRE
61532,SIN NOMBRE,61532,SIN NOMBRE
61533,RIERA D'EN MUÇ,61534,SIN NOMBRE
61534,SIN NOMBRE,61534,SIN NOMBRE
61536,SIN NOMBRE,61536,SIN NOMBRE
61536,SIN NOMBRE,61537,SIN NOMBRE
61537,SIN NOMBRE,61537,SIN NOMBRE
61538,TORRENT DE LA VILAPLANA,61539,SIN NOMBRE
61539,SIN NOMBRE,61539,SIN NOMBRE
61539,SIN NOMBRE,61540,SIN NOMBRE
61540,SIN NOMBRE,61540,SIN NOMBRE
61541,TORRENT DE MAS RIBES,61542,SIN NOMBRE
61541,TORRENT DE MAS RIBES,61543,SIN NOMBRE
61542,SIN NOMBRE,61542,SIN NOMBRE
61542,SIN NOMBRE,61543,SIN NOMBRE
61543,SIN NOMBRE,61542,SIN NOMBRE
61543,SIN NOMBRE,61543,SIN NOMBRE
61544,SIN NOMBRE,61544,SIN NOMBRE
61545,SIN NOMBRE,61545,SIN NOMBRE
61546,TORRENT DE CAN BORA,61547,SIN NOMBRE
61546,TORRENT DE CAN BORA,61552,SIN NOMBRE
61547,SIN NOMBRE,61547,SIN NOMBRE
61548,TORRENT DEL BAC,61549,SIN NOMBRE
61548,TORRENT DEL BAC,61550,SIN NOMBRE
61548,TORRENT DEL BAC,61551,SIN NOMBRE
61549,SIN NOMBRE,61549,SIN NOMBRE
61550,SIN NOMBRE,61550,SIN NOMBRE
61551,SIN NOMBRE,61551,SIN NOMBRE
61552,SIN NOMBRE,61552,SIN NOMBRE
61553,TORRENT DE CAN COMTE,61554,SIN NOMBRE
61554,SIN NOMBRE,61554,SIN NOMBRE
61556,TORRENT D'EN RIBERA,61557,SIN NOMBRE
61557,SIN NOMBRE,61557,SIN NOMBRE
61557,SIN NOMBRE,61558,SIN NOMBRE
61557,SIN NOMBRE,61559,SIN NOMBRE
61558,SIN NOMBRE,61558,SIN NOMBRE
61559,SIN NOMBRE,61559,SIN NOMBRE
61560,RIERA DE SANT CLIMENT,61565,SIN NOMBRE
61560,RIERA DE SANT CLIMENT,61566,SIN NOMBRE
61560,RIERA DE SANT CLIMENT,61567,SIN NOMBRE
61560,RIERA DE SANT CLIMENT,61568,SIN NOMBRE
61561,TORRENT DE LA FONT DEL MANY,61562,SIN NOMBRE
61561,TORRENT DE LA FONT DEL MANY,61563,SIN NOMBRE
61562,SIN NOMBRE,61562,SIN NOMBRE
61563,SIN NOMBRE,61563,SIN NOMBRE
61565,SIN NOMBRE,61565,SIN NOMBRE
61566,SIN NOMBRE,61566,SIN NOMBRE
61567,SIN NOMBRE,61567,SIN NOMBRE
61568,SIN NOMBRE,61568,SIN NOMBRE
61570,TORRENT DE LA CANOVA,61571,SIN NOMBRE
61570,TORRENT DE LA CANOVA,61572,SIN NOMBRE
61570,TORRENT DE LA CANOVA,61576,SIN NOMBRE
61571,SIN NOMBRE,61571,SIN NOMBRE
61572,SIN NOMBRE,61572,SIN NOMBRE
61573,TORRENT DE BASCARA,61574,SIN NOMBRE
61573,TORRENT DE BASCARA,61575,SIN NOMBRE
61574,SIN NOMBRE,61574,SIN NOMBRE
61574,SIN NOMBRE,61575,SIN NOMBRE
61575,SIN NOMBRE,61574,SIN NOMBRE
61575,SIN NOMBRE,61575,SIN NOMBRE
61576,SIN NOMBRE,61576,SIN NOMBRE
61577,SIN NOMBRE,61577,SIN NOMBRE
61578,RIERA DE SANT PERE,61579,SIN NOMBRE
61578,RIERA DE SANT PERE,61580,SIN NOMBRE
61578,RIERA DE SANT PERE,61581,SIN NOMBRE
61578,RIERA DE SANT PERE,61582,SIN NOMBRE
61578,RIERA DE SANT PERE,61583,SIN NOMBRE
61578,RIERA DE SANT PERE,61584,SIN NOMBRE
61578,RIERA DE SANT PERE,61585,SIN NOMBRE
61579,SIN NOMBRE,61579,SIN NOMBRE
61580,SIN NOMBRE,61580,SIN NOMBRE
61581,SIN NOMBRE,61581,SIN NOMBRE
61582,SIN NOMBRE,61582,SIN NOMBRE
61583,SIN NOMBRE,61583,SIN NOMBRE
61584,SIN NOMBRE,61584,SIN NOMBRE
61585,SIN NOMBRE,61585,SIN NOMBRE
61586,SIN NOMBRE,61586,SIN NOMBRE
61587,SIN NOMBRE,61587,SIN NOMBRE
61588,SIN NOMBRE,61588,SIN NOMBRE
61589,SIN NOMBRE,61589,SIN NOMBRE
61590,RIERA DE SANT AMANÇ,61591,SIN NOMBRE
61590,RIERA DE SANT AMANÇ,61593,SIN NOMBRE
61590,RIERA DE SANT AMANÇ,61594,SIN NOMBRE
61590,RIERA DE SANT AMANÇ,61596,SIN NOMBRE
61591,SIN NOMBRE,61591,SIN NOMBRE
61593,SIN NOMBRE,61593,SIN NOMBRE
61594,SIN NOMBRE,61594,SIN NOMBRE
61596,SIN NOMBRE,61596,SIN NOMBRE
61597,SOT DE CAN FALGUERA,61598,SIN NOMBRE
61597,SOT DE CAN FALGUERA,61599,SIN NOMBRE
61598,SIN NOMBRE,61598,SIN NOMBRE
61599,SIN NOMBRE,61599,SIN NOMBRE
61600,SIN NOMBRE,61600,SIN NOMBRE
61601,RIERA D'OSOR,61602,SIN NOMBRE
61601,RIERA D'OSOR,61603,SIN NOMBRE
61601,RIERA D'OSOR,61604,SIN NOMBRE
61601,RIERA D'OSOR,61605,SIN NOMBRE
61601,RIERA D'OSOR,61614,SIN NOMBRE
61601,RIERA D'OSOR,61615,SIN NOMBRE
61601,RIERA D'OSOR,61621,SIN NOMBRE
61601,RIERA D'OSOR,61630,SIN NOMBRE
61601,RIERA D'OSOR,61633,SIN NOMBRE
61601,RIERA D'OSOR,61634,SIN NOMBRE
61601,RIERA D'OSOR,61635,SIN NOMBRE
61601,RIERA D'OSOR,61636,SIN NOMBRE
61601,RIERA D'OSOR,61637,SIN NOMBRE
61601,RIERA D'OSOR,61638,SIN NOMBRE
61601,RIERA D'OSOR,61639,SIN NOMBRE
61601,RIERA D'OSOR,61642,SIN NOMBRE
61601,RIERA D'OSOR,61643,SIN NOMBRE
61601,RIERA D'OSOR,61644,SIN NOMBRE
61601,RIERA D'OSOR,61651,SIN NOMBRE
61601,RIERA D'OSOR,61652,SIN NOMBRE
61602,SIN NOMBRE,61602,SIN NOMBRE
61603,SIN NOMBRE,61603,SIN NOMBRE
61604,SIN NOMBRE,61604,SIN NOMBRE
61605,SIN NOMBRE,61605,SIN NOMBRE
61605,SIN NOMBRE,61606,SIN NOMBRE
61606,SIN NOMBRE,61606,SIN NOMBRE
61607,SOT DE LA GREVOLOSA,61608,SIN NOMBRE
61607,SOT DE LA GREVOLOSA,61609,SIN NOMBRE
61608,SIN NOMBRE,61608,SIN NOMBRE
61608,SIN NOMBRE,61609,SIN NOMBRE
61609,SIN NOMBRE,61608,SIN NOMBRE
61609,SIN NOMBRE,61609,SIN NOMBRE
61609,SIN NOMBRE,61610,SIN NOMBRE
61609,SIN NOMBRE,61611,SIN NOMBRE
61609,SIN NOMBRE,61612,SIN NOMBRE
61609,SIN NOMBRE,61613,SIN NOMBRE
61610,SIN NOMBRE,61610,SIN NOMBRE
61611,SIN NOMBRE,61611,SIN NOMBRE
61612,SIN NOMBRE,61612,SIN NOMBRE
61613,SIN NOMBRE,61613,SIN NOMBRE
61614,SIN NOMBRE,61614,SIN NOMBRE
61615,SIN NOMBRE,61615,SIN NOMBRE
61618,SOT D'AIGUASFREDA,61619,SIN NOMBRE
61618,SOT D'AIGUASFREDA,61620,SIN NOMBRE
61619,SIN NOMBRE,61619,SIN NOMBRE
61620,SIN NOMBRE,61620,SIN NOMBRE
61621,SIN NOMBRE,61621,SIN NOMBRE
61623,SOT DE LA NOGUEROLA,61625,SIN NOMBRE
61623,SOT DE LA NOGUEROLA,61626,SIN NOMBRE
61623,SOT DE LA NOGUEROLA,61627,SIN NOMBRE
61623,SOT DE LA NOGUEROLA,61628,SIN NOMBRE
61625,SIN NOMBRE,61625,SIN NOMBRE
61626,SIN NOMBRE,61626,SIN NOMBRE
61627,SIN NOMBRE,61627,SIN NOMBRE
61628,SIN NOMBRE,61628,SIN NOMBRE
61630,SIN NOMBRE,61630,SIN NOMBRE
61633,SIN NOMBRE,61633,SIN NOMBRE
61634,SIN NOMBRE,61634,SIN NOMBRE
61635,SIN NOMBRE,61635,SIN NOMBRE
61636,SIN NOMBRE,61636,SIN NOMBRE
61637,SIN NOMBRE,61637,SIN NOMBRE
61638,SIN NOMBRE,61638,SIN NOMBRE
61639,SIN NOMBRE,61639,SIN NOMBRE
61640,RIERA DE MAS CLAVER,61641,SIN NOMBRE
61641,SIN NOMBRE,61641,SIN NOMBRE
61642,SIN NOMBRE,61642,SIN NOMBRE
61643,SIN NOMBRE,61643,SIN NOMBRE
61644,SIN NOMBRE,61644,SIN NOMBRE
61645,TORRENT DE LA FONT DEL GAVATX,61646,SIN NOMBRE
61645,TORRENT DE LA FONT DEL GAVATX,61647,SIN NOMBRE
61645,TORRENT DE LA FONT DEL GAVATX,61648,SIN NOMBRE
61645,TORRENT DE LA FONT DEL GAVATX,61649,SIN NOMBRE
61645,TORRENT DE LA FONT DEL GAVATX,61650,SIN NOMBRE
61646,SIN NOMBRE,61646,SIN NOMBRE
61647,SIN NOMBRE,61647,SIN NOMBRE
61648,SIN NOMBRE,61648,SIN NOMBRE
61649,SIN NOMBRE,61649,SIN NOMBRE
61650,SIN NOMBRE,61650,SIN NOMBRE
61651,SIN NOMBRE,61651,SIN NOMBRE
61652,SIN NOMBRE,61652,SIN NOMBRE
61654,RIERA GRANDE,61658,SIN NOMBRE
61656,SOT DE LA BARRACA,61657,SIN NOMBRE
61657,SIN NOMBRE,61657,SIN NOMBRE
61658,SIN NOMBRE,61658,SIN NOMBRE
61659,RIERA DEL MOLI ROQUER,61662,SIN NOMBRE
61660,BARRANC DEL SALT DEL BOU,61661,SIN NOMBRE
61661,SIN NOMBRE,61661,SIN NOMBRE
61662,SIN NOMBRE,61662,SIN NOMBRE
61663,RIERA DE LA CAU,61664,SIN NOMBRE
61664,SIN NOMBRE,61664,SIN NOMBRE
61665,TORRENT DE LA MUNTANYA,61666,SIN NOMBRE
61666,SIN NOMBRE,61666,SIN NOMBRE
61667,RIERA DE FONT PICANT,61668,SIN NOMBRE
61667,RIERA DE FONT PICANT,61669,SIN NOMBRE
61667,RIERA DE FONT PICANT,61671,SIN NOMBRE
61668,SIN NOMBRE,61668,SIN NOMBRE
61669,SIN NOMBRE,61669,SIN NOMBRE
61670,RIERA DE LA FONT VELLA,61671,SIN NOMBRE
61671,SIN NOMBRE,61671,SIN NOMBRE
61673,SIN NOMBRE,61673,SIN NOMBRE
61674,TORRENT DE SALES,61675,SIN NOMBRE
61675,SIN NOMBRE,61675,SIN NOMBRE
61676,SIN NOMBRE,61676,SIN NOMBRE
61677,SIN NOMBRE,61677,SIN NOMBRE
61678,TORRENT DE RAJOLET,61679,SIN NOMBRE
61678,TORRENT DE RAJOLET,61680,SIN NOMBRE
61679,SIN NOMBRE,61679,SIN NOMBRE
61680,SIN NOMBRE,61680,SIN NOMBRE
61681,RIU BRUGUENT,61682,SIN NOMBRE
61681,RIU BRUGUENT,61683,SIN NOMBRE
61681,RIU BRUGUENT,61684,SIN NOMBRE
61681,RIU BRUGUENT,61689,SIN NOMBRE
61681,RIU BRUGUENT,61691,SIN NOMBRE
61681,RIU BRUGUENT,61692,SIN NOMBRE
61681,RIU BRUGUENT,61693,SIN NOMBRE
61681,RIU BRUGUENT,61694,SIN NOMBRE
61681,RIU BRUGUENT,61696,SIN NOMBRE
61681,RIU BRUGUENT,61701,SIN NOMBRE
61681,RIU BRUGUENT,61710,SIN NOMBRE
61681,RIU BRUGUENT,61711,SIN NOMBRE
61681,RIU BRUGUENT,61733,SIN NOMBRE
61681,RIU BRUGUENT,61734,SIN NOMBRE
61681,RIU BRUGUENT,61735,SIN NOMBRE
61681,RIU BRUGUENT,61748,SIN NOMBRE
61681,RIU BRUGUENT,61749,SIN NOMBRE
61681,RIU BRUGUENT,61750,SIN NOMBRE
61682,SIN NOMBRE,61682,SIN NOMBRE
61683,SIN NOMBRE,61683,SIN NOMBRE
61684,SIN NOMBRE,61684,SIN NOMBRE
61685,TORRENT DE ROCA-SALVA,61686,SIN NOMBRE
61685,TORRENT DE ROCA-SALVA,61687,SIN NOMBRE
61686,SIN NOMBRE,61686,SIN NOMBRE
61687,SIN NOMBRE,61687,SIN NOMBRE
61689,SIN NOMBRE,61689,SIN NOMBRE
61691,SIN NOMBRE,61691,SIN NOMBRE
61692,SIN NOMBRE,61692,SIN NOMBRE
61693,SIN NOMBRE,61693,SIN NOMBRE
61694,SIN NOMBRE,61694,SIN NOMBRE
61696,SIN NOMBRE,61696,SIN NOMBRE
61696,SIN NOMBRE,61697,SIN NOMBRE
61697,SIN NOMBRE,61697,SIN NOMBRE
61701,SIN NOMBRE,61701,SIN NOMBRE
61703,TORRENT DEL SIUBES,61705,SIN NOMBRE
61705,SIN NOMBRE,61705,SIN NOMBRE
61710,SIN NOMBRE,61710,SIN NOMBRE
61711,SIN NOMBRE,61711,SIN NOMBRE
61712,TORRENT DE FONT-ROJA,61713,SIN NOMBRE
61713,SIN NOMBRE,61713,SIN NOMBRE
61716,TORRENT DE LLAMECA,61717,SIN NOMBRE
61717,SIN NOMBRE,61717,SIN NOMBRE
61718,RIERA DE COGOLLS,61725,SIN NOMBRE
61718,RIERA DE COGOLLS,61726,SIN NOMBRE
61718,RIERA DE COGOLLS,61727,SIN NOMBRE
61718,RIERA DE COGOLLS,61728,SIN NOMBRE
61718,RIERA DE COGOLLS,61729,SIN NOMBRE
61720,TORRENT DE COGOLLS,61721,SIN NOMBRE
61720,TORRENT DE COGOLLS,61722,SIN NOMBRE
61721,SIN NOMBRE,61721,SIN NOMBRE
61722,SIN NOMBRE,61722,SIN NOMBRE
61725,SIN NOMBRE,61725,SIN NOMBRE
61726,SIN NOMBRE,61726,SIN NOMBRE
61727,SIN NOMBRE,61727,SIN NOMBRE
61728,SIN NOMBRE,61728,SIN NOMBRE
61729,SIN NOMBRE,61729,SIN NOMBRE
61730,TORRENT DE LA VILA,61731,SIN NOMBRE
61731,SIN NOMBRE,61731,SIN NOMBRE
61733,SIN NOMBRE,61733,SIN NOMBRE
61734,SIN NOMBRE,61734,SIN NOMBRE
61735,SIN NOMBRE,61735,SIN NOMBRE
61736,REC DE ROCALBA,61737,SIN NOMBRE
61737,SIN NOMBRE,61737,SIN NOMBRE
61738,TORRENT DEL BASTONS,61740,SIN NOMBRE
61738,TORRENT DEL BASTONS,61741,SIN NOMBRE
61738,TORRENT DEL BASTONS,61742,SIN NOMBRE
61738,TORRENT DEL BASTONS,61745,SIN NOMBRE
61740,SIN NOMBRE,61740,SIN NOMBRE
61741,SIN NOMBRE,61741,SIN NOMBRE
61742,SIN NOMBRE,61742,SIN NOMBRE
61745,SIN NOMBRE,61745,SIN NOMBRE
61746,RIERA DE LA FABREGA,61747,SIN NOMBRE
61747,SIN NOMBRE,61747,SIN NOMBRE
61748,SIN NOMBRE,61748,SIN NOMBRE
61749,SIN NOMBRE,61749,SIN NOMBRE
61750,SIN NOMBRE,61750,SIN NOMBRE
61753,RIERA DE SANT ISCLE,61757,SIN NOMBRE
61753,RIERA DE SANT ISCLE,61760,SIN NOMBRE
61757,SIN NOMBRE,61757,SIN NOMBRE
61760,SIN NOMBRE,61760,SIN NOMBRE
61764,SIN NOMBRE,61764,SIN NOMBRE
61765,TORRENT DEL GORNERS,61766,SIN NOMBRE
61765,TORRENT DEL GORNERS,61767,SIN NOMBRE
61766,SIN NOMBRE,61766,SIN NOMBRE
61767,SIN NOMBRE,61767,SIN NOMBRE
61770,SIN NOMBRE,61770,SIN NOMBRE
61771,SOT DE LA TRIOLA,61772,SIN NOMBRE
61772,SIN NOMBRE,61772,SIN NOMBRE
61773,SIN NOMBRE,61773,SIN NOMBRE
61774,SIN NOMBRE,61774,SIN NOMBRE
61775,SIN NOMBRE,61775,SIN NOMBRE
61778,SIN NOMBRE,61778,SIN NOMBRE
61780,SOT DE L'ENCONTORN,61781,SIN NOMBRE
61781,SIN NOMBRE,61781,SIN NOMBRE
61782,TORRENT DE SANT MARTI,61783,SIN NOMBRE
61782,TORRENT DE SANT MARTI,61784,SIN NOMBRE
61783,SIN NOMBRE,61783,SIN NOMBRE
61784,SIN NOMBRE,61784,SIN NOMBRE
61785,RIERA DE L'OM,61786,SIN NOMBRE
61785,RIERA DE L'OM,61787,SIN NOMBRE
61785,RIERA DE L'OM,61788,SIN NOMBRE
61785,RIERA DE L'OM,61789,SIN NOMBRE
61785,RIERA DE L'OM,61790,SIN NOMBRE
61785,RIERA DE L'OM,61791,SIN NOMBRE
61786,SIN NOMBRE,61786,SIN NOMBRE
61787,SIN NOMBRE,61787,SIN NOMBRE
61788,SIN NOMBRE,61788,SIN NOMBRE
61789,SIN NOMBRE,61789,SIN NOMBRE
61790,SIN NOMBRE,61790,SIN NOMBRE
61791,SIN NOMBRE,61791,SIN NOMBRE
61796,TORRENT DE LA LLUCA,61814,SIN NOMBRE
61796,TORRENT DE LA LLUCA,61815,SIN NOMBRE
61798,TORRENT MAL,61799,SIN NOMBRE
61799,SIN NOMBRE,61799,SIN NOMBRE
61802,TORRENT DE PINOS,61803,SIN NOMBRE
61803,SIN NOMBRE,61803,SIN NOMBRE
61804,TORRENT DE LES VILES,61805,SIN NOMBRE
61804,TORRENT DE LES VILES,61806,SIN NOMBRE
61805,SIN NOMBRE,61805,SIN NOMBRE
61805,SIN NOMBRE,61806,SIN NOMBRE
61806,SIN NOMBRE,61805,SIN NOMBRE
61806,SIN NOMBRE,61806,SIN NOMBRE
61807,TORRENT DEL COLLELL,61813,SIN NOMBRE
61809,TORRENT DE LA SERRA,61810,SIN NOMBRE
61810,SIN NOMBRE,61810,SIN NOMBRE
61811,TORRENT DE L'ALOU,61812,SIN NOMBRE
61812,SIN NOMBRE,61812,SIN NOMBRE
61813,SIN NOMBRE,61813,SIN NOMBRE
61814,SIN NOMBRE,61814,SIN NOMBRE
61815,SIN NOMBRE,61815,SIN NOMBRE
61816,TORRENT DE BENEGRE,61817,SIN NOMBRE
61817,SIN NOMBRE,61817,SIN NOMBRE
61823,SIN NOMBRE,61823,SIN NOMBRE
61827,SIN NOMBRE,61827,SIN NOMBRE
61828,SOT DE SERRALLONGA,61829,SIN NOMBRE
61828,SOT DE SERRALLONGA,61830,SIN NOMBRE
61829,SIN NOMBRE,61829,SIN NOMBRE
61829,SIN NOMBRE,61830,SIN NOMBRE
61830,SIN NOMBRE,61829,SIN NOMBRE
61830,SIN NOMBRE,61830,SIN NOMBRE
61831,SIN NOMBRE,61831,SIN NOMBRE
61832,SIN NOMBRE,61832,SIN NOMBRE
61833,RIERA DE QUEROS,61838,SIN NOMBRE
61834,SOT DE L'ALBADIA,61835,SIN NOMBRE
61835,SIN NOMBRE,61835,SIN NOMBRE
61838,SIN NOMBRE,61838,SIN NOMBRE
61840,SIN NOMBRE,61840,SIN NOMBRE
61841,TORRENT DE LES PIPES,61843,SIN NOMBRE
61843,SIN NOMBRE,61843,SIN NOMBRE
61844,SOT DEL TEIX,61845,SIN NOMBRE
61845,SIN NOMBRE,61845,SIN NOMBRE
61848,RIU PREGON,61852,SIN NOMBRE
61848,RIU PREGON,61853,SIN NOMBRE
61848,RIU PREGON,61854,SIN NOMBRE
61848,RIU PREGON,61855,SIN NOMBRE
61850,TORRENT DE COMA FERRERA,61851,SIN NOMBRE
61851,SIN NOMBRE,61851,SIN NOMBRE
61852,SIN NOMBRE,61852,SIN NOMBRE
61853,SIN NOMBRE,61853,SIN NOMBRE
61854,SIN NOMBRE,61854,SIN NOMBRE
61855,SIN NOMBRE,61855,SIN NOMBRE
61856,TORRENT DE L'AIGUARDENT,61857,SIN NOMBRE
61856,TORRENT DE L'AIGUARDENT,61858,SIN NOMBRE
61857,SIN NOMBRE,61857,SIN NOMBRE
61858,SIN NOMBRE,61858,SIN NOMBRE
61861,RIERA MAJOR,61867,SIN NOMBRE
61861,RIERA MAJOR,61888,SIN NOMBRE
61861,RIERA MAJOR,61901,SIN NOMBRE
61861,RIERA MAJOR,61921,SIN NOMBRE
61861,RIERA MAJOR,61934,SIN NOMBRE
61861,RIERA MAJOR,61935,SIN NOMBRE
61861,RIERA MAJOR,61949,SIN NOMBRE
61861,RIERA MAJOR,61959,SIN NOMBRE
61861,RIERA MAJOR,61960,SIN NOMBRE
61861,RIERA MAJOR,61961,SIN NOMBRE
61861,RIERA MAJOR,61962,SIN NOMBRE
61862,TORRENT DE SACODINA,61863,SIN NOMBRE
61862,TORRENT DE SACODINA,61864,SIN NOMBRE
61863,SIN NOMBRE,61863,SIN NOMBRE
61864,SIN NOMBRE,61864,SIN NOMBRE
61867,SIN NOMBRE,61867,SIN NOMBRE
61869,SOT DELS VIMETERS,61870,SIN NOMBRE
61870,SIN NOMBRE,61870,SIN NOMBRE
61872,RIERA DE CASTANYEDELL,61873,SIN NOMBRE
61872,RIERA DE CASTANYEDELL,61874,SIN NOMBRE
61872,RIERA DE CASTANYEDELL,61878,SIN NOMBRE
61873,SIN NOMBRE,61873,SIN NOMBRE
61874,SIN NOMBRE,61874,SIN NOMBRE
61876,SOT DE LES BASSES,61877,SIN NOMBRE
61877,SIN NOMBRE,61877,SIN NOMBRE
61878,SIN NOMBRE,61878,SIN NOMBRE
61879,RIERA DE TORRENTS,61881,SIN NOMBRE
61879,RIERA DE TORRENTS,61882,SIN NOMBRE
61881,SIN NOMBRE,61881,SIN NOMBRE
61882,SIN NOMBRE,61882,SIN NOMBRE
61884,TORRENT DE LA FONT D'EN MARTI,61886,SIN NOMBRE
61886,SIN NOMBRE,61886,SIN NOMBRE
61888,SIN NOMBRE,61888,SIN NOMBRE
61889,RIERA DE CAN FAIRE,61890,SIN NOMBRE
61889,RIERA DE CAN FAIRE,61892,SIN NOMBRE
61890,SIN NOMBRE,61890,SIN NOMBRE
61892,SIN NOMBRE,61892,SIN NOMBRE
61893,TORRENT DE CAN DODES,61894,SIN NOMBRE
61893,TORRENT DE CAN DODES,61900,SIN NOMBRE
61894,SIN NOMBRE,61894,SIN NOMBRE
61900,SIN NOMBRE,61900,SIN NOMBRE
61901,SIN NOMBRE,61901,SIN NOMBRE
61905,RIERA D'ESPINELVES,61906,SIN NOMBRE
61905,RIERA D'ESPINELVES,61907,SIN NOMBRE
61905,RIERA D'ESPINELVES,61908,SIN NOMBRE
61905,RIERA D'ESPINELVES,61914,SIN NOMBRE
61905,RIERA D'ESPINELVES,61915,SIN NOMBRE
61905,RIERA D'ESPINELVES,61916,SIN NOMBRE
61906,SIN NOMBRE,61906,SIN NOMBRE
61907,SIN NOMBRE,61907,SIN NOMBRE
61908,SIN NOMBRE,61908,SIN NOMBRE
61912,SOT DE CUBELLS,61913,SIN NOMBRE
61913,SIN NOMBRE,61913,SIN NOMBRE
61914,SIN NOMBRE,61914,SIN NOMBRE
61915,SIN NOMBRE,61915,SIN NOMBRE
61916,SIN NOMBRE,61916,SIN NOMBRE
61917,SOT DE CAN GALL,61919,SIN NOMBRE
61917,SOT DE CAN GALL,61920,SIN NOMBRE
61919,SIN NOMBRE,61919,SIN NOMBRE
61920,SIN NOMBRE,61920,SIN NOMBRE
61921,SIN NOMBRE,61921,SIN NOMBRE
61922,TORRENT DE LA VERNEDA,61923,SIN NOMBRE
61923,SIN NOMBRE,61923,SIN NOMBRE
61925,SOT DEL PLA DE BRUGUEROLA,61926,SIN NOMBRE
61926,SIN NOMBRE,61926,SIN NOMBRE
61927,RIERA DE LES CORTS,61928,SIN NOMBRE
61927,RIERA DE LES CORTS,61930,SIN NOMBRE
61928,SIN NOMBRE,61928,SIN NOMBRE
61930,SIN NOMBRE,61930,SIN NOMBRE
61934,SIN NOMBRE,61934,SIN NOMBRE
61935,SIN NOMBRE,61935,SIN NOMBRE
61936,TORRENT DEL VILAR,61937,SIN NOMBRE
61937,SIN NOMBRE,61937,SIN NOMBRE
61940,TORRENT DEL VILAR,61942,SIN NOMBRE
61940,TORRENT DEL VILAR,61943,SIN NOMBRE
61942,SIN NOMBRE,61942,SIN NOMBRE
61943,SIN NOMBRE,61943,SIN NOMBRE
61944,SOT DE SALLENT,61945,SIN NOMBRE
61944,SOT DE SALLENT,61946,SIN NOMBRE
61944,SOT DE SALLENT,61947,SIN NOMBRE
61945,SIN NOMBRE,61945,SIN NOMBRE
61946,SIN NOMBRE,61946,SIN NOMBRE
61947,SIN NOMBRE,61947,SIN NOMBRE
61949,SIN NOMBRE,61949,SIN NOMBRE
61952,TORRENT FONT POMERETA,61953,SIN NOMBRE
61953,SIN NOMBRE,61953,SIN NOMBRE
61959,SIN NOMBRE,61959,SIN NOMBRE
61960,SIN NOMBRE,61960,SIN NOMBRE
61961,SIN NOMBRE,61961,SIN NOMBRE
61962,SIN NOMBRE,61962,SIN NOMBRE
61968,SIN NOMBRE,61968,SIN NOMBRE
61971,TORRENT DE LES FAGEDES,61972,SIN NOMBRE
61971,TORRENT DE LES FAGEDES,61973,SIN NOMBRE
61971,TORRENT DE LES FAGEDES,61979,SIN NOMBRE
61972,SIN NOMBRE,61972,SIN NOMBRE
61973,SIN NOMBRE,61973,SIN NOMBRE
61974,TORRENT DELS ROMANINS,61975,SIN NOMBRE
61975,SIN NOMBRE,61975,SIN NOMBRE
61977,TORRENT DE LA POLLEDA,61978,SIN NOMBRE
61978,SIN NOMBRE,61978,SIN NOMBRE
61979,SIN NOMBRE,61979,SIN NOMBRE
61980,TORRENT SEC,61981,SIN NOMBRE
61981,SIN NOMBRE,61981,SIN NOMBRE
61983,SIN NOMBRE,61983,SIN NOMBRE
61984,SIN NOMBRE,61984,SIN NOMBRE
61985,SIN NOMBRE,61985,SIN NOMBRE
61989,TORRENT DE LA FONT DE LA VENA,61990,SIN NOMBRE
61990,SIN NOMBRE,61990,SIN NOMBRE
61996,TORRENT DE BALA,61999,SIN NOMBRE
61999,SIN NOMBRE,61999,SIN NOMBRE
62001,SIN NOMBRE,62001,SIN NOMBRE
62002,SIN NOMBRE,62002,SIN NOMBRE
62003,SIN NOMBRE,62003,SIN NOMBRE
62004,TORRENT DE LES CONQUES,62009,SIN NOMBRE
62009,SIN NOMBRE,62009,SIN NOMBRE
62010,RIERA DE SANT L'HORTA MARTI,62038,SIN NOMBRE
62012,RIERA DE LES GORGUES,62013,SIN NOMBRE
62012,RIERA DE LES GORGUES,62015,SIN NOMBRE
62012,RIERA DE LES GORGUES,62023,SIN NOMBRE
62013,SIN NOMBRE,62013,SIN NOMBRE
62015,SIN NOMBRE,62015,SIN NOMBRE
62018,TORRENT DE LA PARRA,62019,SIN NOMBRE
62018,TORRENT DE LA PARRA,62020,SIN NOMBRE
62019,SIN NOMBRE,62019,SIN NOMBRE
62020,SIN NOMBRE,62020,SIN NOMBRE
62021,TORRENT DE FILABORRES,62022,SIN NOMBRE
62022,SIN NOMBRE,62022,SIN NOMBRE
62023,SIN NOMBRE,62023,SIN NOMBRE
62024,TORRENT DE LA ROTLLADA,62029,SIN NOMBRE
62025,RIERA DE SANT JULIA,62027,SIN NOMBRE
62025,RIERA DE SANT JULIA,62028,SIN NOMBRE
62027,SIN NOMBRE,62027,SIN NOMBRE
62028,SIN NOMBRE,62028,SIN NOMBRE
62029,SIN NOMBRE,62029,SIN NOMBRE
62031,TORRENT DEL PUIG,62032,SIN NOMBRE
62031,TORRENT DEL PUIG,62034,SIN NOMBRE
62032,SIN NOMBRE,62032,SIN NOMBRE
62034,SIN NOMBRE,62034,SIN NOMBRE
62035,TORRENT DE LA FONT DE L'OM,62036,SIN NOMBRE
62035,TORRENT DE LA FONT DE L'OM,62037,SIN NOMBRE
62036,SIN NOMBRE,62036,SIN NOMBRE
62037,SIN NOMBRE,62037,SIN NOMBRE
62038,SIN NOMBRE,62038,SIN NOMBRE
62042,REC DE LA SALA,62043,SIN NOMBRE
62043,SIN NOMBRE,62043,SIN NOMBRE
62047,TORRENT DE FABREGA,62048,SIN NOMBRE
62047,TORRENT DE FABREGA,62049,SIN NOMBRE
62048,SIN NOMBRE,62048,SIN NOMBRE
62049,SIN NOMBRE,62049,SIN NOMBRE
62050,SIN NOMBRE,62050,SIN NOMBRE
62051,TORRENT DE L'INFERN,62052,SIN NOMBRE
62052,SIN NOMBRE,62052,SIN NOMBRE
62062,TORRENT DE LLAFRENCA O DE CASES NOVES,62063,SIN NOMBRE
62063,SIN NOMBRE,62063,SIN NOMBRE
62064,RIERA DE TAVERNOLES,62065,SIN NOMBRE
62064,RIERA DE TAVERNOLES,62066,SIN NOMBRE
62064,RIERA DE TAVERNOLES,62067,SIN NOMBRE
62065,SIN NOMBRE,62065,SIN NOMBRE
62066,SIN NOMBRE,62066,SIN NOMBRE
62067,SIN NOMBRE,62067,SIN NOMBRE
62068,SIN NOMBRE,62068,SIN NOMBRE
62069,RIU GURRI,62098,SIN NOMBRE
62069,RIU GURRI,62202,SIN NOMBRE
62069,RIU GURRI,62208,SIN NOMBRE
62069,RIU GURRI,62209,SIN NOMBRE
62069,RIU GURRI,62210,SIN NOMBRE
62069,RIU GURRI,62211,SIN NOMBRE
62070,TORRENT DE FOLGUEROLES,62071,SIN NOMBRE
62070,TORRENT DE FOLGUEROLES,62072,SIN NOMBRE
62070,TORRENT DE FOLGUEROLES,62075,SIN NOMBRE
62070,TORRENT DE FOLGUEROLES,62076,SIN NOMBRE
62071,SIN NOMBRE,62071,SIN NOMBRE
62072,SIN NOMBRE,62072,SIN NOMBRE
62073,TORRENT DEL CEMENTERI,62074,SIN NOMBRE
62074,SIN NOMBRE,62074,SIN NOMBRE
62075,SIN NOMBRE,62075,SIN NOMBRE
62076,SIN NOMBRE,62076,SIN NOMBRE
62077,REC DE L'AIGUOL,62078,SIN NOMBRE
62077,REC DE L'AIGUOL,62079,SIN NOMBRE
62078,SIN NOMBRE,62078,SIN NOMBRE
62079,SIN NOMBRE,62079,SIN NOMBRE
62080,RIERA DE REMINTOL,62081,SIN NOMBRE
62080,RIERA DE REMINTOL,62086,SIN NOMBRE
62080,RIERA DE REMINTOL,62088,SIN NOMBRE
62080,RIERA DE REMINTOL,62089,SIN NOMBRE
62080,RIERA DE REMINTOL,62093,SIN NOMBRE
62080,RIERA DE REMINTOL,62094,SIN NOMBRE
62080,RIERA DE REMINTOL,62096,SIN NOMBRE
62080,RIERA DE REMINTOL,62097,SIN NOMBRE
62081,SIN NOMBRE,62081,SIN NOMBRE
62086,SIN NOMBRE,62086,SIN NOMBRE
62088,SIN NOMBRE,62088,SIN NOMBRE
62089,SIN NOMBRE,62089,SIN NOMBRE
62093,SIN NOMBRE,62093,SIN NOMBRE
62094,SIN NOMBRE,62094,SIN NOMBRE
62096,SIN NOMBRE,62096,SIN NOMBRE
62097,SIN NOMBRE,62097,SIN NOMBRE
62098,SIN NOMBRE,62098,SIN NOMBRE
62099,TORRENT DE SANT MARTI O RIERA DE SANT JULIA,62102,SIN NOMBRE
62099,TORRENT DE SANT MARTI O RIERA DE SANT JULIA,62104,SIN NOMBRE
62099,TORRENT DE SANT MARTI O RIERA DE SANT JULIA,62108,SIN NOMBRE
62099,TORRENT DE SANT MARTI O RIERA DE SANT JULIA,62109,SIN NOMBRE
62100,TORRENT DE LA SERRA,62101,SIN NOMBRE
62101,SIN NOMBRE,62101,SIN NOMBRE
62102,SIN NOMBRE,62102,SIN NOMBRE
62104,SIN NOMBRE,62104,SIN NOMBRE
62106,SOT DELS BALBS,62107,SIN NOMBRE
62107,SIN NOMBRE,62107,SIN NOMBRE
62108,SIN NOMBRE,62108,SIN NOMBRE
62109,SIN NOMBRE,62109,SIN NOMBRE
62110,REC DE FONTANELLES,62111,SIN NOMBRE
62110,REC DE FONTANELLES,62112,SIN NOMBRE
62111,SIN NOMBRE,62111,SIN NOMBRE
62111,SIN NOMBRE,62112,SIN NOMBRE
62112,SIN NOMBRE,62111,SIN NOMBRE
62112,SIN NOMBRE,62112,SIN NOMBRE
62113,RIU MEDER,62114,SIN NOMBRE
62113,RIU MEDER,62153,SIN NOMBRE
62113,RIU MEDER,62154,SIN NOMBRE
62113,RIU MEDER,62155,SIN NOMBRE
62113,RIU MEDER,62156,SIN NOMBRE
62113,RIU MEDER,62157,SIN NOMBRE
62114,SIN NOMBRE,62114,SIN NOMBRE
62115,RIERA DE SANT JOAN DE GALI,62116,SIN NOMBRE
62115,RIERA DE SANT JOAN DE GALI,62117,SIN NOMBRE
62115,RIERA DE SANT JOAN DE GALI,62118,SIN NOMBRE
62116,SIN NOMBRE,62116,SIN NOMBRE
62117,SIN NOMBRE,62117,SIN NOMBRE
62118,SIN NOMBRE,62118,SIN NOMBRE
62121,RIERA DE LA FONT SALADA,62123,SIN NOMBRE
62123,SIN NOMBRE,62123,SIN NOMBRE
62135,RIERA DE MUNTANYOLA,62142,SIN NOMBRE
62135,RIERA DE MUNTANYOLA,62143,SIN NOMBRE
62142,SIN NOMBRE,62142,SIN NOMBRE
62143,SIN NOMBRE,62143,SIN NOMBRE
62145,RIERA DE TARRADELLES,62147,SIN NOMBRE
62147,SIN NOMBRE,62147,SIN NOMBRE
62149,TORRENT DEL SOLER,62150,SIN NOMBRE
62150,SIN NOMBRE,62150,SIN NOMBRE
62153,SIN NOMBRE,62153,SIN NOMBRE
62154,SIN NOMBRE,62154,SIN NOMBRE
62155,SIN NOMBRE,62155,SIN NOMBRE
62156,SIN NOMBRE,62156,SIN NOMBRE
62157,SIN NOMBRE,62157,SIN NOMBRE
62160,TORRENT DEL BARO,62161,SIN NOMBRE
62161,SIN NOMBRE,62161,SIN NOMBRE
62162,TORRENT DE SANT JAUME,62164,SIN NOMBRE
62162,TORRENT DE SANT JAUME,62165,SIN NOMBRE
62164,SIN NOMBRE,62164,SIN NOMBRE
62165,SIN NOMBRE,62165,SIN NOMBRE
62167,RIERA DE VILALLEONS,62168,SIN NOMBRE
62167,RIERA DE VILALLEONS,62171,SIN NOMBRE
62167,RIERA DE VILALLEONS,62174,SIN NOMBRE
62168,SIN NOMBRE,62168,SIN NOMBRE
62169,TORRENT DE SANTA EUGENIA,62170,SIN NOMBRE
62170,SIN NOMBRE,62170,SIN NOMBRE
62171,SIN NOMBRE,62171,SIN NOMBRE
62172,TORRENT DE ROCA FARIGOLA,62173,SIN NOMBRE
62173,SIN NOMBRE,62173,SIN NOMBRE
62174,SIN NOMBRE,62174,SIN NOMBRE
62175,TORRENT DE SANT CUGAT O RIERA DE TONA,62176,SIN NOMBRE
62175,TORRENT DE SANT CUGAT O RIERA DE TONA,62185,SIN NOMBRE
62176,SIN NOMBRE,62176,SIN NOMBRE
62178,RIERA DE MUNTER,62180,SIN NOMBRE
62178,RIERA DE MUNTER,62181,SIN NOMBRE
62178,RIERA DE MUNTER,62182,SIN NOMBRE
62180,SIN NOMBRE,62180,SIN NOMBRE
62181,SIN NOMBRE,62181,SIN NOMBRE
62182,SIN NOMBRE,62182,SIN NOMBRE
62183,TORRENT DE SEGALERS,62184,SIN NOMBRE
62184,SIN NOMBRE,62184,SIN NOMBRE
62185,SIN NOMBRE,62185,SIN NOMBRE
62190,RIERA MANSA,62193,SIN NOMBRE
62193,SIN NOMBRE,62193,SIN NOMBRE
62195,TORRENT DE L'ALBEREDA,62196,SIN NOMBRE
62195,TORRENT DE L'ALBEREDA,62197,SIN NOMBRE
62196,SIN NOMBRE,62196,SIN NOMBRE
62197,SIN NOMBRE,62197,SIN NOMBRE
62200,TORRENTERA DE GASALA,62201,SIN NOMBRE
62201,SIN NOMBRE,62201,SIN NOMBRE
62202,SIN NOMBRE,62202,SIN NOMBRE
62204,TORRENT DE LES PLANES,62205,SIN NOMBRE
62204,TORRENT DE LES PLANES,62206,SIN NOMBRE
62204,TORRENT DE LES PLANES,62207,SIN NOMBRE
62205,SIN NOMBRE,62205,SIN NOMBRE
62206,SIN NOMBRE,62206,SIN NOMBRE
62207,SIN NOMBRE,62207,SIN NOMBRE
62208,SIN NOMBRE,62208,SIN NOMBRE
62209,SIN NOMBRE,62209,SIN NOMBRE
62210,SIN NOMBRE,62210,SIN NOMBRE
62211,SIN NOMBRE,62211,SIN NOMBRE
62212,SOT DELS AIGOLS,62213,SIN NOMBRE
62213,SIN NOMBRE,62213,SIN NOMBRE
62216,REC DE CASADAVALL,62217,SIN NOMBRE
62217,SIN NOMBRE,62217,SIN NOMBRE
62219,SIN NOMBRE,62219,SIN NOMBRE
62223,RIERA DE SORREIGS,62224,SIN NOMBRE
62223,RIERA DE SORREIGS,62228,SIN NOMBRE
62223,RIERA DE SORREIGS,62244,SIN NOMBRE
62223,RIERA DE SORREIGS,62247,SIN NOMBRE
62223,RIERA DE SORREIGS,62254,SIN NOMBRE
62224,SIN NOMBRE,62224,SIN NOMBRE
62225,TORRENT DE CAN SAGARMANTA,62226,SIN NOMBRE
62226,SIN NOMBRE,62226,SIN NOMBRE
62228,SIN NOMBRE,62228,SIN NOMBRE
62231,REC DE LA TUTA O DE LA TURA,62232,SIN NOMBRE
62232,SIN NOMBRE,62232,SIN NOMBRE
62244,SIN NOMBRE,62244,SIN NOMBRE
62245,REC DEL PURGATORI,62246,SIN NOMBRE
62246,SIN NOMBRE,62246,SIN NOMBRE
62247,SIN NOMBRE,62247,SIN NOMBRE
62249,TORRENT DE PRATS,62251,SIN NOMBRE
62251,SIN NOMBRE,62251,SIN NOMBRE
62254,SIN NOMBRE,62254,SIN NOMBRE
62256,TORRENT DEL CORRAL,62257,SIN NOMBRE
62257,SIN NOMBRE,62257,SIN NOMBRE
62258,SIN NOMBRE,62258,SIN NOMBRE
62263,SIN NOMBRE,62263,SIN NOMBRE
62265,RIERA DE TALAMANCA,62268,SIN NOMBRE
62265,RIERA DE TALAMANCA,62269,SIN NOMBRE
62265,RIERA DE TALAMANCA,62270,SIN NOMBRE
62268,SIN NOMBRE,62268,SIN NOMBRE
62269,SIN NOMBRE,62269,SIN NOMBRE
62270,SIN NOMBRE,62270,SIN NOMBRE
62279,RIU GES,62280,SIN NOMBRE
62279,RIU GES,62321,SIN NOMBRE
62279,RIU GES,62322,SIN NOMBRE
62279,RIU GES,62323,SIN NOMBRE
62279,RIU GES,62324,SIN NOMBRE
62279,RIU GES,62325,SIN NOMBRE
62279,RIU GES,62326,SIN NOMBRE
62279,RIU GES,62329,SIN NOMBRE
62279,RIU GES,62344,SIN NOMBRE
62280,SIN NOMBRE,62280,SIN NOMBRE
62283,TORRENT DE L'ANIJOL,62284,SIN NOMBRE
62283,TORRENT DE L'ANIJOL,62287,SIN NOMBRE
62284,SIN NOMBRE,62284,SIN NOMBRE
62285,TORRENT DE LA GUSPINERA,62286,SIN NOMBRE
62286,SIN NOMBRE,62286,SIN NOMBRE
62287,SIN NOMBRE,62287,SIN NOMBRE
62288,TORRENT DEL PUJOL,62289,SIN NOMBRE
62288,TORRENT DEL PUJOL,62290,SIN NOMBRE
62289,SIN NOMBRE,62289,SIN NOMBRE
62290,SIN NOMBRE,62290,SIN NOMBRE
62291,RIU FORNES,62292,SIN NOMBRE
62291,RIU FORNES,62299,SIN NOMBRE
62291,RIU FORNES,62305,SIN NOMBRE
62291,RIU FORNES,62310,SIN NOMBRE
62291,RIU FORNES,62313,SIN NOMBRE
62291,RIU FORNES,62314,SIN NOMBRE
62291,RIU FORNES,62315,SIN NOMBRE
62291,RIU FORNES,62316,SIN NOMBRE
62291,RIU FORNES,62318,SIN NOMBRE
62292,SIN NOMBRE,62292,SIN NOMBRE
62299,SIN NOMBRE,62299,SIN NOMBRE
62303,TORRENT DE SERRAMALA,62304,SIN NOMBRE
62304,SIN NOMBRE,62304,SIN NOMBRE
62305,SIN NOMBRE,62305,SIN NOMBRE
62306,TORRENT DE LA COMA DEL COLL,62308,SIN NOMBRE
62308,SIN NOMBRE,62308,SIN NOMBRE
62310,SIN NOMBRE,62310,SIN NOMBRE
62311,TORRENT DEL CANTINELL,62312,SIN NOMBRE
62312,SIN NOMBRE,62312,SIN NOMBRE
62313,SIN NOMBRE,62313,SIN NOMBRE
62314,SIN NOMBRE,62314,SIN NOMBRE
62315,SIN NOMBRE,62315,SIN NOMBRE
62316,SIN NOMBRE,62316,SIN NOMBRE
62318,SIN NOMBRE,62318,SIN NOMBRE
62321,SIN NOMBRE,62321,SIN NOMBRE
62322,SIN NOMBRE,62322,SIN NOMBRE
62323,SIN NOMBRE,62323,SIN NOMBRE
62324,SIN NOMBRE,62324,SIN NOMBRE
62325,SIN NOMBRE,62325,SIN NOMBRE
62326,SIN NOMBRE,62326,SIN NOMBRE
62329,SIN NOMBRE,62329,SIN NOMBRE
62331,RIEROL DE VILA VELLA,62332,SIN NOMBRE
62331,RIEROL DE VILA VELLA,62333,SIN NOMBRE
62332,SIN NOMBRE,62332,SIN NOMBRE
62333,SIN NOMBRE,62333,SIN NOMBRE
62334,RIERA DE SANT BARTOMEU,62335,SIN NOMBRE
62334,RIERA DE SANT BARTOMEU,62338,SIN NOMBRE
62334,RIERA DE SANT BARTOMEU,62341,SIN NOMBRE
62335,SIN NOMBRE,62335,SIN NOMBRE
62336,TORRENT DELS AIGOLS,62337,SIN NOMBRE
62337,SIN NOMBRE,62337,SIN NOMBRE
62338,SIN NOMBRE,62338,SIN NOMBRE
62341,SIN NOMBRE,62341,SIN NOMBRE
62342,RIEROL DE TORRENTS,62343,SIN NOMBRE
62343,SIN NOMBRE,62343,SIN NOMBRE
62344,SIN NOMBRE,62344,SIN NOMBRE
62344,SIN NOMBRE,62345,SIN NOMBRE
62345,SIN NOMBRE,62345,SIN NOMBRE
62346,RIERA DEL TOLL,62344,SIN NOMBRE
62346,RIERA DEL TOLL,62347,SIN NOMBRE
62347,SIN NOMBRE,62347,SIN NOMBRE
62349,RIERA DE SIURET,62350,SIN NOMBRE
62350,SIN NOMBRE,62350,SIN NOMBRE
62352,TORRENT DE COLLFRED,62353,SIN NOMBRE
62353,SIN NOMBRE,62353,SIN NOMBRE
62357,SIN NOMBRE,62357,SIN NOMBRE
62363,TORRENT DE LA FONT ANTIGA,62364,SIN NOMBRE
62363,TORRENT DE LA FONT ANTIGA,62365,SIN NOMBRE
62364,SIN NOMBRE,62364,SIN NOMBRE
62365,SIN NOMBRE,62365,SIN NOMBRE
62367,TORRENT DE LA ROMPUDA,62368,SIN NOMBRE
62368,SIN NOMBRE,62368,SIN NOMBRE
62369,TORRENT DE SADERRA,62370,SIN NOMBRE
62370,SIN NOMBRE,62370,SIN NOMBRE
62373,TORRENT DE BOSQUETELL,62374,SIN NOMBRE
62374,SIN NOMBRE,62374,SIN NOMBRE
62381,TORRENT DEL NOGUER,62382,SIN NOMBRE
62381,TORRENT DEL NOGUER,62383,SIN NOMBRE
62382,SIN NOMBRE,62382,SIN NOMBRE
62382,SIN NOMBRE,62383,SIN NOMBRE
62383,SIN NOMBRE,62382,SIN NOMBRE
62383,SIN NOMBRE,62383,SIN NOMBRE
62384,RIERA DE LES DOUS,62389,SIN NOMBRE
62384,RIERA DE LES DOUS,62390,SIN NOMBRE
62384,RIERA DE LES DOUS,62391,SIN NOMBRE
62385,RIERA DE CLARELLA,62386,SIN NOMBRE
62385,RIERA DE CLARELLA,62388,SIN NOMBRE
62386,SIN NOMBRE,62386,SIN NOMBRE
62388,SIN NOMBRE,62388,SIN NOMBRE
62389,SIN NOMBRE,62389,SIN NOMBRE
62390,SIN NOMBRE,62390,SIN NOMBRE
62391,SIN NOMBRE,62391,SIN NOMBRE
62393,RIERA DE CUSSONS,62394,SIN NOMBRE
62393,RIERA DE CUSSONS,62398,SIN NOMBRE
62393,RIERA DE CUSSONS,62399,SIN NOMBRE
62394,SIN NOMBRE,62394,SIN NOMBRE
62398,SIN NOMBRE,62398,SIN NOMBRE
62399,SIN NOMBRE,62399,SIN NOMBRE
62401,REC DE LA FONT DE MORES,62402,SIN NOMBRE
62402,SIN NOMBRE,62402,SIN NOMBRE
62403,RIERA DE LA SOLANA,62404,SIN NOMBRE
62404,SIN NOMBRE,62404,SIN NOMBRE
62405,RIERA DELS FERRERS,62406,SIN NOMBRE
62405,RIERA DELS FERRERS,62407,SIN NOMBRE
62405,RIERA DELS FERRERS,62408,SIN NOMBRE
62406,SIN NOMBRE,62406,SIN NOMBRE
62407,SIN NOMBRE,62407,SIN NOMBRE
62408,SIN NOMBRE,62408,SIN NOMBRE
62409,SIN NOMBRE,62409,SIN NOMBRE
62410,RIERA DE SORA,62411,SIN NOMBRE
62410,RIERA DE SORA,62412,SIN NOMBRE
62410,RIERA DE SORA,62413,SIN NOMBRE
62410,RIERA DE SORA,62421,SIN NOMBRE
62410,RIERA DE SORA,62425,SIN NOMBRE
62410,RIERA DE SORA,62426,SIN NOMBRE
62411,SIN NOMBRE,62411,SIN NOMBRE
62412,SIN NOMBRE,62412,SIN NOMBRE
62413,SIN NOMBRE,62413,SIN NOMBRE
62415,REC DEL PLA D'EN BUTXACA,62416,SIN NOMBRE
62416,SIN NOMBRE,62416,SIN NOMBRE
62418,REC DE LA FEIXA D'EN TUBAU,62420,SIN NOMBRE
62420,SIN NOMBRE,62420,SIN NOMBRE
62421,SIN NOMBRE,62421,SIN NOMBRE
62425,SIN NOMBRE,62425,SIN NOMBRE
62426,SIN NOMBRE,62426,SIN NOMBRE
62426,SIN NOMBRE,62427,SIN NOMBRE
62427,SIN NOMBRE,62427,SIN NOMBRE
62428,REC DE MATAMOSSES,62426,SIN NOMBRE
62428,REC DE MATAMOSSES,62429,SIN NOMBRE
62428,REC DE MATAMOSSES,62435,SIN NOMBRE
62429,SIN NOMBRE,62429,SIN NOMBRE
62430,REC DE TREMOLOSA,62431,SIN NOMBRE
62431,SIN NOMBRE,62431,SIN NOMBRE
62432,REC DEL MASOT,62433,SIN NOMBRE
62432,REC DEL MASOT,62434,SIN NOMBRE
62433,SIN NOMBRE,62433,SIN NOMBRE
62434,SIN NOMBRE,62434,SIN NOMBRE
62435,SIN NOMBRE,62435,SIN NOMBRE
62436,SIN NOMBRE,62436,SIN NOMBRE
62438,SIN NOMBRE,62438,SIN NOMBRE
62441,RIERA DE VALLFOGONA,62442,SIN NOMBRE
62441,RIERA DE VALLFOGONA,62449,SIN NOMBRE
62441,RIERA DE VALLFOGONA,62450,SIN NOMBRE
62441,RIERA DE VALLFOGONA,62453,SIN NOMBRE
62441,RIERA DE VALLFOGONA,62455,SIN NOMBRE
62441,RIERA DE VALLFOGONA,62456,SIN NOMBRE
62441,RIERA DE VALLFOGONA,62463,SIN NOMBRE
62441,RIERA DE VALLFOGONA,62465,SIN NOMBRE
62441,RIERA DE VALLFOGONA,62466,SIN NOMBRE
62441,RIERA DE VALLFOGONA,62472,SIN NOMBRE
62441,RIERA DE VALLFOGONA,62473,SIN NOMBRE
62441,RIERA DE VALLFOGONA,62474,SIN NOMBRE
62441,RIERA DE VALLFOGONA,62475,SIN NOMBRE
62442,SIN NOMBRE,62442,SIN NOMBRE
62443,RIERA DE LLAES,62444,SIN NOMBRE
62444,SIN NOMBRE,62444,SIN NOMBRE
62447,RIERA DE MILANY,62448,SIN NOMBRE
62448,SIN NOMBRE,62448,SIN NOMBRE
62449,SIN NOMBRE,62449,SIN NOMBRE
62450,SIN NOMBRE,62450,SIN NOMBRE
62451,TORRENT DE LA CAU,62452,SIN NOMBRE
62452,SIN NOMBRE,62452,SIN NOMBRE
62453,SIN NOMBRE,62453,SIN NOMBRE
62455,SIN NOMBRE,62455,SIN NOMBRE
62456,SIN NOMBRE,62456,SIN NOMBRE
62463,SIN NOMBRE,62463,SIN NOMBRE
62465,SIN NOMBRE,62465,SIN NOMBRE
62466,SIN NOMBRE,62466,SIN NOMBRE
62468,TORRENT DE LA BALMA,62469,SIN NOMBRE
62469,SIN NOMBRE,62469,SIN NOMBRE
62472,SIN NOMBRE,62472,SIN NOMBRE
62473,SIN NOMBRE,62473,SIN NOMBRE
62474,SIN NOMBRE,62474,SIN NOMBRE
62475,SIN NOMBRE,62475,SIN NOMBRE
62476,TORRENT DEL PORTUS,62475,SIN NOMBRE
62476,TORRENT DEL PORTUS,62477,SIN NOMBRE
62477,SIN NOMBRE,62477,SIN NOMBRE
62478,SIN NOMBRE,62478,SIN NOMBRE
62479,SIN NOMBRE,62479,SIN NOMBRE
62480,RIERA DE L'OM,62482,SIN NOMBRE
62482,SIN NOMBRE,62482,SIN NOMBRE
62483,SIN NOMBRE,62483,SIN NOMBRE
62484,SIN NOMBRE,62484,SIN NOMBRE
62485,TORRENT DEL PONCET,62486,SIN NOMBRE
62486,SIN NOMBRE,62486,SIN NOMBRE
62487,SIN NOMBRE,62487,SIN NOMBRE
62488,SIN NOMBRE,62488,SIN NOMBRE
62489,SIN NOMBRE,62489,SIN NOMBRE
62490,RIERA DE LES LLOSSES,62491,SIN NOMBRE
62490,RIERA DE LES LLOSSES,62501,SIN NOMBRE
62490,RIERA DE LES LLOSSES,62506,SIN NOMBRE
62490,RIERA DE LES LLOSSES,62515,SIN NOMBRE
62490,RIERA DE LES LLOSSES,62517,SIN NOMBRE
62491,SIN NOMBRE,62491,SIN NOMBRE
62496,RIERA DE BUFATALS,62497,SIN NOMBRE
62496,RIERA DE BUFATALS,62498,SIN NOMBRE
62496,RIERA DE BUFATALS,62499,SIN NOMBRE
62496,RIERA DE BUFATALS,62500,SIN NOMBRE
62497,SIN NOMBRE,62497,SIN NOMBRE
62498,SIN NOMBRE,62498,SIN NOMBRE
62499,SIN NOMBRE,62499,SIN NOMBRE
62500,SIN NOMBRE,62500,SIN NOMBRE
62501,SIN NOMBRE,62501,SIN NOMBRE
62504,TORRENT DEL GRAU,62505,SIN NOMBRE
62505,SIN NOMBRE,62505,SIN NOMBRE
62506,SIN NOMBRE,62506,SIN NOMBRE
62508,RIBERA DEL MAS,62509,SIN NOMBRE
62508,RIBERA DEL MAS,62510,SIN NOMBRE
62508,RIBERA DEL MAS,62511,SIN NOMBRE
62509,SIN NOMBRE,62509,SIN NOMBRE
62510,SIN NOMBRE,62510,SIN NOMBRE
62511,SIN NOMBRE,62511,SIN NOMBRE
62515,SIN NOMBRE,62515,SIN NOMBRE
62517,SIN NOMBRE,62517,SIN NOMBRE
62518,TORRENT DEL SOLA,62519,SIN NOMBRE
62519,SIN NOMBRE,62519,SIN NOMBRE
62522,RIU FRESER,62523,SIN NOMBRE
62522,RIU FRESER,62524,SIN NOMBRE
62522,RIU FRESER,62525,SIN NOMBRE
62522,RIU FRESER,62567,SIN NOMBRE
62522,RIU FRESER,62570,SIN NOMBRE
62522,RIU FRESER,62571,SIN NOMBRE
62522,RIU FRESER,62572,SIN NOMBRE
62522,RIU FRESER,62573,SIN NOMBRE
62522,RIU FRESER,62575,SIN NOMBRE
62522,RIU FRESER,62579,SIN NOMBRE
62522,RIU FRESER,62580,SIN NOMBRE
62522,RIU FRESER,62583,SIN NOMBRE
62522,RIU FRESER,62590,SIN NOMBRE
62522,RIU FRESER,62591,SIN NOMBRE
62522,RIU FRESER,62673,SIN NOMBRE
62522,RIU FRESER,62686,SIN NOMBRE
62522,RIU FRESER,62687,SIN NOMBRE
62522,RIU FRESER,62688,SIN NOMBRE
62522,RIU FRESER,62703,SIN NOMBRE
62522,RIU FRESER,62704,SIN NOMBRE
62522,RIU FRESER,62705,SIN NOMBRE
62522,RIU FRESER,62707,SIN NOMBRE
62522,RIU FRESER,62716,SIN NOMBRE
62522,RIU FRESER,62718,SIN NOMBRE
62523,SIN NOMBRE,62523,SIN NOMBRE
62524,SIN NOMBRE,62524,SIN NOMBRE
62525,SIN NOMBRE,62525,SIN NOMBRE
62530,TORRENT DE CAN MAIOLS,62531,SIN NOMBRE
62531,SIN NOMBRE,62531,SIN NOMBRE
62534,RIU MERDAS,62536,SIN NOMBRE
62534,RIU MERDAS,62537,SIN NOMBRE
62534,RIU MERDAS,62553,SIN NOMBRE
62534,RIU MERDAS,62554,SIN NOMBRE
62536,SIN NOMBRE,62536,SIN NOMBRE
62537,SIN NOMBRE,62537,SIN NOMBRE
62541,TORRENT D'ESTIULA,62543,SIN NOMBRE
62543,SIN NOMBRE,62543,SIN NOMBRE
62547,TORRENT DE GRATS,62550,SIN NOMBRE
62548,REC DEL COLL,62549,SIN NOMBRE
62549,SIN NOMBRE,62549,SIN NOMBRE
62550,SIN NOMBRE,62550,SIN NOMBRE
62551,TORRENT DE LA BUGADA,62552,SIN NOMBRE
62552,SIN NOMBRE,62552,SIN NOMBRE
62553,SIN NOMBRE,62553,SIN NOMBRE
62554,SIN NOMBRE,62554,SIN NOMBRE
62562,RIERA DEL GARFULL,62564,SIN NOMBRE
62564,SIN NOMBRE,62564,SIN NOMBRE
62565,TORRENT DE SOLANLLONG,62566,SIN NOMBRE
62566,SIN NOMBRE,62566,SIN NOMBRE
62567,SIN NOMBRE,62567,SIN NOMBRE
62570,SIN NOMBRE,62570,SIN NOMBRE
62571,SIN NOMBRE,62571,SIN NOMBRE
62572,SIN NOMBRE,62572,SIN NOMBRE
62573,SIN NOMBRE,62573,SIN NOMBRE
62575,SIN NOMBRE,62575,SIN NOMBRE
62576,TORRENT ROIG,62578,SIN NOMBRE
62578,SIN NOMBRE,62578,SIN NOMBRE
62579,SIN NOMBRE,62579,SIN NOMBRE
62580,SIN NOMBRE,62580,SIN NOMBRE
62581,RIERA DE BRUGUERA,62582,SIN NOMBRE
62582,SIN NOMBRE,62582,SIN NOMBRE
62583,SIN NOMBRE,62583,SIN NOMBRE
62586,TORRENT DE LA FONT-ROJA,62587,SIN NOMBRE
62587,SIN NOMBRE,62587,SIN NOMBRE
62590,SIN NOMBRE,62590,SIN NOMBRE
62591,SIN NOMBRE,62591,SIN NOMBRE
62592,TORRENT DE LA MAÇANA,62593,SIN NOMBRE
62593,SIN NOMBRE,62593,SIN NOMBRE
62594,TORRENT DE CA LA XECA,62595,SIN NOMBRE
62595,SIN NOMBRE,62595,SIN NOMBRE
62596,RIU RIGARD,62597,SIN NOMBRE
62596,RIU RIGARD,62599,SIN NOMBRE
62596,RIU RIGARD,62613,SIN NOMBRE
62596,RIU RIGARD,62615,SIN NOMBRE
62596,RIU RIGARD,62620,SIN NOMBRE
62596,RIU RIGARD,62621,SIN NOMBRE
62596,RIU RIGARD,62634,SIN NOMBRE
62597,SIN NOMBRE,62597,SIN NOMBRE
62599,SIN NOMBRE,62599,SIN NOMBRE
62603,TORRENT DE LA GALLINERA,62605,SIN NOMBRE
62605,SIN NOMBRE,62605,SIN NOMBRE
62606,TORRENT D'ASPRE,62607,SIN NOMBRE
62607,SIN NOMBRE,62607,SIN NOMBRE
62610,RIU TORRENTERA,62612,SIN NOMBRE
62612,SIN NOMBRE,62612,SIN NOMBRE
62613,SIN NOMBRE,62613,SIN NOMBRE
62615,SIN NOMBRE,62615,SIN NOMBRE
62620,SIN NOMBRE,62620,SIN NOMBRE
62621,SIN NOMBRE,62621,SIN NOMBRE
62622,TORRENT DE L'ARÇA,62623,SIN NOMBRE
62622,TORRENT DE L'ARÇA,62624,SIN NOMBRE
62623,SIN NOMBRE,62623,SIN NOMBRE
62624,SIN NOMBRE,62624,SIN NOMBRE
62625,TORRENT DEL PALOS O TORRENT DEL CORTALET,62626,SIN NOMBRE
62626,SIN NOMBRE,62626,SIN NOMBRE
62627,TORRENT LLARG,62628,SIN NOMBRE
62628,SIN NOMBRE,62628,SIN NOMBRE
62629,TORRENT DEL PRAT DE MITGES,62630,SIN NOMBRE
62630,SIN NOMBRE,62630,SIN NOMBRE
62632,TORRENT DE LES COMES,62633,SIN NOMBRE
62633,SIN NOMBRE,62633,SIN NOMBRE
62634,SIN NOMBRE,62634,SIN NOMBRE
62635,TORRENT DE PLA DE RUS,62634,SIN NOMBRE
62635,TORRENT DE PLA DE RUS,62636,SIN NOMBRE
62635,TORRENT DE PLA DE RUS,62637,SIN NOMBRE
62636,SIN NOMBRE,62636,SIN NOMBRE
62637,SIN NOMBRE,62637,SIN NOMBRE
62639,BARRANC DEL PEDRO,62640,SIN NOMBRE
62640,SIN NOMBRE,62640,SIN NOMBRE
62643,RIU SEGADELL,62647,SIN NOMBRE
62643,RIU SEGADELL,62649,SIN NOMBRE
62643,RIU SEGADELL,62651,SIN NOMBRE
62643,RIU SEGADELL,62658,SIN NOMBRE
62647,SIN NOMBRE,62647,SIN NOMBRE
62648,TORRENT DE LES LLONGUES,62649,SIN NOMBRE
62649,SIN NOMBRE,62649,SIN NOMBRE
62651,SIN NOMBRE,62651,SIN NOMBRE
62654,TORRENT DE VILARO,62655,SIN NOMBRE
62655,SIN NOMBRE,62655,SIN NOMBRE
62658,SIN NOMBRE,62658,SIN NOMBRE
62659,TORRENT DE BURGIL,62660,SIN NOMBRE
62660,SIN NOMBRE,62660,SIN NOMBRE
62661,CLOT DE LA MOSQUETOSA,62662,SIN NOMBRE
62661,CLOT DE LA MOSQUETOSA,62663,SIN NOMBRE
62661,CLOT DE LA MOSQUETOSA,62664,SIN NOMBRE
62662,SIN NOMBRE,62662,SIN NOMBRE
62663,SIN NOMBRE,62663,SIN NOMBRE
62664,SIN NOMBRE,62664,SIN NOMBRE
62665,TORRENT DE LES CORTS,62666,SIN NOMBRE
62665,TORRENT DE LES CORTS,62667,SIN NOMBRE
62666,SIN NOMBRE,62666,SIN NOMBRE
62667,SIN NOMBRE,62667,SIN NOMBRE
62669,CLOT DE PORTOLES,62670,SIN NOMBRE
62670,SIN NOMBRE,62670,SIN NOMBRE
62673,SIN NOMBRE,62673,SIN NOMBRE
62676,TORRENT DE SERRABONA,62678,SIN NOMBRE
62678,SIN NOMBRE,62678,SIN NOMBRE
62686,SIN NOMBRE,62686,SIN NOMBRE
62687,SIN NOMBRE,62687,SIN NOMBRE
62688,SIN NOMBRE,62688,SIN NOMBRE
62691,RIU DE NURIA,62693,SIN NOMBRE
62693,SIN NOMBRE,62693,SIN NOMBRE
62703,SIN NOMBRE,62703,SIN NOMBRE
62704,SIN NOMBRE,62704,SIN NOMBRE
62705,SIN NOMBRE,62705,SIN NOMBRE
62707,SIN NOMBRE,62707,SIN NOMBRE
62709,TORRENT DE BOGADE,62710,SIN NOMBRE
62709,TORRENT DE BOGADE,62711,SIN NOMBRE
62710,SIN NOMBRE,62710,SIN NOMBRE
62711,SIN NOMBRE,62711,SIN NOMBRE
62712,TORRENT DE LA COMA DE VACA,62714,SIN NOMBRE
62714,SIN NOMBRE,62714,SIN NOMBRE
62716,SIN NOMBRE,62716,SIN NOMBRE
62718,SIN NOMBRE,62718,SIN NOMBRE
62721,RIERA DE LES CARBONERES,62722,SIN NOMBRE
62722,SIN NOMBRE,62722,SIN NOMBRE
62724,SIN NOMBRE,62724,SIN NOMBRE
62727,SIN NOMBRE,62727,SIN NOMBRE
62728,SIN NOMBRE,62728,SIN NOMBRE
62729,REC DE RODONELLA,62730,SIN NOMBRE
62730,SIN NOMBRE,62730,SIN NOMBRE
62731,TORRENT DE RIBAMALA,62733,SIN NOMBRE
62731,TORRENT DE RIBAMALA,62734,SIN NOMBRE
62731,TORRENT DE RIBAMALA,62735,SIN NOMBRE
62733,SIN NOMBRE,62733,SIN NOMBRE
62734,SIN NOMBRE,62734,SIN NOMBRE
62735,SIN NOMBRE,62735,SIN NOMBRE
62736,SIN NOMBRE,62736,SIN NOMBRE
62737,SIN NOMBRE,62737,SIN NOMBRE
62738,SIN NOMBRE,62738,SIN NOMBRE
62740,TORRENT DE LA PUDOR,62741,SIN NOMBRE
62741,SIN NOMBRE,62741,SIN NOMBRE
62742,RIERA D'OGASSA,62743,SIN NOMBRE
62742,RIERA D'OGASSA,62744,SIN NOMBRE
62742,RIERA D'OGASSA,62745,SIN NOMBRE
62742,RIERA D'OGASSA,62746,SIN NOMBRE
62743,SIN NOMBRE,62743,SIN NOMBRE
62744,SIN NOMBRE,62744,SIN NOMBRE
62745,SIN NOMBRE,62745,SIN NOMBRE
62746,SIN NOMBRE,62746,SIN NOMBRE
62753,TORRENT DE PLANSESAIGÜES,62754,SIN NOMBRE
62754,SIN NOMBRE,62754,SIN NOMBRE
62756,BARRANC DE LA CLOTADA LLARGA,62757,SIN NOMBRE
62756,BARRANC DE LA CLOTADA LLARGA,62758,SIN NOMBRE
62757,SIN NOMBRE,62757,SIN NOMBRE
62758,SIN NOMBRE,62758,SIN NOMBRE
62760,TORRENT DE SENTIGOSA,62761,SIN NOMBRE
62761,SIN NOMBRE,62761,SIN NOMBRE
62764,SIN NOMBRE,62764,SIN NOMBRE
62765,RIERA DE MALATOSCA,62766,SIN NOMBRE
62765,RIERA DE MALATOSCA,62771,SIN NOMBRE
62765,RIERA DE MALATOSCA,62772,SIN NOMBRE
62766,SIN NOMBRE,62766,SIN NOMBRE
62767,TORRENT DE LA FONT GRAN,62768,SIN NOMBRE
62767,TORRENT DE LA FONT GRAN,62770,SIN NOMBRE
62768,SIN NOMBRE,62768,SIN NOMBRE
62768,SIN NOMBRE,62769,SIN NOMBRE
62768,SIN NOMBRE,62770,SIN NOMBRE
62769,SIN NOMBRE,62769,SIN NOMBRE
62770,SIN NOMBRE,62768,SIN NOMBRE
62770,SIN NOMBRE,62770,SIN NOMBRE
62771,SIN NOMBRE,62771,SIN NOMBRE
62772,SIN NOMBRE,62772,SIN NOMBRE
62778,TORRENT DEL COLL DE PAL,62780,SIN NOMBRE
62778,TORRENT DEL COLL DE PAL,62781,SIN NOMBRE
62778,TORRENT DEL COLL DE PAL,62785,SIN NOMBRE
62778,TORRENT DEL COLL DE PAL,62788,SIN NOMBRE
62778,TORRENT DEL COLL DE PAL,62790,SIN NOMBRE
62780,SIN NOMBRE,62780,SIN NOMBRE
62781,SIN NOMBRE,62781,SIN NOMBRE
62782,TORRENT DE L'AVETAR,62781,SIN NOMBRE
62782,TORRENT DE L'AVETAR,62784,SIN NOMBRE
62784,SIN NOMBRE,62784,SIN NOMBRE
62785,SIN NOMBRE,62785,SIN NOMBRE
62786,REC DEL BURGARES,62787,SIN NOMBRE
62787,SIN NOMBRE,62787,SIN NOMBRE
62788,SIN NOMBRE,62788,SIN NOMBRE
62790,SIN NOMBRE,62790,SIN NOMBRE
62792,TORRENT DEL VEDELLAR,62793,SIN NOMBRE
62793,SIN NOMBRE,62793,SIN NOMBRE
62795,SIN NOMBRE,62795,SIN NOMBRE
62797,SIN NOMBRE,62797,SIN NOMBRE
62802,SIN NOMBRE,62802,SIN NOMBRE
62803,TORRENT DE MIRALLES,62804,SIN NOMBRE
62804,SIN NOMBRE,62804,SIN NOMBRE
62809,TORRENT DE LA MOLINA,62810,SIN NOMBRE
62809,TORRENT DE LA MOLINA,62811,SIN NOMBRE
62810,SIN NOMBRE,62810,SIN NOMBRE
62811,SIN NOMBRE,62811,SIN NOMBRE
62814,RIU RITORT,62815,SIN NOMBRE
62814,RIU RITORT,62836,SIN NOMBRE
62814,RIU RITORT,62841,SIN NOMBRE
62815,SIN NOMBRE,62815,SIN NOMBRE
62816,RIU RITORTELL,62817,SIN NOMBRE
62817,SIN NOMBRE,62817,SIN NOMBRE
62823,TORRENT DE LA BOIXEDA,62825,SIN NOMBRE
62825,SIN NOMBRE,62825,SIN NOMBRE
62830,TORRENT DE LA GINESTOSA,62831,SIN NOMBRE
62831,SIN NOMBRE,62831,SIN NOMBRE
62836,SIN NOMBRE,62836,SIN NOMBRE
62841,SIN NOMBRE,62841,SIN NOMBRE
62845,TORRENT DE LA CASASSA,62846,SIN NOMBRE
62845,TORRENT DE LA CASASSA,62847,SIN NOMBRE
62846,SIN NOMBRE,62846,SIN NOMBRE
62847,SIN NOMBRE,62847,SIN NOMBRE
62856,RIBERA FAITUS,62857,SIN NOMBRE
62856,RIBERA FAITUS,62858,SIN NOMBRE
62857,SIN NOMBRE,62857,SIN NOMBRE
62858,SIN NOMBRE,62858,SIN NOMBRE
62859,TORRENT DEL RODA,62863,SIN NOMBRE
62861,TORRENT DE PALLEROLS,62862,SIN NOMBRE
62862,SIN NOMBRE,62862,SIN NOMBRE
62863,SIN NOMBRE,62863,SIN NOMBRE
62867,RIERA D'ABELLA,62871,SIN NOMBRE
62868,TORRENT NEGRE,62869,SIN NOMBRE
62869,SIN NOMBRE,62869,SIN NOMBRE
62871,SIN NOMBRE,62871,SIN NOMBRE
62875,TORRENT GRAN,62876,SIN NOMBRE
62876,SIN NOMBRE,62876,SIN NOMBRE
62877,SIN NOMBRE,62877,SIN NOMBRE
62878,TORRENT DE LA PLANELLA,62879,SIN NOMBRE
62879,SIN NOMBRE,62879,SIN NOMBRE
62880,RIBERA DE TREGURA,62881,SIN NOMBRE
62880,RIBERA DE TREGURA,62882,SIN NOMBRE
62880,RIBERA DE TREGURA,62885,SIN NOMBRE
62880,RIBERA DE TREGURA,62886,SIN NOMBRE
62880,RIBERA DE TREGURA,62887,SIN NOMBRE
62880,RIBERA DE TREGURA,62889,SIN NOMBRE
62881,SIN NOMBRE,62881,SIN NOMBRE
62882,SIN NOMBRE,62882,SIN NOMBRE
62885,SIN NOMBRE,62885,SIN NOMBRE
62886,SIN NOMBRE,62886,SIN NOMBRE
62887,SIN NOMBRE,62887,SIN NOMBRE
62889,SIN NOMBRE,62889,SIN NOMBRE
62890,TORRENT DE MEIANELL,62889,SIN NOMBRE
62890,TORRENT DE MEIANELL,62897,SIN NOMBRE
62893,RIBERA DE FONTLLETERA,62896,SIN NOMBRE
62896,SIN NOMBRE,62896,SIN NOMBRE
62897,SIN NOMBRE,62897,SIN NOMBRE
62902,RIBERA DEL CATLLAR,62906,SIN NOMBRE
62904,CLOT DE LA JACETA,62905,SIN NOMBRE
62905,SIN NOMBRE,62905,SIN NOMBRE
62906,SIN NOMBRE,62906,SIN NOMBRE
62907,CLOT DE LES BORREGUES,62906,SIN NOMBRE
62911,SIN NOMBRE,62911,SIN NOMBRE
62914,SIN NOMBRE,62914,SIN NOMBRE
62915,TORRENT DE VALL-LLOBRE,62916,SIN NOMBRE
62915,TORRENT DE VALL-LLOBRE,62920,SIN NOMBRE
62916,SIN NOMBRE,62916,SIN NOMBRE
62918,CLOT DE LA FONT DE FRA JOAN,62919,SIN NOMBRE
62918,CLOT DE LA FONT DE FRA JOAN,62920,SIN NOMBRE
62919,SIN NOMBRE,62919,SIN NOMBRE
62920,SIN NOMBRE,62920,SIN NOMBRE
62923,TORRENT DE LA LLOSA,62926,SIN NOMBRE
62926,SIN NOMBRE,62926,SIN NOMBRE
62931,SIN NOMBRE,62931,SIN NOMBRE
62933,TORRENT DE LA COMA DE L'ORRI,62934,SIN NOMBRE
62933,TORRENT DE LA COMA DE L'ORRI,62935,SIN NOMBRE
62933,TORRENT DE LA COMA DE L'ORRI,62936,SIN NOMBRE
62933,TORRENT DE LA COMA DE L'ORRI,62937,SIN NOMBRE
62933,TORRENT DE LA COMA DE L'ORRI,62938,SIN NOMBRE
62933,TORRENT DE LA COMA DE L'ORRI,62939,SIN NOMBRE
62934,SIN NOMBRE,62934,SIN NOMBRE
62935,SIN NOMBRE,62935,SIN NOMBRE
62936,SIN NOMBRE,62936,SIN NOMBRE
62937,SIN NOMBRE,62937,SIN NOMBRE
62938,SIN NOMBRE,62938,SIN NOMBRE
62939,SIN NOMBRE,62939,SIN NOMBRE
62941,SIN NOMBRE,62941,SIN NOMBRE
62942,SIN NOMBRE,62942,SIN NOMBRE
62943,RIERA DE MORENS,62945,SIN NOMBRE
62945,SIN NOMBRE,62945,SIN NOMBRE
62946,REC VELL,62947,SIN NOMBRE
62946,REC VELL,62948,SIN NOMBRE
62947,SIN NOMBRE,62947,SIN NOMBRE
62947,SIN NOMBRE,62948,SIN NOMBRE
62948,SIN NOMBRE,62947,SIN NOMBRE
62948,SIN NOMBRE,62948,SIN NOMBRE
62949,SIN NOMBRE,62949,SIN NOMBRE
62952,CORREC DE CALA PEDROSA,62953,SIN NOMBRE
62953,SIN NOMBRE,62953,SIN NOMBRE
62958,SIN NOMBRE,62958,SIN NOMBRE
62958,SIN NOMBRE,62959,SIN NOMBRE
62959,SIN NOMBRE,62959,SIN NOMBRE
62959,SIN NOMBRE,62960,SIN NOMBRE
62960,SIN NOMBRE,62960,SIN NOMBRE
62961,SIN NOMBRE,62961,SIN NOMBRE
62962,CORREC DE COMA LLOBERA,62975,SIN NOMBRE
62962,CORREC DE COMA LLOBERA,62976,SIN NOMBRE
62963,REC DEL MOLI,62964,SIN NOMBRE
62963,REC DEL MOLI,62965,SIN NOMBRE
62964,SIN NOMBRE,62964,SIN NOMBRE
62964,SIN NOMBRE,62965,SIN NOMBRE
62965,SIN NOMBRE,62964,SIN NOMBRE
62965,SIN NOMBRE,62965,SIN NOMBRE
62965,SIN NOMBRE,62966,SIN NOMBRE
62965,SIN NOMBRE,62967,SIN NOMBRE
62965,SIN NOMBRE,62968,SIN NOMBRE
62966,SIN NOMBRE,62966,SIN NOMBRE
62967,SIN NOMBRE,62967,SIN NOMBRE
62967,SIN NOMBRE,62968,SIN NOMBRE
62968,SIN NOMBRE,62967,SIN NOMBRE
62968,SIN NOMBRE,62968,SIN NOMBRE
62969,REC DE CINYANA,62970,SIN NOMBRE
62970,SIN NOMBRE,62970,SIN NOMBRE
62970,SIN NOMBRE,62971,SIN NOMBRE
62970,SIN NOMBRE,62972,SIN NOMBRE
62970,SIN NOMBRE,62973,SIN NOMBRE
62970,SIN NOMBRE,62974,SIN NOMBRE
62971,SIN NOMBRE,62971,SIN NOMBRE
62972,SIN NOMBRE,62972,SIN NOMBRE
62973,SIN NOMBRE,62973,SIN NOMBRE
62974,SIN NOMBRE,62974,SIN NOMBRE
62975,SIN NOMBRE,62975,SIN NOMBRE
62976,SIN NOMBRE,62976,SIN NOMBRE
62978,RIERA DE LA MUNTANYA,62985,SIN NOMBRE
62980,TORRENT DEL FERRER VELL,62981,SIN NOMBRE
62981,SIN NOMBRE,62981,SIN NOMBRE
62982,REC MADRAL,62983,SIN NOMBRE
62982,REC MADRAL,62984,SIN NOMBRE
62983,SIN NOMBRE,62983,SIN NOMBRE
62983,SIN NOMBRE,62984,SIN NOMBRE
62984,SIN NOMBRE,62983,SIN NOMBRE
62984,SIN NOMBRE,62984,SIN NOMBRE
62985,SIN NOMBRE,62985,SIN NOMBRE
62985,SIN NOMBRE,62986,SIN NOMBRE
62985,SIN NOMBRE,62987,SIN NOMBRE
62986,SIN NOMBRE,62986,SIN NOMBRE
62987,SIN NOMBRE,62987,SIN NOMBRE
62990,RIU FLUVIA,63008,SIN NOMBRE
62990,RIU FLUVIA,63014,SIN NOMBRE
62990,RIU FLUVIA,63017,SIN NOMBRE
62990,RIU FLUVIA,63019,SIN NOMBRE
62990,RIU FLUVIA,63020,SIN NOMBRE
62990,RIU FLUVIA,63027,SIN NOMBRE
62990,RIU FLUVIA,63034,SIN NOMBRE
62990,RIU FLUVIA,63049,SIN NOMBRE
62990,RIU FLUVIA,63061,SIN NOMBRE
62990,RIU FLUVIA,63062,SIN NOMBRE
62990,RIU FLUVIA,63084,SIN NOMBRE
62990,RIU FLUVIA,63088,SIN NOMBRE
62990,RIU FLUVIA,63199,SIN NOMBRE
62990,RIU FLUVIA,63200,SIN NOMBRE
62990,RIU FLUVIA,63202,SIN NOMBRE
62990,RIU FLUVIA,63203,SIN NOMBRE
62990,RIU FLUVIA,63235,SIN NOMBRE
62990,RIU FLUVIA,63243,SIN NOMBRE
62990,RIU FLUVIA,63379,SIN NOMBRE
62990,RIU FLUVIA,63380,SIN NOMBRE
62990,RIU FLUVIA,63381,SIN NOMBRE
62990,RIU FLUVIA,63411,SIN NOMBRE
62990,RIU FLUVIA,63412,SIN NOMBRE
62990,RIU FLUVIA,63464,SIN NOMBRE
62990,RIU FLUVIA,63465,SIN NOMBRE
62990,RIU FLUVIA,63466,SIN NOMBRE
62990,RIU FLUVIA,63467,SIN NOMBRE
62990,RIU FLUVIA,63498,SIN NOMBRE
62990,RIU FLUVIA,63501,SIN NOMBRE
62990,RIU FLUVIA,63516,SIN NOMBRE
62990,RIU FLUVIA,63518,SIN NOMBRE
62990,RIU FLUVIA,63524,SIN NOMBRE
62991,SIN NOMBRE,62991,SIN NOMBRE
62992,SIN NOMBRE,62992,SIN NOMBRE
62994,RIU REGATIM,62996,SIN NOMBRE
62995,REC DE LA FONT VELLA,62996,SIN NOMBRE
62996,SIN NOMBRE,62996,SIN NOMBRE
62999,TORRENT DEL MAS,63000,SIN NOMBRE
63000,SIN NOMBRE,63000,SIN NOMBRE
63003,TORRENT DE LA REGUERA,63004,SIN NOMBRE
63004,SIN NOMBRE,63004,SIN NOMBRE
63005,RIERA DE CAUDET,63007,SIN NOMBRE
63007,SIN NOMBRE,63007,SIN NOMBRE
63008,SIN NOMBRE,63008,SIN NOMBRE
63009,TORRENT DE LA GAVATXA,63010,SIN NOMBRE
63009,TORRENT DE LA GAVATXA,63011,SIN NOMBRE
63010,SIN NOMBRE,63010,SIN NOMBRE
63011,SIN NOMBRE,63011,SIN NOMBRE
63014,SIN NOMBRE,63014,SIN NOMBRE
63015,TORRENT DE VALLMAJOR,63016,SIN NOMBRE
63016,SIN NOMBRE,63016,SIN NOMBRE
63017,SIN NOMBRE,63017,SIN NOMBRE
63019,SIN NOMBRE,63019,SIN NOMBRE
63020,SIN NOMBRE,63020,SIN NOMBRE
63024,TORRENT D'ESTROP,63025,SIN NOMBRE
63025,SIN NOMBRE,63025,SIN NOMBRE
63027,SIN NOMBRE,63027,SIN NOMBRE
63030,REC DE SANT MIQUEL,63032,SIN NOMBRE
63032,SIN NOMBRE,63032,SIN NOMBRE
63034,SIN NOMBRE,63034,SIN NOMBRE
63034,SIN NOMBRE,63035,SIN NOMBRE
63035,SIN NOMBRE,63035,SIN NOMBRE
63036,RIERA DE SANTA ANNA,63037,SIN NOMBRE
63036,RIERA DE SANTA ANNA,63038,SIN NOMBRE
63037,SIN NOMBRE,63037,SIN NOMBRE
63038,SIN NOMBRE,63038,SIN NOMBRE
63038,SIN NOMBRE,63039,SIN NOMBRE
63039,SIN NOMBRE,63039,SIN NOMBRE
63040,REC DE LA POR,63041,SIN NOMBRE
63041,SIN NOMBRE,63041,SIN NOMBRE
63045,REC DE LA CASINYOLA,63046,SIN NOMBRE
63045,REC DE LA CASINYOLA,63047,SIN NOMBRE
63045,REC DE LA CASINYOLA,63048,SIN NOMBRE
63046,SIN NOMBRE,63046,SIN NOMBRE
63047,SIN NOMBRE,63047,SIN NOMBRE
63048,SIN NOMBRE,63048,SIN NOMBRE
63049,SIN NOMBRE,63049,SIN NOMBRE
63054,REC DEL RAMIROL,63055,SIN NOMBRE
63055,SIN NOMBRE,63055,SIN NOMBRE
63056,REC DE LA FONTSANTA,63058,SIN NOMBRE
63058,SIN NOMBRE,63058,SIN NOMBRE
63058,SIN NOMBRE,63059,SIN NOMBRE
63058,SIN NOMBRE,63060,SIN NOMBRE
63059,SIN NOMBRE,63059,SIN NOMBRE
63060,SIN NOMBRE,63060,SIN NOMBRE
63061,SIN NOMBRE,63061,SIN NOMBRE
63062,SIN NOMBRE,63062,SIN NOMBRE
63064,RIERA DE SANT JAUME,63068,SIN NOMBRE
63064,RIERA DE SANT JAUME,63074,SIN NOMBRE
63064,RIERA DE SANT JAUME,63075,SIN NOMBRE
63064,RIERA DE SANT JAUME,63076,SIN NOMBRE
63064,RIERA DE SANT JAUME,63077,SIN NOMBRE
63064,RIERA DE SANT JAUME,63078,SIN NOMBRE
63064,RIERA DE SANT JAUME,63079,SIN NOMBRE
63068,SIN NOMBRE,63068,SIN NOMBRE
63069,REC DE CAN MIGRANYA,63070,SIN NOMBRE
63070,SIN NOMBRE,63070,SIN NOMBRE
63071,RIERA DE CAN TORBANY,63072,SIN NOMBRE
63072,SIN NOMBRE,63072,SIN NOMBRE
63074,SIN NOMBRE,63074,SIN NOMBRE
63075,SIN NOMBRE,63075,SIN NOMBRE
63076,SIN NOMBRE,63076,SIN NOMBRE
63077,SIN NOMBRE,63077,SIN NOMBRE
63078,SIN NOMBRE,63078,SIN NOMBRE
63079,SIN NOMBRE,63079,SIN NOMBRE
63080,CLOT DEL CANAL,63081,SIN NOMBRE
63081,SIN NOMBRE,63081,SIN NOMBRE
63082,REC DE RIERONS,63083,SIN NOMBRE
63083,SIN NOMBRE,63083,SIN NOMBRE
63084,SIN NOMBRE,63084,SIN NOMBRE
63086,TORRENT DE LA FERRIOLA,63087,SIN NOMBRE
63087,SIN NOMBRE,63087,SIN NOMBRE
63088,SIN NOMBRE,63088,SIN NOMBRE
63088,SIN NOMBRE,63089,SIN NOMBRE
63089,SIN NOMBRE,63089,SIN NOMBRE
63094,RIU SER,63097,SIN NOMBRE
63094,RIU SER,63098,SIN NOMBRE
63094,RIU SER,63146,SIN NOMBRE
63094,RIU SER,63147,SIN NOMBRE
63094,RIU SER,63167,SIN NOMBRE
63095,RIU SERINYA,63096,SIN NOMBRE
63096,SIN NOMBRE,63096,SIN NOMBRE
63097,SIN NOMBRE,63097,SIN NOMBRE
63098,SIN NOMBRE,63098,SIN NOMBRE
63099,RIERA DE RODEJA,63101,SIN NOMBRE
63099,RIERA DE RODEJA,63102,SIN NOMBRE
63099,RIERA DE RODEJA,63103,SIN NOMBRE
63101,SIN NOMBRE,63101,SIN NOMBRE
63102,SIN NOMBRE,63102,SIN NOMBRE
63103,SIN NOMBRE,63103,SIN NOMBRE
63104,TORRENT DE CAN GINESTAR,63105,SIN NOMBRE
63105,SIN NOMBRE,63105,SIN NOMBRE
63106,RIU RIUTORT,63107,SIN NOMBRE
63106,RIU RIUTORT,63108,SIN NOMBRE
63106,RIU RIUTORT,63109,SIN NOMBRE
63106,RIU RIUTORT,63111,SIN NOMBRE
63106,RIU RIUTORT,63130,SIN NOMBRE
63106,RIU RIUTORT,63131,SIN NOMBRE
63106,RIU RIUTORT,63132,SIN NOMBRE
63107,SIN NOMBRE,63107,SIN NOMBRE
63108,SIN NOMBRE,63108,SIN NOMBRE
63109,SIN NOMBRE,63109,SIN NOMBRE
63111,SIN NOMBRE,63111,SIN NOMBRE
63113,REC DE LA CANOVA,63114,SIN NOMBRE
63114,SIN NOMBRE,63114,SIN NOMBRE
63115,RIERA DE SANT MIQUEL,63123,SIN NOMBRE
63116,TORRENT DE L'ARN,63120,SIN NOMBRE
63117,TORRENT DE LA CASANOVA,63119,SIN NOMBRE
63119,SIN NOMBRE,63119,SIN NOMBRE
63120,SIN NOMBRE,63120,SIN NOMBRE
63123,SIN NOMBRE,63123,SIN NOMBRE
63124,RIERA CORRAL DE FALGONS,63125,SIN NOMBRE
63125,SIN NOMBRE,63125,SIN NOMBRE
63130,SIN NOMBRE,63130,SIN NOMBRE
63131,SIN NOMBRE,63131,SIN NOMBRE
63132,SIN NOMBRE,63132,SIN NOMBRE
63133,RIU MERDANÇA,63134,SIN NOMBRE
63134,SIN NOMBRE,63134,SIN NOMBRE
63135,RIERA DE BRUGUEROLES,63136,SIN NOMBRE
63135,RIERA DE BRUGUEROLES,63137,SIN NOMBRE
63136,SIN NOMBRE,63136,SIN NOMBRE
63137,SIN NOMBRE,63137,SIN NOMBRE
63137,SIN NOMBRE,63138,SIN NOMBRE
63138,SIN NOMBRE,63138,SIN NOMBRE
63139,RIERA DE MIERES,63143,SIN NOMBRE
63139,RIERA DE MIERES,63144,SIN NOMBRE
63139,RIERA DE MIERES,63145,SIN NOMBRE
63140,REC DE SANT PERE,63141,SIN NOMBRE
63140,REC DE SANT PERE,63142,SIN NOMBRE
63141,SIN NOMBRE,63141,SIN NOMBRE
63141,SIN NOMBRE,63142,SIN NOMBRE
63142,SIN NOMBRE,63141,SIN NOMBRE
63142,SIN NOMBRE,63142,SIN NOMBRE
63143,SIN NOMBRE,63143,SIN NOMBRE
63144,SIN NOMBRE,63144,SIN NOMBRE
63145,SIN NOMBRE,63145,SIN NOMBRE
63146,SIN NOMBRE,63146,SIN NOMBRE
63147,SIN NOMBRE,63147,SIN NOMBRE
63148,RIERA DE SAMARIU,63149,SIN NOMBRE
63149,SIN NOMBRE,63149,SIN NOMBRE
63153,TORRENT DE CAN BOSQUET,63154,SIN NOMBRE
63153,TORRENT DE CAN BOSQUET,63155,SIN NOMBRE
63153,TORRENT DE CAN BOSQUET,63156,SIN NOMBRE
63153,TORRENT DE CAN BOSQUET,63157,SIN NOMBRE
63153,TORRENT DE CAN BOSQUET,63158,SIN NOMBRE
63153,TORRENT DE CAN BOSQUET,63159,SIN NOMBRE
63154,SIN NOMBRE,63154,SIN NOMBRE
63155,SIN NOMBRE,63155,SIN NOMBRE
63156,SIN NOMBRE,63156,SIN NOMBRE
63157,SIN NOMBRE,63157,SIN NOMBRE
63158,SIN NOMBRE,63158,SIN NOMBRE
63159,SIN NOMBRE,63159,SIN NOMBRE
63160,RIERA DELS ARCS,63161,SIN NOMBRE
63161,SIN NOMBRE,63161,SIN NOMBRE
63162,TORRENT DE PUJOLARS,63166,SIN NOMBRE
63163,TORRENT DE ROCANEGRA,63164,SIN NOMBRE
63163,TORRENT DE ROCANEGRA,63165,SIN NOMBRE
63164,SIN NOMBRE,63164,SIN NOMBRE
63165,SIN NOMBRE,63165,SIN NOMBRE
63166,SIN NOMBRE,63166,SIN NOMBRE
63167,SIN NOMBRE,63167,SIN NOMBRE
63168,RIERA DE MAIA,63180,SIN NOMBRE
63169,RIERA DE BRUGUERS,63170,SIN NOMBRE
63169,RIERA DE BRUGUERS,63172,SIN NOMBRE
63170,SIN NOMBRE,63170,SIN NOMBRE
63170,SIN NOMBRE,63171,SIN NOMBRE
63170,SIN NOMBRE,63172,SIN NOMBRE
63171,SIN NOMBRE,63171,SIN NOMBRE
63172,SIN NOMBRE,63170,SIN NOMBRE
63172,SIN NOMBRE,63172,SIN NOMBRE
63173,RIERA DE SEGUERO,63174,SIN NOMBRE
63174,SIN NOMBRE,63174,SIN NOMBRE
63176,TORRENT DELS ROSSOLALLS,63177,SIN NOMBRE
63177,SIN NOMBRE,63177,SIN NOMBRE
63178,CLOT DE LA FONT NOVA,63179,SIN NOMBRE
63179,SIN NOMBRE,63179,SIN NOMBRE
63180,SIN NOMBRE,63180,SIN NOMBRE
63180,SIN NOMBRE,63181,SIN NOMBRE
63181,SIN NOMBRE,63181,SIN NOMBRE
63184,RIERA DE JUNYELL,63185,SIN NOMBRE
63184,RIERA DE JUNYELL,63186,SIN NOMBRE
63184,RIERA DE JUNYELL,63187,SIN NOMBRE
63184,RIERA DE JUNYELL,63188,SIN NOMBRE
63185,SIN NOMBRE,63185,SIN NOMBRE
63186,SIN NOMBRE,63186,SIN NOMBRE
63187,SIN NOMBRE,63187,SIN NOMBRE
63188,SIN NOMBRE,63188,SIN NOMBRE
63192,RIERA DE CAPELLADA,63195,SIN NOMBRE
63192,RIERA DE CAPELLADA,63197,SIN NOMBRE
63192,RIERA DE CAPELLADA,63198,SIN NOMBRE
63193,RIERA DE PALERA,63194,SIN NOMBRE
63194,SIN NOMBRE,63194,SIN NOMBRE
63195,SIN NOMBRE,63195,SIN NOMBRE
63197,SIN NOMBRE,63197,SIN NOMBRE
63198,SIN NOMBRE,63198,SIN NOMBRE
63199,SIN NOMBRE,63199,SIN NOMBRE
63200,SIN NOMBRE,63200,SIN NOMBRE
63202,SIN NOMBRE,63202,SIN NOMBRE
63203,SIN NOMBRE,63203,SIN NOMBRE
63204,RIERA DE BORRO,63210,SIN NOMBRE
63204,RIERA DE BORRO,63211,SIN NOMBRE
63204,RIERA DE BORRO,63214,SIN NOMBRE
63204,RIERA DE BORRO,63215,SIN NOMBRE
63204,RIERA DE BORRO,63216,SIN NOMBRE
63204,RIERA DE BORRO,63217,SIN NOMBRE
63204,RIERA DE BORRO,63219,SIN NOMBRE
63204,RIERA DE BORRO,63228,SIN NOMBRE
63204,RIERA DE BORRO,63229,SIN NOMBRE
63208,TORRENT D'ESPINAU,63209,SIN NOMBRE
63209,SIN NOMBRE,63209,SIN NOMBRE
63210,SIN NOMBRE,63210,SIN NOMBRE
63211,SIN NOMBRE,63211,SIN NOMBRE
63212,TORRENT DE COMA-DE-ROURE,63213,SIN NOMBRE
63213,SIN NOMBRE,63213,SIN NOMBRE
63214,SIN NOMBRE,63214,SIN NOMBRE
63215,SIN NOMBRE,63215,SIN NOMBRE
63216,SIN NOMBRE,63216,SIN NOMBRE
63217,SIN NOMBRE,63217,SIN NOMBRE
63219,SIN NOMBRE,63219,SIN NOMBRE
63224,TORRENT DE LLIURONA,63225,SIN NOMBRE
63225,SIN NOMBRE,63225,SIN NOMBRE
63226,CLOT DELS SOCARRATS,63227,SIN NOMBRE
63227,SIN NOMBRE,63227,SIN NOMBRE
63228,SIN NOMBRE,63228,SIN NOMBRE
63229,SIN NOMBRE,63229,SIN NOMBRE
63230,TORRENT DE RIUFRED,63231,SIN NOMBRE
63230,TORRENT DE RIUFRED,63232,SIN NOMBRE
63230,TORRENT DE RIUFRED,63233,SIN NOMBRE
63230,TORRENT DE RIUFRED,63234,SIN NOMBRE
63231,SIN NOMBRE,63231,SIN NOMBRE
63232,SIN NOMBRE,63232,SIN NOMBRE
63233,SIN NOMBRE,63233,SIN NOMBRE
63234,SIN NOMBRE,63234,SIN NOMBRE
63235,SIN NOMBRE,63235,SIN NOMBRE
63236,RIERA DE SALES,63237,SIN NOMBRE
63237,SIN NOMBRE,63237,SIN NOMBRE
63238,TORRENT DE JUIAS,63239,SIN NOMBRE
63238,TORRENT DE JUIAS,63240,SIN NOMBRE
63239,SIN NOMBRE,63239,SIN NOMBRE
63240,SIN NOMBRE,63240,SIN NOMBRE
63241,TORRENT DEL VINYOT,63242,SIN NOMBRE
63242,SIN NOMBRE,63242,SIN NOMBRE
63243,SIN NOMBRE,63243,SIN NOMBRE
63244,TORRENT DE LA MIANA,63246,SIN NOMBRE
63246,SIN NOMBRE,63246,SIN NOMBRE
63247,RIU LLIERCA O RIERA D'OIX,63251,SIN NOMBRE
63247,RIU LLIERCA O RIERA D'OIX,63252,SIN NOMBRE
63247,RIU LLIERCA O RIERA D'OIX,63271,SIN NOMBRE
63247,RIU LLIERCA O RIERA D'OIX,63289,SIN NOMBRE
63247,RIU LLIERCA O RIERA D'OIX,63290,SIN NOMBRE
63247,RIU LLIERCA O RIERA D'OIX,63291,SIN NOMBRE
63247,RIU LLIERCA O RIERA D'OIX,63349,SIN NOMBRE
63247,RIU LLIERCA O RIERA D'OIX,63350,SIN NOMBRE
63247,RIU LLIERCA O RIERA D'OIX,63351,SIN NOMBRE
63247,RIU LLIERCA O RIERA D'OIX,63352,SIN NOMBRE
63247,RIU LLIERCA O RIERA D'OIX,63353,SIN NOMBRE
63247,RIU LLIERCA O RIERA D'OIX,63354,SIN NOMBRE
63247,RIU LLIERCA O RIERA D'OIX,63355,SIN NOMBRE
63247,RIU LLIERCA O RIERA D'OIX,63356,SIN NOMBRE
63247,RIU LLIERCA O RIERA D'OIX,63357,SIN NOMBRE
63247,RIU LLIERCA O RIERA D'OIX,63358,SIN NOMBRE
63247,RIU LLIERCA O RIERA D'OIX,63359,SIN NOMBRE
63248,TORRENT DE CASTELLAR,63249,SIN NOMBRE
63248,TORRENT DE CASTELLAR,63250,SIN NOMBRE
63249,SIN NOMBRE,63249,SIN NOMBRE
63250,SIN NOMBRE,63250,SIN NOMBRE
63251,SIN NOMBRE,63251,SIN NOMBRE
63252,SIN NOMBRE,63252,SIN NOMBRE
63253,CLOT DE L'INFERN,63254,SIN NOMBRE
63253,CLOT DE L'INFERN,63255,SIN NOMBRE
63254,SIN NOMBRE,63254,SIN NOMBRE
63255,SIN NOMBRE,63255,SIN NOMBRE
63258,TORRENT DE L'ESTANYOL,63259,SIN NOMBRE
63258,TORRENT DE L'ESTANYOL,63260,SIN NOMBRE
63258,TORRENT DE L'ESTANYOL,63261,SIN NOMBRE
63258,TORRENT DE L'ESTANYOL,63262,SIN NOMBRE
63259,SIN NOMBRE,63259,SIN NOMBRE
63260,SIN NOMBRE,63260,SIN NOMBRE
63261,SIN NOMBRE,63261,SIN NOMBRE
63262,SIN NOMBRE,63262,SIN NOMBRE
63264,TORRENT DE LA QUINTANA,63265,SIN NOMBRE
63265,SIN NOMBRE,63265,SIN NOMBRE
63266,TORRENT DELS LLORERS,63267,SIN NOMBRE
63266,TORRENT DELS LLORERS,63268,SIN NOMBRE
63266,TORRENT DELS LLORERS,63269,SIN NOMBRE
63267,SIN NOMBRE,63267,SIN NOMBRE
63268,SIN NOMBRE,63268,SIN NOMBRE
63269,SIN NOMBRE,63269,SIN NOMBRE
63271,SIN NOMBRE,63271,SIN NOMBRE
63272,RIERA DE SANT ANIOL,63273,SIN NOMBRE
63272,RIERA DE SANT ANIOL,63277,SIN NOMBRE
63272,RIERA DE SANT ANIOL,63282,SIN NOMBRE
63272,RIERA DE SANT ANIOL,63285,SIN NOMBRE
63273,SIN NOMBRE,63273,SIN NOMBRE
63274,TORRENT DE TUMANY,63275,SIN NOMBRE
63274,TORRENT DE TUMANY,63276,SIN NOMBRE
63275,SIN NOMBRE,63275,SIN NOMBRE
63276,SIN NOMBRE,63276,SIN NOMBRE
63277,SIN NOMBRE,63277,SIN NOMBRE
63278,RIERA DE LA COMELLA,63279,SIN NOMBRE
63278,RIERA DE LA COMELLA,63281,SIN NOMBRE
63279,SIN NOMBRE,63279,SIN NOMBRE
63281,SIN NOMBRE,63281,SIN NOMBRE
63282,SIN NOMBRE,63282,SIN NOMBRE
63283,TORRENT DE RIBELLES,63284,SIN NOMBRE
63284,SIN NOMBRE,63284,SIN NOMBRE
63285,SIN NOMBRE,63285,SIN NOMBRE
63286,TORRENT DE LES FALGUERES,63287,SIN NOMBRE
63287,SIN NOMBRE,63287,SIN NOMBRE
63289,SIN NOMBRE,63289,SIN NOMBRE
63290,SIN NOMBRE,63290,SIN NOMBRE
63291,SIN NOMBRE,63291,SIN NOMBRE
63292,RIERA DE BEGET,63293,SIN NOMBRE
63292,RIERA DE BEGET,63294,SIN NOMBRE
63292,RIERA DE BEGET,63297,SIN NOMBRE
63292,RIERA DE BEGET,63305,SIN NOMBRE
63292,RIERA DE BEGET,63327,SIN NOMBRE
63293,SIN NOMBRE,63293,SIN NOMBRE
63294,SIN NOMBRE,63294,SIN NOMBRE
63297,SIN NOMBRE,63297,SIN NOMBRE
63298,TORRENT DE LES VALLS,63299,SIN NOMBRE
63298,TORRENT DE LES VALLS,63300,SIN NOMBRE
63298,TORRENT DE LES VALLS,63301,SIN NOMBRE
63299,SIN NOMBRE,63299,SIN NOMBRE
63300,SIN NOMBRE,63300,SIN NOMBRE
63301,SIN NOMBRE,63301,SIN NOMBRE
63303,TORRENT DEL BARRANCOT,63304,SIN NOMBRE
63304,SIN NOMBRE,63304,SIN NOMBRE
63305,SIN NOMBRE,63305,SIN NOMBRE
63306,TORRENT DE BELLESTIL,63307,SIN NOMBRE
63307,SIN NOMBRE,63307,SIN NOMBRE
63308,RIERA DE SALARSA,63321,SIN NOMBRE
63308,RIERA DE SALARSA,63322,SIN NOMBRE
63309,CLOT DE LA VILA,63310,SIN NOMBRE
63310,SIN NOMBRE,63310,SIN NOMBRE
63311,TORRENT DEL SALOMO,63312,SIN NOMBRE
63312,SIN NOMBRE,63312,SIN NOMBRE
63319,TORRENT DE LA QUERA,63320,SIN NOMBRE
63320,SIN NOMBRE,63320,SIN NOMBRE
63321,SIN NOMBRE,63321,SIN NOMBRE
63322,SIN NOMBRE,63322,SIN NOMBRE
63325,CLOT DE LA BEINA,63326,SIN NOMBRE
63326,SIN NOMBRE,63326,SIN NOMBRE
63327,SIN NOMBRE,63327,SIN NOMBRE
63328,TORRENT DELS TRULLS,63329,SIN NOMBRE
63329,SIN NOMBRE,63329,SIN NOMBRE
63332,RIERA DE ROCABRUNA,63335,SIN NOMBRE
63335,SIN NOMBRE,63335,SIN NOMBRE
63338,TORRENT DE CAN MARÇAL,63339,SIN NOMBRE
63339,SIN NOMBRE,63339,SIN NOMBRE
63341,TORRENT DE LES FERRERES,63342,SIN NOMBRE
63342,SIN NOMBRE,63342,SIN NOMBRE
63344,TORRENT D'AIGUABELLA,63345,SIN NOMBRE
63345,SIN NOMBRE,63345,SIN NOMBRE
63349,SIN NOMBRE,63349,SIN NOMBRE
63350,SIN NOMBRE,63350,SIN NOMBRE
63351,SIN NOMBRE,63351,SIN NOMBRE
63352,SIN NOMBRE,63352,SIN NOMBRE
63353,SIN NOMBRE,63353,SIN NOMBRE
63354,SIN NOMBRE,63354,SIN NOMBRE
63355,SIN NOMBRE,63355,SIN NOMBRE
63356,SIN NOMBRE,63356,SIN NOMBRE
63357,SIN NOMBRE,63357,SIN NOMBRE
63358,SIN NOMBRE,63358,SIN NOMBRE
63359,SIN NOMBRE,63359,SIN NOMBRE
63362,CLOT DE L'HOSTAL,63363,SIN NOMBRE
63363,SIN NOMBRE,63363,SIN NOMBRE
63364,TORRENT DE LA GAVARRERA,63365,SIN NOMBRE
63365,SIN NOMBRE,63365,SIN NOMBRE
63375,TORRENT DE CA N'ILLA,63376,SIN NOMBRE
63376,SIN NOMBRE,63376,SIN NOMBRE
63377,TORRENT DE LLIURELLA,63378,SIN NOMBRE
63378,SIN NOMBRE,63378,SIN NOMBRE
63379,SIN NOMBRE,63379,SIN NOMBRE
63380,SIN NOMBRE,63380,SIN NOMBRE
63381,SIN NOMBRE,63381,SIN NOMBRE
63382,RIU TURONELL,63384,SIN NOMBRE
63382,RIU TURONELL,63385,SIN NOMBRE
63382,RIU TURONELL,63386,SIN NOMBRE
63382,RIU TURONELL,63387,SIN NOMBRE
63382,RIU TURONELL,63388,SIN NOMBRE
63382,RIU TURONELL,63389,SIN NOMBRE
63382,RIU TURONELL,63390,SIN NOMBRE
63384,SIN NOMBRE,63384,SIN NOMBRE
63385,SIN NOMBRE,63385,SIN NOMBRE
63386,SIN NOMBRE,63386,SIN NOMBRE
63387,SIN NOMBRE,63387,SIN NOMBRE
63388,SIN NOMBRE,63388,SIN NOMBRE
63389,SIN NOMBRE,63389,SIN NOMBRE
63390,SIN NOMBRE,63390,SIN NOMBRE
63391,RIERA DE CARRERA O DE CASTELLAR,63404,SIN NOMBRE
63391,RIERA DE CARRERA O DE CASTELLAR,63405,SIN NOMBRE
63391,RIERA DE CARRERA O DE CASTELLAR,63407,SIN NOMBRE
63391,RIERA DE CARRERA O DE CASTELLAR,63408,SIN NOMBRE
63391,RIERA DE CARRERA O DE CASTELLAR,63409,SIN NOMBRE
63392,RIERA DE SANT EUDALD,63394,SIN NOMBRE
63392,RIERA DE SANT EUDALD,63398,SIN NOMBRE
63394,SIN NOMBRE,63394,SIN NOMBRE
63394,SIN NOMBRE,63395,SIN NOMBRE
63395,SIN NOMBRE,63395,SIN NOMBRE
63396,RIERA O TORRENT DE CAMPORIOL,63397,SIN NOMBRE
63397,SIN NOMBRE,63397,SIN NOMBRE
63398,SIN NOMBRE,63398,SIN NOMBRE
63402,TORRENT DE CASTELLAR,63403,SIN NOMBRE
63403,SIN NOMBRE,63403,SIN NOMBRE
63404,SIN NOMBRE,63404,SIN NOMBRE
63405,SIN NOMBRE,63405,SIN NOMBRE
63407,SIN NOMBRE,63407,SIN NOMBRE
63408,SIN NOMBRE,63408,SIN NOMBRE
63409,SIN NOMBRE,63409,SIN NOMBRE
63411,SIN NOMBRE,63411,SIN NOMBRE
63412,SIN NOMBRE,63412,SIN NOMBRE
63413,RIERA DE BIANYA,63414,SIN NOMBRE
63413,RIERA DE BIANYA,63426,SIN NOMBRE
63413,RIERA DE BIANYA,63427,SIN NOMBRE
63413,RIERA DE BIANYA,63439,SIN NOMBRE
63413,RIERA DE BIANYA,63448,SIN NOMBRE
63413,RIERA DE BIANYA,63449,SIN NOMBRE
63413,RIERA DE BIANYA,63450,SIN NOMBRE
63413,RIERA DE BIANYA,63451,SIN NOMBRE
63414,SIN NOMBRE,63414,SIN NOMBRE
63415,RIERA DE RIUDAURA,63416,SIN NOMBRE
63415,RIERA DE RIUDAURA,63417,SIN NOMBRE
63415,RIERA DE RIUDAURA,63418,SIN NOMBRE
63415,RIERA DE RIUDAURA,63422,SIN NOMBRE
63415,RIERA DE RIUDAURA,63425,SIN NOMBRE
63416,SIN NOMBRE,63416,SIN NOMBRE
63417,SIN NOMBRE,63417,SIN NOMBRE
63418,SIN NOMBRE,63418,SIN NOMBRE
63422,SIN NOMBRE,63422,SIN NOMBRE
63423,TORRENT DE LA PLANA,63424,SIN NOMBRE
63424,SIN NOMBRE,63424,SIN NOMBRE
63425,SIN NOMBRE,63425,SIN NOMBRE
63426,SIN NOMBRE,63426,SIN NOMBRE
63427,SIN NOMBRE,63427,SIN NOMBRE
63428,TORRENT DE CAPSEC,63429,SIN NOMBRE
63429,SIN NOMBRE,63429,SIN NOMBRE
63434,RIERA DE SANTA MARGARIDA,63435,SIN NOMBRE
63434,RIERA DE SANTA MARGARIDA,63436,SIN NOMBRE
63434,RIERA DE SANTA MARGARIDA,63437,SIN NOMBRE
63434,RIERA DE SANTA MARGARIDA,63438,SIN NOMBRE
63435,SIN NOMBRE,63435,SIN NOMBRE
63436,SIN NOMBRE,63436,SIN NOMBRE
63437,SIN NOMBRE,63437,SIN NOMBRE
63438,SIN NOMBRE,63438,SIN NOMBRE
63439,SIN NOMBRE,63439,SIN NOMBRE
63440,RIERA DE SANTA LLUCIA DE PUIGMAL,63443,SIN NOMBRE
63440,RIERA DE SANTA LLUCIA DE PUIGMAL,63444,SIN NOMBRE
63440,RIERA DE SANTA LLUCIA DE PUIGMAL,63445,SIN NOMBRE
63443,SIN NOMBRE,63443,SIN NOMBRE
63444,SIN NOMBRE,63444,SIN NOMBRE
63445,SIN NOMBRE,63445,SIN NOMBRE
63448,SIN NOMBRE,63448,SIN NOMBRE
63449,SIN NOMBRE,63449,SIN NOMBRE
63450,SIN NOMBRE,63450,SIN NOMBRE
63451,SIN NOMBRE,63451,SIN NOMBRE
63452,RIERA DE SANT SALVADOR,63453,SIN NOMBRE
63452,RIERA DE SANT SALVADOR,63455,SIN NOMBRE
63452,RIERA DE SANT SALVADOR,63456,SIN NOMBRE
63452,RIERA DE SANT SALVADOR,63457,SIN NOMBRE
63453,SIN NOMBRE,63453,SIN NOMBRE
63453,SIN NOMBRE,63454,SIN NOMBRE
63454,SIN NOMBRE,63454,SIN NOMBRE
63455,SIN NOMBRE,63455,SIN NOMBRE
63456,SIN NOMBRE,63456,SIN NOMBRE
63457,SIN NOMBRE,63457,SIN NOMBRE
63458,RIERA DE SANT PONÇ,63459,SIN NOMBRE
63458,RIERA DE SANT PONÇ,63460,SIN NOMBRE
63458,RIERA DE SANT PONÇ,63461,SIN NOMBRE
63458,RIERA DE SANT PONÇ,63462,SIN NOMBRE
63459,SIN NOMBRE,63459,SIN NOMBRE
63460,SIN NOMBRE,63460,SIN NOMBRE
63461,SIN NOMBRE,63461,SIN NOMBRE
63462,SIN NOMBRE,63462,SIN NOMBRE
63464,SIN NOMBRE,63464,SIN NOMBRE
63465,SIN NOMBRE,63465,SIN NOMBRE
63466,SIN NOMBRE,63466,SIN NOMBRE
63467,SIN NOMBRE,63467,SIN NOMBRE
63468,TORRENT DEL TIRAFAVES,63469,SIN NOMBRE
63468,TORRENT DEL TIRAFAVES,63473,SIN NOMBRE
63469,SIN NOMBRE,63469,SIN NOMBRE
63469,SIN NOMBRE,63470,SIN NOMBRE
63469,SIN NOMBRE,63471,SIN NOMBRE
63469,SIN NOMBRE,63472,SIN NOMBRE
63470,SIN NOMBRE,63470,SIN NOMBRE
63471,SIN NOMBRE,63471,SIN NOMBRE
63472,SIN NOMBRE,63472,SIN NOMBRE
63473,SIN NOMBRE,63473,SIN NOMBRE
63474,REC DEL TINOSELL,63475,SIN NOMBRE
63474,REC DEL TINOSELL,63476,SIN NOMBRE
63475,SIN NOMBRE,63475,SIN NOMBRE
63476,SIN NOMBRE,63476,SIN NOMBRE
63477,TORRENT DE SANT SEBASDTIA,63478,SIN NOMBRE
63477,TORRENT DE SANT SEBASDTIA,63479,SIN NOMBRE
63478,SIN NOMBRE,63478,SIN NOMBRE
63478,SIN NOMBRE,63479,SIN NOMBRE
63479,SIN NOMBRE,63478,SIN NOMBRE
63479,SIN NOMBRE,63479,SIN NOMBRE
63480,RIU GURN,63482,SIN NOMBRE
63482,SIN NOMBRE,63482,SIN NOMBRE
63484,RIERA DE SALLENT,63489,SIN NOMBRE
63486,TORRENT DEL GINEBRAR,63487,SIN NOMBRE
63487,SIN NOMBRE,63487,SIN NOMBRE
63489,SIN NOMBRE,63489,SIN NOMBRE
63489,SIN NOMBRE,63490,SIN NOMBRE
63490,SIN NOMBRE,63490,SIN NOMBRE
63492,TORRENT DE SANTA MAGDALENA,63493,SIN NOMBRE
63492,TORRENT DE SANTA MAGDALENA,63494,SIN NOMBRE
63492,TORRENT DE SANTA MAGDALENA,63497,SIN NOMBRE
63493,SIN NOMBRE,63493,SIN NOMBRE
63494,SIN NOMBRE,63494,SIN NOMBRE
63497,SIN NOMBRE,63497,SIN NOMBRE
63498,SIN NOMBRE,63498,SIN NOMBRE
63498,SIN NOMBRE,63499,SIN NOMBRE
63499,SIN NOMBRE,63499,SIN NOMBRE
63501,SIN NOMBRE,63501,SIN NOMBRE
63502,RIERA DE JOANETES,63504,SIN NOMBRE
63502,RIERA DE JOANETES,63505,SIN NOMBRE
63502,RIERA DE JOANETES,63507,SIN NOMBRE
63502,RIERA DE JOANETES,63508,SIN NOMBRE
63502,RIERA DE JOANETES,63509,SIN NOMBRE
63502,RIERA DE JOANETES,63510,SIN NOMBRE
63504,SIN NOMBRE,63504,SIN NOMBRE
63505,SIN NOMBRE,63505,SIN NOMBRE
63507,SIN NOMBRE,63507,SIN NOMBRE
63508,SIN NOMBRE,63508,SIN NOMBRE
63509,SIN NOMBRE,63509,SIN NOMBRE
63510,SIN NOMBRE,63510,SIN NOMBRE
63511,RIERA DE RIDAURA,63512,SIN NOMBRE
63511,RIERA DE RIDAURA,63513,SIN NOMBRE
63511,RIERA DE RIDAURA,63514,SIN NOMBRE
63511,RIERA DE RIDAURA,63515,SIN NOMBRE
63512,SIN NOMBRE,63512,SIN NOMBRE
63513,SIN NOMBRE,63513,SIN NOMBRE
63514,SIN NOMBRE,63514,SIN NOMBRE
63515,SIN NOMBRE,63515,SIN NOMBRE
63516,SIN NOMBRE,63516,SIN NOMBRE
63516,SIN NOMBRE,63517,SIN NOMBRE
63517,SIN NOMBRE,63517,SIN NOMBRE
63518,SIN NOMBRE,63518,SIN NOMBRE
63520,TORRENT DE LA BATLLIA,63522,SIN NOMBRE
63522,SIN NOMBRE,63522,SIN NOMBRE
63522,SIN NOMBRE,63523,SIN NOMBRE
63523,SIN NOMBRE,63523,SIN NOMBRE
63524,SIN NOMBRE,63524,SIN NOMBRE
63526,TORRENT DE LA CODINA,63527,SIN NOMBRE
63527,SIN NOMBRE,63527,SIN NOMBRE
63528,TORRENT DE LA FAJA,63529,SIN NOMBRE
63528,TORRENT DE LA FAJA,63530,SIN NOMBRE
63529,SIN NOMBRE,63529,SIN NOMBRE
63530,SIN NOMBRE,63530,SIN NOMBRE
63531,TORRENT DEL PUIG,63539,SIN NOMBRE
63532,TORRENT D'ARTIGAMALA,63533,SIN NOMBRE
63532,TORRENT D'ARTIGAMALA,63534,SIN NOMBRE
63533,SIN NOMBRE,63533,SIN NOMBRE
63534,SIN NOMBRE,63534,SIN NOMBRE
63537,TORRENT DE LA SERRA,63538,SIN NOMBRE
63538,SIN NOMBRE,63538,SIN NOMBRE
63539,SIN NOMBRE,63539,SIN NOMBRE
63541,REC DEL MOLI D'EN DORRA,63546,SIN NOMBRE
63542,REC DE LA FONT,63543,SIN NOMBRE
63542,REC DE LA FONT,63545,SIN NOMBRE
63542,REC DE LA FONT,63546,SIN NOMBRE
63543,SIN NOMBRE,63543,SIN NOMBRE
63545,SIN NOMBRE,63545,SIN NOMBRE
63546,SIN NOMBRE,63546,SIN NOMBRE
63547,RIU MUGA,63630,SIN NOMBRE
63547,RIU MUGA,63812,SIN NOMBRE
63547,RIU MUGA,63813,SIN NOMBRE
63547,RIU MUGA,63814,SIN NOMBRE
63547,RIU MUGA,63815,SIN NOMBRE
63547,RIU MUGA,63820,SIN NOMBRE
63547,RIU MUGA,63824,SIN NOMBRE
63547,RIU MUGA,63826,SIN NOMBRE
63547,RIU MUGA,63827,SIN NOMBRE
63547,RIU MUGA,63832,SIN NOMBRE
63547,RIU MUGA,63874,SIN NOMBRE
63547,RIU MUGA,63875,SIN NOMBRE
63547,RIU MUGA,63887,SIN NOMBRE
63547,RIU MUGA,63888,SIN NOMBRE
63547,RIU MUGA,63890,SIN NOMBRE
63547,RIU MUGA,63893,SIN NOMBRE
63547,RIU MUGA,63894,SIN NOMBRE
63547,RIU MUGA,63895,SIN NOMBRE
63547,RIU MUGA,63896,SIN NOMBRE
63547,RIU MUGA,63900,SIN NOMBRE
63547,RIU MUGA,63901,SIN NOMBRE
63547,RIU MUGA,63903,SIN NOMBRE
63547,RIU MUGA,63904,SIN NOMBRE
63547,RIU MUGA,63905,SIN NOMBRE
63547,RIU MUGA,63907,SIN NOMBRE
63547,RIU MUGA,63916,SIN NOMBRE
63547,RIU MUGA,63919,SIN NOMBRE
63551,RIU MANOL,63594,SIN NOMBRE
63551,RIU MANOL,63606,SIN NOMBRE
63551,RIU MANOL,63609,SIN NOMBRE
63551,RIU MANOL,63613,SIN NOMBRE
63551,RIU MANOL,63614,SIN NOMBRE
63551,RIU MANOL,63615,SIN NOMBRE
63551,RIU MANOL,63616,SIN NOMBRE
63551,RIU MANOL,63624,SIN NOMBRE
63551,RIU MANOL,63628,SIN NOMBRE
63551,RIU MANOL,63629,SIN NOMBRE
63554,RIERA D'ALGUEMA,63555,SIN NOMBRE
63554,RIERA D'ALGUEMA,63557,SIN NOMBRE
63554,RIERA D'ALGUEMA,63558,SIN NOMBRE
63554,RIERA D'ALGUEMA,63560,SIN NOMBRE
63554,RIERA D'ALGUEMA,63561,SIN NOMBRE
63554,RIERA D'ALGUEMA,63566,SIN NOMBRE
63554,RIERA D'ALGUEMA,63567,SIN NOMBRE
63554,RIERA D'ALGUEMA,63571,SIN NOMBRE
63554,RIERA D'ALGUEMA,63572,SIN NOMBRE
63555,SIN NOMBRE,63555,SIN NOMBRE
63557,SIN NOMBRE,63557,SIN NOMBRE
63558,SIN NOMBRE,63558,SIN NOMBRE
63560,SIN NOMBRE,63560,SIN NOMBRE
63561,SIN NOMBRE,63561,SIN NOMBRE
63566,SIN NOMBRE,63566,SIN NOMBRE
63567,SIN NOMBRE,63567,SIN NOMBRE
63569,TORRENT DE LA TRIA,63570,SIN NOMBRE
63570,SIN NOMBRE,63570,SIN NOMBRE
63571,SIN NOMBRE,63571,SIN NOMBRE
63572,SIN NOMBRE,63572,SIN NOMBRE
63573,REC DE LES COSTES,63575,SIN NOMBRE
63575,SIN NOMBRE,63575,SIN NOMBRE
63577,RIU RISSEC,63578,SIN NOMBRE
63578,SIN NOMBRE,63578,SIN NOMBRE
63579,TORRENT DE COMA FORCADA,63580,SIN NOMBRE
63580,SIN NOMBRE,63580,SIN NOMBRE
63581,REC DEL MALPAS,63582,SIN NOMBRE
63582,SIN NOMBRE,63582,SIN NOMBRE
63585,TORRENT DEL RISECC,63589,SIN NOMBRE
63586,TORRENT DE LA PENYA,63587,SIN NOMBRE
63587,SIN NOMBRE,63587,SIN NOMBRE
63587,SIN NOMBRE,63588,SIN NOMBRE
63588,SIN NOMBRE,63588,SIN NOMBRE
63589,SIN NOMBRE,63589,SIN NOMBRE
63590,RIERA DE MAS RODELLA,63591,SIN NOMBRE
63591,SIN NOMBRE,63591,SIN NOMBRE
63594,SIN NOMBRE,63594,SIN NOMBRE
63595,RIERA DE LA CODINA,63604,SIN NOMBRE
63595,RIERA DE LA CODINA,63605,SIN NOMBRE
63597,RIERA DE VILARIG,63601,SIN NOMBRE
63597,RIERA DE VILARIG,63602,SIN NOMBRE
63598,RIERA DE MAS CAMPS,63599,SIN NOMBRE
63598,RIERA DE MAS CAMPS,63600,SIN NOMBRE
63599,SIN NOMBRE,63599,SIN NOMBRE
63600,SIN NOMBRE,63600,SIN NOMBRE
63601,SIN NOMBRE,63601,SIN NOMBRE
63602,SIN NOMBRE,63602,SIN NOMBRE
63604,SIN NOMBRE,63604,SIN NOMBRE
63605,SIN NOMBRE,63605,SIN NOMBRE
63606,SIN NOMBRE,63606,SIN NOMBRE
63609,SIN NOMBRE,63609,SIN NOMBRE
63613,SIN NOMBRE,63613,SIN NOMBRE
63614,SIN NOMBRE,63614,SIN NOMBRE
63615,SIN NOMBRE,63615,SIN NOMBRE
63616,SIN NOMBRE,63616,SIN NOMBRE
63617,RIERA DE MONTALAT,63618,SIN NOMBRE
63617,RIERA DE MONTALAT,63619,SIN NOMBRE
63617,RIERA DE MONTALAT,63620,SIN NOMBRE
63617,RIERA DE MONTALAT,63621,SIN NOMBRE
63618,SIN NOMBRE,63618,SIN NOMBRE
63619,SIN NOMBRE,63619,SIN NOMBRE
63620,SIN NOMBRE,63620,SIN NOMBRE
63621,SIN NOMBRE,63621,SIN NOMBRE
63621,SIN NOMBRE,63622,SIN NOMBRE
63621,SIN NOMBRE,63623,SIN NOMBRE
63622,SIN NOMBRE,63622,SIN NOMBRE
63623,SIN NOMBRE,63623,SIN NOMBRE
63624,SIN NOMBRE,63624,SIN NOMBRE
63626,TORRENT DE LA CIRERA,63627,SIN NOMBRE
63627,SIN NOMBRE,63627,SIN NOMBRE
63628,SIN NOMBRE,63628,SIN NOMBRE
63629,SIN NOMBRE,63629,SIN NOMBRE
63630,SIN NOMBRE,63630,SIN NOMBRE
63630,SIN NOMBRE,63631,SIN NOMBRE
63631,SIN NOMBRE,63631,SIN NOMBRE
63632,REC DEL CAMI VELL,63633,SIN NOMBRE
63633,SIN NOMBRE,63633,SIN NOMBRE
63634,RIU LLOBREGAT,63765,SIN NOMBRE
63634,RIU LLOBREGAT,63776,SIN NOMBRE
63634,RIU LLOBREGAT,63780,SIN NOMBRE
63634,RIU LLOBREGAT,63787,SIN NOMBRE
63634,RIU LLOBREGAT,63788,SIN NOMBRE
63634,RIU LLOBREGAT,63800,SIN NOMBRE
63634,RIU LLOBREGAT,63805,SIN NOMBRE
63634,RIU LLOBREGAT,63807,SIN NOMBRE
63636,RIBERA D'ANYET,63700,SIN NOMBRE
63636,RIBERA D'ANYET,63704,SIN NOMBRE
63636,RIBERA D'ANYET,63705,SIN NOMBRE
63636,RIBERA D'ANYET,63706,SIN NOMBRE
63636,RIBERA D'ANYET,63707,SIN NOMBRE
63636,RIBERA D'ANYET,63708,SIN NOMBRE
63636,RIBERA D'ANYET,63709,SIN NOMBRE
63637,RIU ORLINA,63639,SIN NOMBRE
63637,RIU ORLINA,63675,SIN NOMBRE
63639,SIN NOMBRE,63639,SIN NOMBRE
63639,SIN NOMBRE,63640,SIN NOMBRE
63640,SIN NOMBRE,63640,SIN NOMBRE
63641,RIU REGUERADA,63642,SIN NOMBRE
63641,RIU REGUERADA,63644,SIN NOMBRE
63641,RIU REGUERADA,63651,SIN NOMBRE
63642,SIN NOMBRE,63642,SIN NOMBRE
63644,SIN NOMBRE,63644,SIN NOMBRE
63651,SIN NOMBRE,63651,SIN NOMBRE
63655,REC DEL SITJAR,63656,SIN NOMBRE
63656,SIN NOMBRE,63656,SIN NOMBRE
63657,REC DE GONTA,63656,SIN NOMBRE
63664,RIERA DELS CASTANYERS,63668,SIN NOMBRE
63664,RIERA DELS CASTANYERS,63669,SIN NOMBRE
63664,RIERA DELS CASTANYERS,63670,SIN NOMBRE
63668,SIN NOMBRE,63668,SIN NOMBRE
63669,SIN NOMBRE,63669,SIN NOMBRE
63670,SIN NOMBRE,63670,SIN NOMBRE
63675,SIN NOMBRE,63675,SIN NOMBRE
63680,REC DEL PUIG D'ESTELA,63684,SIN NOMBRE
63680,REC DEL PUIG D'ESTELA,63685,SIN NOMBRE
63682,REC DE VALLFREDA,63683,SIN NOMBRE
63683,SIN NOMBRE,63683,SIN NOMBRE
63684,SIN NOMBRE,63684,SIN NOMBRE
63685,SIN NOMBRE,63685,SIN NOMBRE
63688,RIU CORREC,63689,SIN NOMBRE
63689,SIN NOMBRE,63689,SIN NOMBRE
63692,CORREC DE TRASSERRA,63694,SIN NOMBRE
63694,SIN NOMBRE,63694,SIN NOMBRE
63698,RIU RUDESQUERS,63699,SIN NOMBRE
63699,SIN NOMBRE,63699,SIN NOMBRE
63700,SIN NOMBRE,63700,SIN NOMBRE
63701,CORREC DELS VERNASSOS,63702,SIN NOMBRE
63701,CORREC DELS VERNASSOS,63703,SIN NOMBRE
63702,SIN NOMBRE,63702,SIN NOMBRE
63702,SIN NOMBRE,63703,SIN NOMBRE
63703,SIN NOMBRE,63702,SIN NOMBRE
63703,SIN NOMBRE,63703,SIN NOMBRE
63704,SIN NOMBRE,63704,SIN NOMBRE
63705,SIN NOMBRE,63705,SIN NOMBRE
63706,SIN NOMBRE,63706,SIN NOMBRE
63707,SIN NOMBRE,63707,SIN NOMBRE
63708,SIN NOMBRE,63708,SIN NOMBRE
63709,SIN NOMBRE,63709,SIN NOMBRE
63710,CORREC DE LA VERMOSA,63711,SIN NOMBRE
63711,SIN NOMBRE,63711,SIN NOMBRE
63713,CORREC DE JAÇA VELLA,63714,SIN NOMBRE
63714,SIN NOMBRE,63714,SIN NOMBRE
63720,TORRENT DE COLL PREGON,63721,SIN NOMBRE
63720,TORRENT DE COLL PREGON,63722,SIN NOMBRE
63720,TORRENT DE COLL PREGON,63723,SIN NOMBRE
63721,SIN NOMBRE,63721,SIN NOMBRE
63722,SIN NOMBRE,63722,SIN NOMBRE
63723,SIN NOMBRE,63723,SIN NOMBRE
63724,CORREC DE LA FONT DE PRIMAVERA,63725,SIN NOMBRE
63725,SIN NOMBRE,63725,SIN NOMBRE
63726,RIBERA DE VILARNADAL,63727,SIN NOMBRE
63727,SIN NOMBRE,63727,SIN NOMBRE
63728,RIBERA DE TORRELLES,63734,SIN NOMBRE
63731,CORREC DEL VIELL,63732,SIN NOMBRE
63731,CORREC DEL VIELL,63733,SIN NOMBRE
63732,SIN NOMBRE,63732,SIN NOMBRE
63733,SIN NOMBRE,63733,SIN NOMBRE
63734,SIN NOMBRE,63734,SIN NOMBRE
63734,SIN NOMBRE,63735,SIN NOMBRE
63735,SIN NOMBRE,63735,SIN NOMBRE
63736,RIU RICARDELL,63737,SIN NOMBRE
63736,RIU RICARDELL,63738,SIN NOMBRE
63736,RIU RICARDELL,63739,SIN NOMBRE
63736,RIU RICARDELL,63740,SIN NOMBRE
63736,RIU RICARDELL,63741,SIN NOMBRE
63736,RIU RICARDELL,63745,SIN NOMBRE
63736,RIU RICARDELL,63748,SIN NOMBRE
63737,SIN NOMBRE,63737,SIN NOMBRE
63738,SIN NOMBRE,63738,SIN NOMBRE
63739,SIN NOMBRE,63739,SIN NOMBRE
63740,SIN NOMBRE,63740,SIN NOMBRE
63741,SIN NOMBRE,63741,SIN NOMBRE
63745,SIN NOMBRE,63745,SIN NOMBRE
63748,SIN NOMBRE,63748,SIN NOMBRE
63750,RIU RIBERA,63752,SIN NOMBRE
63750,RIU RIBERA,63753,SIN NOMBRE
63750,RIU RIBERA,63754,SIN NOMBRE
63752,SIN NOMBRE,63752,SIN NOMBRE
63753,SIN NOMBRE,63753,SIN NOMBRE
63754,SIN NOMBRE,63754,SIN NOMBRE
63759,BARRANC DE LES TORTORES,63760,SIN NOMBRE
63760,SIN NOMBRE,63760,SIN NOMBRE
63762,RIU RIBERETA,63763,SIN NOMBRE
63763,SIN NOMBRE,63763,SIN NOMBRE
63765,SIN NOMBRE,63765,SIN NOMBRE
63767,RIU DE LA GUILLA,63772,SIN NOMBRE
63767,RIU DE LA GUILLA,63774,SIN NOMBRE
63768,RIERA DEL GOU,63769,SIN NOMBRE
63769,SIN NOMBRE,63769,SIN NOMBRE
63772,SIN NOMBRE,63772,SIN NOMBRE
63772,SIN NOMBRE,63773,SIN NOMBRE
63773,SIN NOMBRE,63773,SIN NOMBRE
63774,SIN NOMBRE,63774,SIN NOMBRE
63776,SIN NOMBRE,63776,SIN NOMBRE
63777,CORREC DE COMUNERA,63778,SIN NOMBRE
63777,CORREC DE COMUNERA,63779,SIN NOMBRE
63778,SIN NOMBRE,63778,SIN NOMBRE
63779,SIN NOMBRE,63779,SIN NOMBRE
63780,SIN NOMBRE,63780,SIN NOMBRE
63782,CORREC DEL FORN,63783,SIN NOMBRE
63783,SIN NOMBRE,63783,SIN NOMBRE
63784,CORREC DE SANTA LLUCIA,63785,SIN NOMBRE
63784,CORREC DE SANTA LLUCIA,63786,SIN NOMBRE
63785,SIN NOMBRE,63785,SIN NOMBRE
63786,SIN NOMBRE,63786,SIN NOMBRE
63787,SIN NOMBRE,63787,SIN NOMBRE
63788,SIN NOMBRE,63788,SIN NOMBRE
63789,CORREC DE LA CANALETA,63790,SIN NOMBRE
63790,SIN NOMBRE,63790,SIN NOMBRE
63791,TORRENT DE QUEROLS,63792,SIN NOMBRE
63791,TORRENT DE QUEROLS,63793,SIN NOMBRE
63792,SIN NOMBRE,63792,SIN NOMBRE
63793,SIN NOMBRE,63793,SIN NOMBRE
63794,CORREC DE LES VINYES,63795,SIN NOMBRE
63795,SIN NOMBRE,63795,SIN NOMBRE
63797,CORREC DE SANT JULIA,63798,SIN NOMBRE
63797,CORREC DE SANT JULIA,63799,SIN NOMBRE
63798,SIN NOMBRE,63798,SIN NOMBRE
63799,SIN NOMBRE,63799,SIN NOMBRE
63800,SIN NOMBRE,63800,SIN NOMBRE
63801,CORREC DEL FORN DEL VIDRE,63802,SIN NOMBRE
63802,SIN NOMBRE,63802,SIN NOMBRE
63805,SIN NOMBRE,63805,SIN NOMBRE
63805,SIN NOMBRE,63806,SIN NOMBRE
63806,SIN NOMBRE,63806,SIN NOMBRE
63807,SIN NOMBRE,63807,SIN NOMBRE
63807,SIN NOMBRE,63808,SIN NOMBRE
63808,SIN NOMBRE,63808,SIN NOMBRE
63809,CORREC DEL FITO,63807,SIN NOMBRE
63810,CORREC DEL BOU BLANC,63811,SIN NOMBRE
63811,SIN NOMBRE,63811,SIN NOMBRE
63812,SIN NOMBRE,63812,SIN NOMBRE
63813,SIN NOMBRE,63813,SIN NOMBRE
63814,SIN NOMBRE,63814,SIN NOMBRE
63815,SIN NOMBRE,63815,SIN NOMBRE
63816,CORREC DE MAS LLOPARD,63817,SIN NOMBRE
63817,SIN NOMBRE,63817,SIN NOMBRE
63818,TORRENT DEL MAS CARRERES,63819,SIN NOMBRE
63819,SIN NOMBRE,63819,SIN NOMBRE
63820,SIN NOMBRE,63820,SIN NOMBRE
63824,SIN NOMBRE,63824,SIN NOMBRE
63826,SIN NOMBRE,63826,SIN NOMBRE
63827,SIN NOMBRE,63827,SIN NOMBRE
63828,TORRENT DE CANEMARS,63830,SIN NOMBRE
63828,TORRENT DE CANEMARS,63831,SIN NOMBRE
63830,SIN NOMBRE,63830,SIN NOMBRE
63830,SIN NOMBRE,63831,SIN NOMBRE
63831,SIN NOMBRE,63830,SIN NOMBRE
63831,SIN NOMBRE,63831,SIN NOMBRE
63832,SIN NOMBRE,63832,SIN NOMBRE
63833,RIU D'ARMERA,63836,SIN NOMBRE
63833,RIU D'ARMERA,63847,SIN NOMBRE
63833,RIU D'ARMERA,63848,SIN NOMBRE
63833,RIU D'ARMERA,63873,SIN NOMBRE
63836,SIN NOMBRE,63836,SIN NOMBRE
63838,RIU RINADAL,63844,SIN NOMBRE
63838,RIU RINADAL,63845,SIN NOMBRE
63839,CLOT DE CAN SUNYER,63840,SIN NOMBRE
63840,SIN NOMBRE,63840,SIN NOMBRE
63842,RIERA DE MAS CASTELL,63843,SIN NOMBRE
63843,SIN NOMBRE,63843,SIN NOMBRE
63844,SIN NOMBRE,63844,SIN NOMBRE
63845,SIN NOMBRE,63845,SIN NOMBRE
63847,SIN NOMBRE,63847,SIN NOMBRE
63848,SIN NOMBRE,63848,SIN NOMBRE
63849,RIERA DE FRAUSSA,63853,SIN NOMBRE
63849,RIERA DE FRAUSSA,63854,SIN NOMBRE
63850,RIERA D'ARDENYA,63851,SIN NOMBRE
63851,SIN NOMBRE,63851,SIN NOMBRE
63853,SIN NOMBRE,63853,SIN NOMBRE
63854,SIN NOMBRE,63854,SIN NOMBRE
63862,RIERA DELS HORTS,63863,SIN NOMBRE
63862,RIERA DELS HORTS,63865,SIN NOMBRE
63862,RIERA DELS HORTS,63866,SIN NOMBRE
63862,RIERA DELS HORTS,63867,SIN NOMBRE
63863,SIN NOMBRE,63863,SIN NOMBRE
63865,SIN NOMBRE,63865,SIN NOMBRE
63866,SIN NOMBRE,63866,SIN NOMBRE
63867,SIN NOMBRE,63867,SIN NOMBRE
63868,CLOT DEL BALLO,63869,SIN NOMBRE
63869,SIN NOMBRE,63869,SIN NOMBRE
63870,CLOT DEL CROS,63871,SIN NOMBRE
63870,CLOT DEL CROS,63872,SIN NOMBRE
63871,SIN NOMBRE,63871,SIN NOMBRE
63872,SIN NOMBRE,63872,SIN NOMBRE
63873,SIN NOMBRE,63873,SIN NOMBRE
63874,SIN NOMBRE,63874,SIN NOMBRE
63875,SIN NOMBRE,63875,SIN NOMBRE
63877,RIU RIMAL,63885,SIN NOMBRE
63882,CLOT DEL BAC CONVERSA,63883,SIN NOMBRE
63882,CLOT DEL BAC CONVERSA,63884,SIN NOMBRE
63883,SIN NOMBRE,63883,SIN NOMBRE
63883,SIN NOMBRE,63884,SIN NOMBRE
63884,SIN NOMBRE,63883,SIN NOMBRE
63884,SIN NOMBRE,63884,SIN NOMBRE
63885,SIN NOMBRE,63885,SIN NOMBRE
63887,SIN NOMBRE,63887,SIN NOMBRE
63888,SIN NOMBRE,63888,SIN NOMBRE
63890,SIN NOMBRE,63890,SIN NOMBRE
63893,SIN NOMBRE,63893,SIN NOMBRE
63894,SIN NOMBRE,63894,SIN NOMBRE
63895,SIN NOMBRE,63895,SIN NOMBRE
63896,SIN NOMBRE,63896,SIN NOMBRE
63897,CLOT DE LA BORA,63898,SIN NOMBRE
63897,CLOT DE LA BORA,63899,SIN NOMBRE
63898,SIN NOMBRE,63898,SIN NOMBRE
63899,SIN NOMBRE,63899,SIN NOMBRE
63900,SIN NOMBRE,63900,SIN NOMBRE
63901,SIN NOMBRE,63901,SIN NOMBRE
63903,SIN NOMBRE,63903,SIN NOMBRE
63904,SIN NOMBRE,63904,SIN NOMBRE
63905,SIN NOMBRE,63905,SIN NOMBRE
63907,SIN NOMBRE,63907,SIN NOMBRE
63908,RIERA D'EN PARADA,63909,SIN NOMBRE
63908,RIERA D'EN PARADA,63910,SIN NOMBRE
63908,RIERA D'EN PARADA,63911,SIN NOMBRE
63908,RIERA D'EN PARADA,63912,SIN NOMBRE
63908,RIERA D'EN PARADA,63913,SIN NOMBRE
63909,SIN NOMBRE,63909,SIN NOMBRE
63910,SIN NOMBRE,63910,SIN NOMBRE
63911,SIN NOMBRE,63911,SIN NOMBRE
63912,SIN NOMBRE,63912,SIN NOMBRE
63913,SIN NOMBRE,63913,SIN NOMBRE
63916,SIN NOMBRE,63916,SIN NOMBRE
63917,TORRENT DE FERREROS,63918,SIN NOMBRE
63918,SIN NOMBRE,63918,SIN NOMBRE
63919,SIN NOMBRE,63919,SIN NOMBRE
63920,CLOT DEL TAQUINELL,63921,SIN NOMBRE
63921,SIN NOMBRE,63921,SIN NOMBRE
63926,RIU MAJOR,63927,SIN NOMBRE
63926,RIU MAJOR,63928,SIN NOMBRE
63927,SIN NOMBRE,63927,SIN NOMBRE
63928,SIN NOMBRE,63928,SIN NOMBRE
63929,SIN NOMBRE,63929,SIN NOMBRE
63934,REC D'EN MATES,63937,SIN NOMBRE
63935,REC DE QUERALBS,63936,SIN NOMBRE
63936,SIN NOMBRE,63936,SIN NOMBRE
63937,SIN NOMBRE,63937,SIN NOMBRE
63939,REC DE LES CLOSES,63942,SIN NOMBRE
63940,REC DE LA FANTASIA,63941,SIN NOMBRE
63941,SIN NOMBRE,63941,SIN NOMBRE
63942,SIN NOMBRE,63942,SIN NOMBRE
63950,REC DE PLANELLS,63951,SIN NOMBRE
63951,SIN NOMBRE,63951,SIN NOMBRE
63954,RIERA DE PEDRET,63955,SIN NOMBRE
63955,SIN NOMBRE,63955,SIN NOMBRE
63959,BARRANC DE LA COMA DE L'INFERN,63960,SIN NOMBRE
63959,BARRANC DE LA COMA DE L'INFERN,63961,SIN NOMBRE
63959,BARRANC DE LA COMA DE L'INFERN,63962,SIN NOMBRE
63960,SIN NOMBRE,63960,SIN NOMBRE
63961,SIN NOMBRE,63961,SIN NOMBRE
63962,SIN NOMBRE,63962,SIN NOMBRE
63967,REC DE LES FONTS,63968,SIN NOMBRE
63968,SIN NOMBRE,63968,SIN NOMBRE
63969,RIERA DE GARRIGUELLA,63970,SIN NOMBRE
63969,RIERA DE GARRIGUELLA,63980,SIN NOMBRE
63970,SIN NOMBRE,63970,SIN NOMBRE
63971,RIBERA DE PONTILS,63980,SIN NOMBRE
63972,REC DE FONTANILLES,63973,SIN NOMBRE
63973,SIN NOMBRE,63973,SIN NOMBRE
63978,BARRANC DE LA MATA,63979,SIN NOMBRE
63979,SIN NOMBRE,63979,SIN NOMBRE
63980,SIN NOMBRE,63980,SIN NOMBRE
63982,REC DEL MAS DELS ARBRES,63984,SIN NOMBRE
63982,REC DEL MAS DELS ARBRES,63985,SIN NOMBRE
63982,REC DEL MAS DELS ARBRES,63986,SIN NOMBRE
63984,SIN NOMBRE,63984,SIN NOMBRE
63985,SIN NOMBRE,63985,SIN NOMBRE
63986,SIN NOMBRE,63986,SIN NOMBRE
63987,REC FONDO,63988,SIN NOMBRE
63988,SIN NOMBRE,63988,SIN NOMBRE
63989,RIERA DE LA VILA,63991,SIN NOMBRE
63989,RIERA DE LA VILA,63992,SIN NOMBRE
63991,SIN NOMBRE,63991,SIN NOMBRE
63992,SIN NOMBRE,63992,SIN NOMBRE
63993,RIERA DE LA QUARA,63994,SIN NOMBRE
63994,SIN NOMBRE,63994,SIN NOMBRE
63998,REC DE MONTJOI,63999,SIN NOMBRE
63998,REC DE MONTJOI,64000,SIN NOMBRE
63999,SIN NOMBRE,63999,SIN NOMBRE
64000,SIN NOMBRE,64000,SIN NOMBRE
64002,RIERA DE JONCOLS,64006,SIN NOMBRE
64006,SIN NOMBRE,64006,SIN NOMBRE
64008,SIN NOMBRE,64008,SIN NOMBRE
64013,SIN NOMBRE,64013,SIN NOMBRE
64014,SIN NOMBRE,64014,SIN NOMBRE
64026,SIN NOMBRE,64026,SIN NOMBRE
64029,REC DE SES CULASSES,64030,SIN NOMBRE
64030,SIN NOMBRE,64030,SIN NOMBRE
64033,SIN NOMBRE,64033,SIN NOMBRE
64036,RIERA DE TAVALLERA,64037,SIN NOMBRE
64036,RIERA DE TAVALLERA,64038,SIN NOMBRE
64037,SIN NOMBRE,64037,SIN NOMBRE
64038,SIN NOMBRE,64038,SIN NOMBRE
64042,REC DE TALABRE,64044,SIN NOMBRE
64042,REC DE TALABRE,64045,SIN NOMBRE
64044,SIN NOMBRE,64044,SIN NOMBRE
64045,SIN NOMBRE,64045,SIN NOMBRE
64047,REC DE LA GALERA,64048,SIN NOMBRE
64048,SIN NOMBRE,64048,SIN NOMBRE
64050,REC DE LA TAMARIUA,64051,SIN NOMBRE
64051,SIN NOMBRE,64051,SIN NOMBRE
64053,RIERA DE ROMANYAC,64055,SIN NOMBRE
64053,RIERA DE ROMANYAC,64058,SIN NOMBRE
64053,RIERA DE ROMANYAC,64060,SIN NOMBRE
64053,RIERA DE ROMANYAC,64064,SIN NOMBRE
64053,RIERA DE ROMANYAC,64067,SIN NOMBRE
64053,RIERA DE ROMANYAC,64068,SIN NOMBRE
64055,SIN NOMBRE,64055,SIN NOMBRE
64058,SIN NOMBRE,64058,SIN NOMBRE
64060,SIN NOMBRE,64060,SIN NOMBRE
64064,SIN NOMBRE,64064,SIN NOMBRE
64065,REC DELS TRULLS,64066,SIN NOMBRE
64066,SIN NOMBRE,64066,SIN NOMBRE
64067,SIN NOMBRE,64067,SIN NOMBRE
64068,SIN NOMBRE,64068,SIN NOMBRE
64069,REC DE LA LLOBATERA,64070,SIN NOMBRE
64070,SIN NOMBRE,64070,SIN NOMBRE
64072,REC DELS GATIENS,64073,SIN NOMBRE
64073,SIN NOMBRE,64073,SIN NOMBRE
64074,REC DELS GORGS,64075,SIN NOMBRE
64075,SIN NOMBRE,64075,SIN NOMBRE
64077,SIN NOMBRE,64077,SIN NOMBRE
64081,SIN NOMBRE,64081,SIN NOMBRE
64083,RIBERA DE LLANÇA,64084,SIN NOMBRE
64083,RIBERA DE LLANÇA,64085,SIN NOMBRE
64083,RIBERA DE LLANÇA,64086,SIN NOMBRE
64083,RIBERA DE LLANÇA,64087,SIN NOMBRE
64083,RIBERA DE LLANÇA,64092,SIN NOMBRE
64084,SIN NOMBRE,64084,SIN NOMBRE
64085,SIN NOMBRE,64085,SIN NOMBRE
64086,SIN NOMBRE,64086,SIN NOMBRE
64087,SIN NOMBRE,64087,SIN NOMBRE
64088,RIBERA D'EN PRIM,64089,SIN NOMBRE
64089,SIN NOMBRE,64089,SIN NOMBRE
64090,RIBERA DE MADRES,64091,SIN NOMBRE
64091,SIN NOMBRE,64091,SIN NOMBRE
64092,SIN NOMBRE,64092,SIN NOMBRE
64093,RIBERA DEL MAS DE LA MATA,64094,SIN NOMBRE
64093,RIBERA DEL MAS DE LA MATA,64095,SIN NOMBRE
64094,SIN NOMBRE,64094,SIN NOMBRE
64094,SIN NOMBRE,64095,SIN NOMBRE
64095,SIN NOMBRE,64094,SIN NOMBRE
64095,SIN NOMBRE,64095,SIN NOMBRE
64096,RIERA DE VALLETA,64097,SIN NOMBRE
64096,RIERA DE VALLETA,64099,SIN NOMBRE
64096,RIERA DE VALLETA,64100,SIN NOMBRE
64097,SIN NOMBRE,64097,SIN NOMBRE
64099,SIN NOMBRE,64099,SIN NOMBRE
64100,SIN NOMBRE,64100,SIN NOMBRE
64101,TORRENT DE LA BALMETA,64102,SIN NOMBRE
64102,SIN NOMBRE,64102,SIN NOMBRE
64104,REC DEL BOQUER,64105,SIN NOMBRE
64104,REC DEL BOQUER,64106,SIN NOMBRE
64105,SIN NOMBRE,64105,SIN NOMBRE
64106,SIN NOMBRE,64106,SIN NOMBRE
64107,REC DE GRIFEU,64108,SIN NOMBRE
64108,SIN NOMBRE,64108,SIN NOMBRE
64109,RIERA DE GARVET,64114,SIN NOMBRE
64112,REC DE LA ROQUETA,64113,SIN NOMBRE
64113,SIN NOMBRE,64113,SIN NOMBRE
64114,SIN NOMBRE,64114,SIN NOMBRE
64115,RIBERA DE MOLINAS,64122,SIN NOMBRE
64122,SIN NOMBRE,64122,SIN NOMBRE
64124,REC DE SANT MIQUEL,64125,SIN NOMBRE
64125,SIN NOMBRE,64125,SIN NOMBRE
64126,TORRENT DE L'INFERN,64128,SIN NOMBRE
64126,TORRENT DE L'INFERN,64129,SIN NOMBRE
64128,SIN NOMBRE,64128,SIN NOMBRE
64129,SIN NOMBRE,64129,SIN NOMBRE
64130,REC DE LA PINEDA,64131,SIN NOMBRE
64131,SIN NOMBRE,64131,SIN NOMBRE
64132,REC DE LA FLORICA,64133,SIN NOMBRE
64132,REC DE LA FLORICA,64134,SIN NOMBRE
64133,SIN NOMBRE,64133,SIN NOMBRE
64134,SIN NOMBRE,64134,SIN NOMBRE
